time_stamp,alt,MODE_AUTO,MODE_LOITER,MODE_RTL,MODE_STABILIZE,vx,vy,vz
12:15:30.874,583940,0,0,0,1,0,0,0
12:15:31.075,583940,0,0,0,1,-1,1,0
12:15:31.279,583940,0,0,0,1,-1,1,0
12:15:31.481,583940,0,0,0,1,-1,1,0
12:15:31.686,583940,0,0,0,1,-1,1,0
12:15:31.887,583940,0,0,0,1,-1,1,0
12:15:32.088,583940,0,0,0,1,-1,1,0
12:15:32.291,583940,0,0,0,1,-1,1,0
12:15:32.492,583940,0,0,0,1,-1,1,0
12:15:32.693,583940,0,0,0,1,-1,1,0
12:15:32.895,583930,0,0,0,1,-1,2,0
12:15:33.096,583930,0,0,0,1,-2,2,0
12:15:33.298,583930,0,0,0,1,-2,2,0
12:15:33.511,583930,0,0,0,1,-2,2,0
12:15:33.714,583930,0,0,0,1,-2,2,0
12:15:33.923,583930,0,0,0,1,-2,2,0
12:15:34.125,583930,0,0,0,1,-2,2,0
12:15:34.333,583930,0,0,0,1,-2,2,0
12:15:34.536,583930,0,0,0,1,-2,2,0
12:15:34.739,583930,0,0,0,1,-2,2,0
12:15:34.948,583930,0,0,0,1,-1,2,0
12:15:35.150,583930,0,0,0,1,-1,2,0
12:15:35.352,583930,0,0,0,1,-1,2,0
12:15:35.556,583930,0,0,0,1,-1,2,0
12:15:35.762,583930,0,0,0,1,-1,2,0
12:15:35.968,583930,0,0,0,1,-1,2,0
12:15:36.176,583930,0,0,0,1,-1,2,0
12:15:36.380,583930,0,0,0,1,-1,2,0
12:15:36.583,583930,0,0,0,1,-1,2,0
12:15:36.792,583930,0,0,0,1,-1,2,0
12:15:36.995,583920,0,0,0,1,-1,0,-2
12:15:37.197,583920,0,0,0,1,-1,0,-2
12:15:37.399,583920,0,0,0,1,-1,0,-2
12:15:37.602,583920,0,0,0,1,-1,0,-2
12:15:37.805,583920,0,0,0,1,-1,0,-2
12:15:38.006,583920,0,0,0,1,-1,0,-2
12:15:38.211,583920,0,0,0,1,-1,0,-2
12:15:38.419,583920,0,0,0,1,-1,0,-2
12:15:38.623,583920,0,0,0,1,-1,0,-2
12:15:38.826,583920,0,0,0,1,-1,0,-2
12:15:39.028,583940,0,0,0,1,-1,0,-1
12:15:39.248,583940,0,0,0,1,-1,0,-1
12:15:39.452,583940,0,0,0,1,-1,0,-1
12:15:39.654,583940,0,0,0,1,-1,0,-1
12:15:39.859,583940,0,0,0,1,-1,0,-1
12:15:40.064,583940,0,0,0,1,-1,0,-1
12:15:40.268,583940,0,0,0,1,-1,0,-1
12:15:40.472,583940,0,0,0,1,-1,0,-1
12:15:40.674,583940,0,0,0,1,-1,1,0
12:15:40.879,583940,0,0,0,1,-1,1,0
12:15:41.081,583940,0,0,0,1,-1,1,0
12:15:41.286,583940,0,0,0,1,-1,1,0
12:15:41.495,583940,0,0,0,1,-1,1,0
12:15:41.700,583940,0,0,0,1,-1,1,0
12:15:41.902,583940,0,0,0,1,-1,1,0
12:15:42.105,583940,0,0,0,1,-1,1,0
12:15:42.311,583940,0,0,0,1,-1,1,0
12:15:42.517,583940,0,0,0,1,-1,1,0
12:15:42.725,583930,0,0,0,1,-1,1,0
12:15:42.931,583930,0,0,0,1,-1,1,0
12:15:43.135,583930,0,0,0,1,-1,1,0
12:15:43.337,583930,0,0,0,1,-1,1,0
12:15:43.543,583930,0,0,0,1,-1,1,0
12:15:43.747,583930,0,0,0,1,-1,1,0
12:15:43.955,583930,0,0,0,1,-1,1,0
12:15:44.158,583930,0,0,0,1,-1,1,0
12:15:44.361,583930,0,0,0,1,-1,1,0
12:15:44.565,583930,0,0,0,1,-1,1,0
12:15:44.768,583930,0,0,0,1,-1,0,-2
12:15:44.971,583940,0,0,0,1,-1,0,-2
12:15:45.173,583940,0,0,0,1,-1,0,-2
12:15:45.375,583940,0,0,0,1,-1,0,-2
12:15:45.587,583940,0,0,0,1,-1,0,-2
12:15:45.791,583940,0,0,0,1,-1,0,-2
12:15:46.000,583940,0,0,0,1,-1,0,-2
12:15:46.203,583940,0,0,0,1,-1,0,-2
12:15:46.413,583940,0,0,0,1,-1,0,-2
12:15:46.622,583940,0,0,0,1,-1,0,-2
12:15:46.826,583940,0,0,0,1,-1,0,-2
12:15:47.029,583940,0,0,0,1,-1,0,-2
12:15:47.231,583940,0,0,0,1,-1,0,-2
12:15:47.434,583940,0,0,0,1,-1,0,-2
12:15:47.641,583940,0,0,0,1,-1,0,-2
12:15:47.847,583940,0,0,0,1,-1,0,-2
12:15:48.056,583940,0,0,0,1,-1,0,-2
12:15:48.263,583940,0,0,0,1,-1,0,-2
12:15:48.465,583940,0,0,0,1,-1,0,-2
12:15:48.668,583940,0,0,0,1,-1,0,-2
12:15:48.870,583920,0,0,0,1,-1,2,1
12:15:49.074,583920,0,0,0,1,-1,2,1
12:15:49.276,583920,0,0,0,1,-1,2,1
12:15:49.480,583920,0,0,0,1,-1,2,1
12:15:49.694,583920,0,0,0,1,-1,2,1
12:15:49.904,583920,0,0,0,1,-1,2,1
12:15:50.107,583920,0,0,0,1,-1,2,1
12:15:50.311,583920,0,0,0,1,-1,2,1
12:15:50.516,583920,0,0,0,1,-1,2,1
12:15:50.720,583920,0,0,0,1,-1,2,1
12:15:50.923,583910,1,0,0,0,-1,1,1
12:15:51.125,583910,1,0,0,0,-1,3,3
12:15:51.328,583910,1,0,0,0,-1,3,3
12:15:51.530,583910,1,0,0,0,-1,3,3
12:15:51.733,583910,1,0,0,0,-1,3,3
12:15:51.939,583910,1,0,0,0,-1,3,3
12:15:52.141,583910,1,0,0,0,-1,3,3
12:15:52.345,583910,1,0,0,0,-1,3,3
12:15:52.548,583910,1,0,0,0,-1,3,3
12:15:52.752,583900,1,0,0,0,0,0,3
12:15:52.955,583890,1,0,0,0,0,0,2
12:15:53.157,583890,1,0,0,0,0,0,2
12:15:53.361,583890,1,0,0,0,0,0,2
12:15:53.570,583890,1,0,0,0,0,0,2
12:15:53.774,583890,1,0,0,0,0,0,2
12:15:53.977,583890,1,0,0,0,0,0,2
12:15:54.180,583890,1,0,0,0,0,0,2
12:15:55.815,583890,1,0,0,0,0,0,2
12:15:56.018,583890,1,0,0,0,0,0,2
12:15:56.220,583890,1,0,0,0,0,0,1
12:15:56.423,584070,1,0,0,0,0,0,-67
12:15:56.627,584070,1,0,0,0,0,0,-67
12:15:56.829,584070,1,0,0,0,0,0,-67
12:15:57.032,584070,1,0,0,0,0,0,-67
12:15:57.236,584070,1,0,0,0,0,0,-67
12:15:57.440,584070,1,0,0,0,0,0,-67
12:15:57.645,584070,1,0,0,0,0,0,-67
12:15:57.851,584070,1,0,0,0,0,0,-67
12:15:58.056,584070,1,0,0,0,0,0,-67
12:15:58.260,586410,1,0,0,0,5,28,-147
12:15:58.463,586800,1,0,0,0,8,40,-147
12:15:58.667,586800,1,0,0,0,8,40,-147
12:15:58.870,586800,1,0,0,0,8,40,-147
12:15:59.074,586800,1,0,0,0,8,40,-147
12:15:59.278,586800,1,0,0,0,8,40,-147
12:15:59.483,586800,1,0,0,0,8,40,-147
12:15:59.686,586800,1,0,0,0,8,40,-147
12:15:59.889,586800,1,0,0,0,8,40,-147
12:16:00.091,586800,1,0,0,0,8,40,-147
12:16:00.295,589090,1,0,0,0,-3,13,-149
12:16:00.497,589860,1,0,0,0,-3,-22,-148
12:16:00.699,589860,1,0,0,0,-3,-22,-148
12:16:00.902,589860,1,0,0,0,-3,-22,-148
12:16:01.108,589860,1,0,0,0,-3,-22,-148
12:16:01.312,589860,1,0,0,0,-3,-22,-148
12:16:01.514,589860,1,0,0,0,-3,-22,-148
12:16:01.717,589860,1,0,0,0,-3,-22,-148
12:16:01.921,589860,1,0,0,0,-3,-22,-148
12:16:02.126,591010,1,0,0,0,-2,-56,-149
12:16:02.328,592570,1,0,0,0,-7,-44,-152
12:16:02.532,592970,1,0,0,0,-8,-31,-153
12:16:02.735,592970,1,0,0,0,-8,-31,-153
12:16:02.940,592970,1,0,0,0,-8,-31,-153
12:16:03.143,592970,1,0,0,0,-8,-31,-153
12:16:03.346,592970,1,0,0,0,-8,-31,-153
12:16:03.554,592970,1,0,0,0,-8,-31,-153
12:16:03.759,592970,1,0,0,0,-8,-31,-153
12:16:03.961,592970,1,0,0,0,-8,-31,-153
12:16:04.170,594760,1,0,0,0,-1,20,-149
12:16:04.373,595530,1,0,0,0,3,15,-150
12:16:04.575,595920,1,0,0,0,4,10,-151
12:16:04.779,595920,1,0,0,0,4,10,-151
12:16:04.985,595920,1,0,0,0,4,10,-151
12:16:05.187,595920,1,0,0,0,4,10,-151
12:16:05.390,595920,1,0,0,0,4,10,-151
12:16:05.595,595920,1,0,0,0,4,10,-151
12:16:05.800,595920,1,0,0,0,4,10,-151
12:16:06.007,595920,1,0,0,0,4,10,-151
12:16:06.211,598660,1,0,0,0,1,-5,-153
12:16:06.415,599050,1,0,0,0,0,-3,-153
12:16:06.617,599050,1,0,0,0,0,-3,-153
12:16:06.820,599050,1,0,0,0,0,-3,-153
12:16:07.023,599050,1,0,0,0,0,-3,-153
12:16:07.225,599050,1,0,0,0,0,-3,-153
12:16:07.429,599050,1,0,0,0,0,-3,-153
12:16:07.632,599050,1,0,0,0,0,-3,-153
12:16:07.836,599050,1,0,0,0,0,-3,-153
12:16:08.039,599050,1,0,0,0,0,-3,-153
12:16:08.245,601000,1,0,0,0,-3,4,-152
12:16:08.449,602180,1,0,0,0,-3,6,-153
12:16:08.651,602180,1,0,0,0,-3,6,-153
12:16:08.855,602180,1,0,0,0,-3,6,-153
12:16:09.058,602180,1,0,0,0,-3,6,-153
12:16:09.266,602180,1,0,0,0,-3,6,-153
12:16:09.468,602180,1,0,0,0,-3,6,-153
12:16:09.671,602180,1,0,0,0,-3,6,-153
12:16:09.875,602180,1,0,0,0,-3,6,-153
12:16:10.081,602180,1,0,0,0,-3,6,-153
12:16:10.282,604910,1,0,0,0,-3,4,-153
12:16:10.486,605300,1,0,0,0,-3,4,-153
12:16:10.687,605300,1,0,0,0,-3,4,-153
12:16:10.894,605300,1,0,0,0,-3,4,-153
12:16:11.096,605300,1,0,0,0,-3,4,-153
12:16:11.299,605300,1,0,0,0,-3,4,-153
12:16:11.509,605300,1,0,0,0,-3,4,-153
12:16:11.713,605300,1,0,0,0,-3,4,-153
12:16:11.915,605300,1,0,0,0,-3,4,-153
12:16:12.119,606480,1,0,0,0,-2,3,-153
12:16:12.324,608040,1,0,0,0,-2,3,-153
12:16:12.526,608450,1,0,0,0,-2,3,-153
12:16:12.732,608450,1,0,0,0,-2,3,-153
12:16:12.941,608450,1,0,0,0,-2,3,-153
12:16:13.144,608450,1,0,0,0,-2,3,-153
12:16:13.346,608450,1,0,0,0,-2,3,-153
12:16:13.554,608450,1,0,0,0,-2,3,-153
12:16:13.757,608450,1,0,0,0,-2,3,-153
12:16:13.964,608450,1,0,0,0,-2,3,-153
12:16:14.166,610780,1,0,0,0,-5,3,-153
12:16:14.370,611170,1,0,0,0,-5,3,-153
12:16:14.572,611550,1,0,0,0,-5,2,-153
12:16:14.775,611550,1,0,0,0,-5,2,-153
12:16:14.983,611550,1,0,0,0,-5,2,-153
12:16:15.186,611550,1,0,0,0,-5,2,-153
12:16:15.389,611550,1,0,0,0,-5,2,-153
12:16:15.597,611550,1,0,0,0,-5,2,-153
12:16:15.801,611550,1,0,0,0,-5,2,-153
12:16:16.004,611550,1,0,0,0,-5,2,-153
12:16:16.208,613100,1,0,0,0,-3,1,-154
12:16:16.410,614260,1,0,0,0,8,11,-152
12:16:16.612,614640,1,0,0,0,11,14,-151
12:16:16.815,614640,1,0,0,0,11,14,-151
12:16:17.019,614640,1,0,0,0,11,14,-151
12:16:17.225,614640,1,0,0,0,11,14,-151
12:16:17.431,614640,1,0,0,0,11,14,-151
12:16:17.640,614640,1,0,0,0,11,14,-151
12:16:17.844,614640,1,0,0,0,11,14,-151
12:16:18.047,614640,1,0,0,0,11,14,-151
12:16:18.249,615790,1,0,0,0,13,17,-151
12:16:18.451,617340,0,1,0,0,3,10,-152
12:16:18.656,617730,0,1,0,0,0,8,-152
12:16:18.861,617730,0,1,0,0,0,8,-152
12:16:19.070,617730,0,1,0,0,0,8,-152
12:16:19.276,617730,0,1,0,0,0,8,-152
12:16:19.478,617730,0,1,0,0,0,8,-152
12:16:19.680,617730,0,1,0,0,0,8,-152
12:16:19.883,617730,0,1,0,0,0,8,-152
12:16:20.087,617730,0,1,0,0,0,8,-152
12:16:20.289,619620,0,1,0,0,-38,-167,35
12:16:20.494,619270,0,1,0,0,-36,-283,149
12:16:20.697,619270,0,1,0,0,-36,-283,149
12:16:20.900,619270,0,1,0,0,-36,-283,149
12:16:21.107,619270,0,1,0,0,-36,-283,149
12:16:21.311,619270,0,1,0,0,-36,-283,149
12:16:21.515,619270,0,1,0,0,-36,-283,149
12:16:21.720,619270,0,1,0,0,-36,-283,149
12:16:21.922,619270,0,1,0,0,-36,-283,149
12:16:22.124,619270,0,1,0,0,-36,-283,149
12:16:22.328,616530,0,1,0,0,141,-109,143
12:16:22.531,615750,0,0,0,0,71,-6,116
12:16:22.733,615750,0,0,0,0,71,-6,116
12:16:22.940,615750,0,0,0,0,71,-6,116
12:16:23.142,615750,0,0,0,0,71,-6,116
12:16:23.345,615750,0,0,0,0,71,-6,116
12:16:23.549,615750,0,0,0,0,71,-6,116
12:16:23.752,615750,0,0,0,0,71,-6,116
12:16:23.954,615750,0,0,0,0,71,-6,116
12:16:24.158,615750,0,0,0,0,71,-6,116
12:16:24.361,614540,0,0,0,0,129,78,-15
12:16:24.567,614570,0,0,0,0,134,60,-23
12:16:24.772,614570,0,0,0,0,134,60,-23
12:16:24.974,614570,0,0,0,0,134,60,-23
12:16:25.177,614570,0,0,0,0,134,60,-23
12:16:25.382,614570,0,0,0,0,134,60,-23
12:16:25.584,614570,0,0,0,0,134,60,-23
12:16:25.787,614570,0,0,0,0,134,60,-23
12:16:26.001,614570,0,0,0,0,134,60,-23
12:16:26.204,614730,0,0,0,0,101,70,-28
12:16:26.410,614710,0,0,0,0,95,74,-21
12:16:26.612,614730,0,0,0,0,91,70,-10
12:16:26.817,614730,0,0,0,0,91,70,-10
12:16:27.021,614730,0,0,0,0,91,70,-10
12:16:27.227,614730,0,0,0,0,91,70,-10
12:16:27.430,614730,0,0,0,0,91,70,-10
12:16:27.639,614730,0,0,0,0,91,70,-10
12:16:27.842,614730,0,0,0,0,91,70,-10
12:16:29.492,614730,0,0,0,0,91,70,-10
12:16:29.695,613970,0,0,0,0,95,62,92
12:16:29.900,613400,0,0,0,0,93,47,124
12:16:30.106,613400,0,0,0,0,93,47,124
12:16:30.309,613400,0,0,0,0,93,47,124
12:16:30.513,613400,0,0,0,0,93,47,124
12:16:30.717,613400,0,0,0,0,93,47,124
12:16:30.922,613400,0,0,0,0,93,47,124
12:16:31.125,613400,0,0,0,0,93,47,124
12:16:31.330,613400,0,0,0,0,93,47,124
12:16:31.538,613400,0,0,0,0,93,47,124
12:16:31.747,610870,0,0,0,0,78,15,191
12:16:31.950,609680,0,0,0,0,70,14,200
12:16:32.153,609680,0,0,0,0,70,14,200
12:16:32.357,609680,0,0,0,0,70,14,200
12:16:32.562,609680,0,0,0,0,70,14,200
12:16:32.766,609680,0,0,0,0,70,14,200
12:16:32.972,609680,0,0,0,0,70,14,200
12:16:33.174,609680,0,0,0,0,70,14,200
12:16:33.381,609680,0,0,0,0,70,14,200
12:16:33.583,607970,0,0,0,0,80,4,223
12:16:33.787,605060,0,0,0,0,98,-6,240
12:16:33.990,604490,0,0,0,0,99,-13,231
12:16:34.195,604490,0,0,0,0,99,-13,231
12:16:34.400,604490,0,0,0,0,99,-13,231
12:16:34.603,604490,0,0,0,0,99,-13,231
12:16:34.810,604490,0,0,0,0,99,-13,231
12:16:35.012,604490,0,0,0,0,99,-13,231
12:16:35.215,604490,0,0,0,0,99,-13,231
12:16:35.417,604490,0,0,0,0,99,-13,231
12:16:35.621,601650,0,0,0,0,89,-16,237
12:16:35.825,600510,0,0,0,0,91,-13,242
12:16:36.028,599980,0,0,0,0,87,-28,243
12:16:36.231,599980,0,0,0,0,87,-28,243
12:16:36.434,599980,0,0,0,0,87,-28,243
12:16:36.639,599980,0,0,0,0,87,-28,243
12:16:36.845,599980,0,0,0,0,87,-28,243
12:16:37.051,599980,0,0,0,0,87,-28,243
12:16:37.256,599980,0,0,0,0,87,-28,243
12:16:37.460,599980,0,0,0,0,87,-28,243
12:16:37.663,598290,0,0,0,0,105,-29,242
12:16:37.868,596150,0,0,0,0,159,22,221
12:16:38.071,595610,0,0,0,0,152,28,211
12:16:38.273,595610,0,0,0,0,152,28,211
12:16:38.477,595610,0,0,0,0,152,28,211
12:16:38.682,595610,0,0,0,0,152,28,211
12:16:38.887,595610,0,0,0,0,152,28,211
12:16:39.092,595610,0,0,0,0,152,28,211
12:16:39.297,595610,0,0,0,0,152,28,211
12:16:39.502,593770,0,0,0,0,131,27,150
12:16:39.706,593070,0,0,0,0,141,22,65
12:16:39.909,593070,0,0,0,0,141,22,65
12:16:40.113,592940,0,0,0,0,141,20,50
12:16:40.316,592940,0,0,0,0,141,20,50
12:16:40.519,592940,0,0,0,0,141,20,50
12:16:40.727,592940,0,0,0,0,141,20,50
12:16:40.932,592940,0,0,0,0,141,20,50
12:16:41.136,592940,0,0,0,0,141,20,50
12:16:41.340,592940,0,0,0,0,141,20,50
12:16:41.547,592940,0,0,0,0,141,20,50
12:16:41.754,592940,0,0,0,0,141,20,50
12:16:41.961,592680,0,0,0,0,22,21,16
12:16:42.170,592640,0,0,0,0,12,20,13
12:16:42.378,592640,0,0,0,0,12,20,13
12:16:42.589,592640,0,0,0,0,12,20,13
12:16:42.791,592640,0,0,0,0,12,20,13
12:16:42.995,592640,0,0,0,0,12,20,13
12:16:43.200,592640,0,0,0,0,12,20,13
12:16:43.404,592640,0,0,0,0,12,20,13
12:16:43.607,592580,0,0,0,0,14,8,15
12:16:43.809,592510,0,0,0,0,21,8,12
12:16:44.014,592480,1,0,0,0,24,10,15
12:16:44.217,592480,1,0,0,0,24,10,15
12:16:44.424,592480,1,0,0,0,24,10,15
12:16:44.629,592480,1,0,0,0,24,10,15
12:16:44.834,592480,1,0,0,0,24,10,15
12:16:45.039,592480,1,0,0,0,24,10,15
12:16:45.242,592480,1,0,0,0,24,10,15
12:16:45.447,592480,1,0,0,0,24,10,15
12:16:45.650,592290,1,0,0,0,7,-21,-12
12:16:45.853,592410,1,0,0,0,-35,-71,-33
12:16:46.056,592510,1,0,0,0,-50,-75,-40
12:16:46.258,592510,1,0,0,0,-50,-75,-40
12:16:46.463,592510,1,0,0,0,-50,-75,-40
12:16:46.667,592510,1,0,0,0,-50,-75,-40
12:16:46.873,592510,1,0,0,0,-50,-75,-40
12:16:47.076,592510,1,0,0,0,-50,-75,-40
12:16:47.281,592510,1,0,0,0,-50,-75,-40
12:16:47.485,592510,1,0,0,0,-50,-75,-40
12:16:47.689,594010,1,0,0,0,-84,15,-77
12:16:47.893,594640,1,0,0,0,-55,42,-98
12:16:48.096,594850,1,0,0,0,-43,49,-109
12:16:48.300,594850,1,0,0,0,-43,49,-109
12:16:48.504,594850,1,0,0,0,-43,49,-109
12:16:48.707,594850,1,0,0,0,-43,49,-109
12:16:48.911,594850,1,0,0,0,-43,49,-109
12:16:49.114,594850,1,0,0,0,-43,49,-109
12:16:49.319,594850,1,0,0,0,-43,49,-109
12:16:49.523,594850,1,0,0,0,-43,49,-109
12:16:49.726,596660,1,0,0,0,14,25,-156
12:16:49.929,597450,1,0,0,0,31,28,-156
12:16:50.132,597450,1,0,0,0,31,28,-156
12:16:50.335,597450,1,0,0,0,31,28,-156
12:16:50.540,597450,1,0,0,0,31,28,-156
12:16:50.742,597450,1,0,0,0,31,28,-156
12:16:50.945,597450,1,0,0,0,31,28,-156
12:16:51.147,597450,1,0,0,0,31,28,-156
12:16:51.350,597450,1,0,0,0,31,28,-156
12:16:51.552,597450,1,0,0,0,31,28,-156
12:16:51.758,599020,1,0,0,0,9,17,-158
12:16:51.960,600610,0,1,0,0,-74,-12,-155
12:16:52.163,600610,0,1,0,0,-74,-12,-155
12:16:52.365,600610,0,1,0,0,-74,-12,-155
12:16:52.569,600610,0,1,0,0,-74,-12,-155
12:16:52.772,600610,0,1,0,0,-74,-12,-155
12:16:52.977,600610,0,1,0,0,-74,-12,-155
12:16:53.180,600610,0,1,0,0,-74,-12,-155
12:16:53.382,600610,0,1,0,0,-74,-12,-155
12:16:53.588,600610,0,1,0,0,-74,-12,-155
12:16:53.790,602940,0,1,0,0,-61,-145,-122
12:16:53.994,603030,0,1,0,0,-40,-114,-112
12:16:54.196,603030,0,1,0,0,-40,-114,-112
12:16:54.399,603030,0,1,0,0,-40,-114,-112
12:16:54.603,603030,0,1,0,0,-40,-114,-112
12:16:54.810,603030,0,1,0,0,-40,-114,-112
12:16:55.015,603030,0,1,0,0,-40,-114,-112
12:16:55.225,603030,0,1,0,0,-40,-114,-112
12:16:55.431,603030,0,1,0,0,-40,-114,-112
12:16:55.634,602970,0,1,0,0,8,147,220
12:16:55.843,602310,1,0,0,0,0,125,269
12:16:56.046,601610,1,0,0,0,-14,91,287
12:16:56.249,601610,1,0,0,0,-14,91,287
12:16:56.457,601610,1,0,0,0,-14,91,287
12:16:56.663,601610,1,0,0,0,-14,91,287
12:16:56.867,601610,1,0,0,0,-14,91,287
12:16:57.069,601610,1,0,0,0,-14,91,287
12:16:57.272,601610,1,0,0,0,-14,91,287
12:16:57.475,601610,1,0,0,0,-14,91,287
12:16:57.682,601610,1,0,0,0,-14,91,287
12:16:57.887,598300,1,0,0,0,-11,25,180
12:16:58.090,597430,0,0,0,0,-1,21,83
12:16:58.293,597430,0,0,0,0,-1,21,83
12:16:58.494,597430,0,0,0,0,-1,21,83
12:16:58.702,597430,0,0,0,0,-1,21,83
12:16:58.911,597430,0,0,0,0,-1,21,83
12:16:59.115,597430,0,0,0,0,-1,21,83
12:16:59.318,597430,0,0,0,0,-1,21,83
12:16:59.520,597430,0,0,0,0,-1,21,83
12:16:59.725,597430,0,0,0,0,-1,21,83
12:16:59.929,596390,0,0,0,0,9,14,15
12:17:00.139,596360,0,0,0,0,10,13,-6
12:17:00.342,596360,0,0,0,0,10,13,-6
12:17:00.553,596360,0,0,0,0,10,13,-6
12:17:00.757,596360,0,0,0,0,10,13,-6
12:17:00.963,596360,0,0,0,0,10,13,-6
12:17:01.168,596360,0,0,0,0,10,13,-6
12:17:01.373,596360,0,0,0,0,10,13,-6
12:17:01.577,596360,0,0,0,0,10,13,-6
12:17:03.277,596710,0,0,0,0,20,-18,0
12:17:03.479,596610,0,0,0,0,20,-21,7
12:17:03.682,596680,0,0,0,0,22,-32,13
12:17:03.889,596680,0,0,0,0,22,-32,13
12:17:04.094,596680,0,0,0,0,22,-32,13
12:17:04.296,596680,0,0,0,0,22,-32,13
12:17:04.502,596680,0,0,0,0,22,-32,13
12:17:04.704,596680,0,0,0,0,22,-32,13
12:17:04.909,596680,0,0,0,0,22,-32,13
12:17:05.112,596680,0,0,0,0,22,-32,13
12:17:05.323,595600,0,0,0,0,-9,-29,141
12:17:05.526,595270,0,1,0,0,-10,-32,151
12:17:05.739,595270,0,1,0,0,-10,-32,151
12:17:05.946,595270,0,1,0,0,-10,-32,151
12:17:06.152,595270,0,1,0,0,-10,-32,151
12:17:06.356,595270,0,1,0,0,-10,-32,151
12:17:06.563,595270,0,1,0,0,-10,-32,151
12:17:06.768,595270,0,1,0,0,-10,-32,151
12:17:06.971,595270,0,1,0,0,-10,-32,151
12:17:07.175,593480,0,1,0,0,-4,7,190
12:17:07.377,592580,0,1,0,0,-6,26,180
12:17:07.579,592130,0,1,0,0,-8,35,176
12:17:07.782,592130,0,1,0,0,-8,35,176
12:17:07.986,592130,0,0,0,0,-8,35,176
12:17:08.190,592130,0,0,0,0,-8,35,176
12:17:08.393,592130,0,0,0,0,-8,35,176
12:17:08.598,592130,0,0,0,0,-8,35,176
12:17:08.807,592130,0,0,0,0,-8,35,176
12:17:09.011,592130,0,0,0,0,-8,35,176
12:17:09.215,592130,0,0,0,0,-8,35,176
12:17:09.417,590090,0,0,0,0,-23,103,103
12:17:09.622,589640,0,0,0,0,-18,74,72
12:17:09.826,589640,0,0,0,0,-18,74,72
12:17:10.029,589640,0,0,0,0,-18,74,72
12:17:10.233,589640,0,0,0,0,-18,74,72
12:17:10.444,589640,0,0,0,0,-18,74,72
12:17:10.650,589640,0,0,0,0,-18,74,72
12:17:10.854,589640,0,0,0,0,-18,74,72
12:17:11.058,589640,0,0,0,0,-18,74,72
12:17:11.262,589220,0,0,0,0,-7,18,31
12:17:11.464,589430,1,0,0,0,0,-3,-23
12:17:11.668,589430,1,0,0,0,0,-3,-23
12:17:11.872,589430,1,0,0,0,0,-3,-23
12:17:12.078,589430,1,0,0,0,0,-3,-23
12:17:12.282,589430,1,0,0,0,0,-3,-23
12:17:12.485,589430,1,0,0,0,0,-3,-23
12:17:12.693,589430,1,0,0,0,0,-3,-23
12:17:12.898,589430,1,0,0,0,0,-3,-23
12:17:13.104,589960,1,0,0,0,-6,68,-41
12:17:13.308,590450,1,0,0,0,-25,262,-95
12:17:13.510,590550,1,0,0,0,-25,283,-112
12:17:13.712,590550,1,0,0,0,-25,283,-112
12:17:13.917,590550,1,0,0,0,-25,283,-112
12:17:14.123,590550,1,0,0,0,-25,283,-112
12:17:14.328,590550,1,0,0,0,-25,283,-112
12:17:14.532,590550,1,0,0,0,-25,283,-112
12:17:14.738,590550,1,0,0,0,-25,283,-112
12:17:14.941,590550,1,0,0,0,-25,283,-112
12:17:15.147,591050,1,0,0,0,-5,294,-136
12:17:15.354,592040,1,0,0,0,72,95,-142
12:17:15.559,592250,1,0,0,0,89,17,-117
12:17:15.764,592250,1,0,0,0,89,17,-117
12:17:15.970,592250,1,0,0,0,89,17,-117
12:17:16.172,592250,1,0,0,0,89,17,-117
12:17:16.378,592250,1,0,0,0,89,17,-117
12:17:16.582,592250,1,0,0,0,89,17,-117
12:17:16.786,592250,1,0,0,0,89,17,-117
12:17:16.988,592250,1,0,0,0,89,17,-117
12:17:17.195,592670,1,0,0,0,35,-315,-13
12:17:17.398,593680,1,0,0,0,-120,-339,-146
12:17:17.601,594220,1,0,0,0,-152,-234,-174
12:17:17.803,594220,1,0,0,0,-152,-234,-174
12:17:18.006,594220,1,0,0,0,-152,-234,-174
12:17:18.211,594220,1,0,0,0,-152,-234,-174
12:17:18.413,594220,1,0,0,0,-152,-234,-174
12:17:18.617,594220,1,0,0,0,-152,-234,-174
12:17:18.821,594220,1,0,0,0,-152,-234,-174
12:17:19.023,594220,1,0,0,0,-152,-234,-174
12:17:19.227,594220,1,0,0,0,-152,-234,-174
12:17:19.433,596920,1,0,0,0,-5,276,-109
12:17:19.636,597470,1,0,0,0,157,296,-80
12:17:19.839,597470,1,0,0,0,157,296,-80
12:17:20.041,597470,1,0,0,0,157,296,-80
12:17:20.246,597470,1,0,0,0,157,296,-80
12:17:20.449,597470,1,0,0,0,157,296,-80
12:17:20.652,597470,1,0,0,0,157,296,-80
12:17:20.856,597470,1,0,0,0,157,296,-80
12:17:21.063,597470,1,0,0,0,157,296,-80
12:17:21.266,598210,1,0,0,0,357,150,-133
12:17:21.470,598820,1,0,0,0,327,31,-154
12:17:21.672,598820,1,0,0,0,327,31,-154
12:17:21.875,598820,1,0,0,0,327,31,-154
12:17:22.079,598820,1,0,0,0,327,31,-154
12:17:22.282,598820,1,0,0,0,327,31,-154
12:17:22.485,598820,1,0,0,0,327,31,-154
12:17:22.689,598820,1,0,0,0,327,31,-154
12:17:22.895,598820,1,0,0,0,327,31,-154
12:17:23.100,599950,1,0,0,0,210,-144,-153
12:17:23.302,601190,1,0,0,0,-40,-286,-104
12:17:23.505,601390,1,0,0,0,-114,-296,-85
12:17:23.710,601390,1,0,0,0,-114,-296,-85
12:17:23.913,601390,1,0,0,0,-114,-296,-85
12:17:24.117,601390,1,0,0,0,-114,-296,-85
12:17:24.319,601390,1,0,0,0,-114,-296,-85
12:17:24.522,601390,1,0,0,0,-114,-296,-85
12:17:24.726,601390,1,0,0,0,-114,-296,-85
12:17:24.932,601390,1,0,0,0,-114,-296,-85
12:17:25.136,601990,1,0,0,0,-401,-174,-33
12:17:25.341,602380,0,1,0,0,-488,38,-50
12:17:25.544,602560,0,1,0,0,-474,113,-71
12:17:25.751,602560,0,1,0,0,-474,113,-71
12:17:25.955,602560,0,1,0,0,-474,113,-71
12:17:26.161,602560,0,1,0,0,-474,113,-71
12:17:26.370,602560,0,1,0,0,-474,113,-71
12:17:26.575,602560,0,1,0,0,-474,113,-71
12:17:26.779,602560,0,1,0,0,-474,113,-71
12:17:26.983,602560,0,1,0,0,-474,113,-71
12:17:27.185,602560,0,1,0,0,-474,113,-71
12:17:27.388,604260,0,1,0,0,-187,4,38
12:17:27.591,604040,0,1,0,0,-174,-48,103
12:17:27.793,604040,0,1,0,0,-174,-48,103
12:17:28.002,604040,0,1,0,0,-174,-48,103
12:17:28.207,604040,0,1,0,0,-174,-48,103
12:17:28.409,604040,0,1,0,0,-174,-48,103
12:17:28.612,604040,0,1,0,0,-174,-48,103
12:17:28.817,604040,0,1,0,0,-174,-48,103
12:17:29.023,604040,0,1,0,0,-174,-48,103
12:17:29.227,602100,0,1,0,0,-59,-61,204
12:17:29.431,600480,0,0,0,0,99,35,91
12:17:29.634,600290,0,0,0,0,147,90,11
12:17:29.838,600290,0,0,0,0,147,90,11
12:17:30.041,600290,0,0,0,0,147,90,11
12:17:30.250,600290,0,0,0,0,147,90,11
12:17:30.454,600290,0,0,0,0,147,90,11
12:17:30.662,600290,0,0,0,0,147,90,11
12:17:30.868,600290,0,0,0,0,147,90,11
12:17:31.075,600290,0,0,0,0,147,90,11
12:17:31.281,600290,0,0,0,0,147,90,11
12:17:31.483,601050,1,0,0,0,184,250,-6
12:17:31.687,601150,1,0,0,0,202,223,-3
12:17:31.896,601150,1,0,0,0,202,223,-3
12:17:32.101,601150,1,0,0,0,202,223,-3
12:17:32.305,601150,1,0,0,0,202,223,-3
12:17:32.512,601150,1,0,0,0,202,223,-3
12:17:32.716,601150,1,0,0,0,202,223,-3
12:17:32.920,601150,1,0,0,0,202,223,-3
12:17:33.129,601150,1,0,0,0,202,223,-3
12:17:33.331,601340,1,0,0,0,121,118,-40
12:17:33.544,602390,1,0,0,0,-26,13,-104
12:17:33.751,602390,1,0,0,0,-26,13,-104
12:17:33.956,602390,1,0,0,0,-26,13,-104
12:17:34.164,602390,1,0,0,0,-26,13,-104
12:17:34.367,602390,1,0,0,0,-26,13,-104
12:17:34.570,602390,1,0,0,0,-26,13,-104
12:17:34.774,602390,1,0,0,0,-26,13,-104
12:17:34.977,602390,1,0,0,0,-26,13,-104
12:17:35.184,602390,1,0,0,0,-26,13,-104
12:17:35.390,604950,1,0,0,0,-34,-89,-150
12:17:37.085,605290,1,0,0,0,-36,-96,-150
12:17:37.287,605290,1,0,0,0,-36,-96,-150
12:17:37.492,605290,1,0,0,0,-36,-96,-150
12:17:37.697,605290,1,0,0,0,-36,-96,-150
12:17:37.900,605290,1,0,0,0,-36,-96,-150
12:17:38.104,605290,1,0,0,0,-36,-96,-150
12:17:38.311,605290,1,0,0,0,-36,-96,-150
12:17:38.513,605290,1,0,0,0,-36,-96,-150
12:17:38.716,606750,1,0,0,0,-3,-85,-152
12:17:38.919,607890,1,0,0,0,75,3,-138
12:17:39.122,608280,1,0,0,0,103,44,-127
12:17:39.328,608280,1,0,0,0,103,44,-127
12:17:39.533,608280,1,0,0,0,103,44,-127
12:17:39.738,608280,1,0,0,0,103,44,-127
12:17:39.942,608280,1,0,0,0,103,44,-127
12:17:40.154,608280,1,0,0,0,103,44,-127
12:17:40.357,608280,1,0,0,0,103,44,-127
12:17:40.560,608280,1,0,0,0,103,44,-127
12:17:40.764,608280,1,0,0,0,103,44,-127
12:17:40.969,610400,1,0,0,0,173,375,-132
12:17:41.173,610630,1,0,0,0,160,381,-146
12:17:41.377,610630,1,0,0,0,160,381,-146
12:17:41.582,610630,1,0,0,0,160,381,-146
12:17:41.791,610630,1,0,0,0,160,381,-146
12:17:41.996,610630,1,0,0,0,160,381,-146
12:17:42.199,610630,1,0,0,0,160,381,-146
12:17:42.401,610630,1,0,0,0,160,381,-146
12:17:42.604,610630,1,0,0,0,160,381,-146
12:17:42.808,611770,1,0,0,0,109,267,-174
12:17:43.013,613380,1,0,0,0,12,84,-159
12:17:43.217,613380,1,0,0,0,12,84,-159
12:17:43.424,613380,1,0,0,0,12,84,-159
12:17:43.630,613380,1,0,0,0,12,84,-159
12:17:43.838,613380,1,0,0,0,12,84,-159
12:17:44.045,613380,1,0,0,0,12,84,-159
12:17:44.249,613380,1,0,0,0,12,84,-159
12:17:44.455,613380,1,0,0,0,12,84,-159
12:17:44.663,615250,1,0,0,0,-72,-99,-130
12:17:44.872,615930,0,1,0,0,-101,-153,-121
12:17:45.075,616260,0,1,0,0,-115,-175,-120
12:17:45.279,616260,0,1,0,0,-115,-175,-120
12:17:45.484,616260,0,1,0,0,-115,-175,-120
12:17:45.689,616260,0,1,0,0,-115,-175,-120
12:17:45.895,616260,0,1,0,0,-115,-175,-120
12:17:46.100,616260,0,1,0,0,-115,-175,-120
12:17:46.304,616260,0,1,0,0,-115,-175,-120
12:17:46.508,616260,0,1,0,0,-115,-175,-120
12:17:46.712,616260,0,1,0,0,-115,-175,-120
12:17:46.916,618510,0,1,0,0,-51,-151,-22
12:17:47.120,618540,0,1,0,0,-55,-138,24
12:17:47.325,618540,0,1,0,0,-55,-138,24
12:17:47.528,618540,0,1,0,0,-55,-138,24
12:17:47.731,618540,0,1,0,0,-55,-138,24
12:17:47.935,618540,0,1,0,0,-55,-138,24
12:17:48.137,618540,0,1,0,0,-55,-138,24
12:17:48.342,618540,0,1,0,0,-55,-138,24
12:17:48.549,618540,0,1,0,0,-55,-138,24
12:17:48.752,616110,0,1,0,0,48,119,209
12:17:48.959,615560,0,1,0,0,46,134,197
12:17:49.161,615050,0,1,0,0,38,133,188
12:17:49.364,615050,0,1,0,0,38,133,188
12:17:49.572,615050,0,1,0,0,38,133,188
12:17:49.775,615050,0,1,0,0,38,133,188
12:17:49.977,615050,0,1,0,0,38,133,188
12:17:50.179,615050,0,1,0,0,38,133,188
12:17:50.383,615050,0,1,0,0,38,133,188
12:17:50.585,615050,0,1,0,0,38,133,188
12:17:50.787,612510,0,1,0,0,3,38,162
12:17:50.989,611630,0,0,0,0,23,-28,153
12:17:51.191,611320,0,0,0,0,29,-55,109
12:17:51.393,611320,0,0,0,0,29,-55,109
12:17:51.597,611320,0,0,0,0,29,-55,109
12:17:51.800,611320,0,0,0,0,29,-55,109
12:17:52.008,611320,0,0,0,0,29,-55,109
12:17:52.212,611320,0,0,0,0,29,-55,109
12:17:52.418,611320,0,0,0,0,29,-55,109
12:17:52.622,611320,0,0,0,0,29,-55,109
12:17:52.827,610300,0,0,0,0,40,-94,53
12:17:53.030,610080,0,0,0,0,50,-96,32
12:17:53.233,610080,0,0,0,0,50,-96,32
12:17:53.436,610080,0,0,0,0,50,-96,32
12:17:53.638,610080,0,0,0,0,50,-96,32
12:17:53.842,610080,0,0,0,0,50,-96,32
12:17:54.047,610080,0,0,0,0,50,-96,32
12:17:54.252,610080,0,0,0,0,50,-96,32
12:17:54.457,610080,0,0,0,0,50,-96,32
12:17:54.659,610080,0,0,0,0,50,-96,32
12:17:54.864,610320,0,0,0,0,37,-68,29
12:17:55.069,609970,0,0,0,0,54,-76,41
12:17:55.273,609970,0,0,0,0,54,-76,41
12:17:55.477,609970,0,0,0,0,54,-76,41
12:17:55.682,609970,0,0,0,0,54,-76,41
12:17:55.886,609970,0,0,0,0,54,-76,41
12:17:56.092,609970,0,0,0,0,54,-76,41
12:17:56.296,609970,0,0,0,0,54,-76,41
12:17:56.500,609970,0,0,0,0,54,-76,41
12:17:56.702,609970,0,0,0,0,54,-76,41
12:17:56.905,608790,0,0,0,0,47,-61,89
12:17:57.107,608180,0,0,0,0,53,-54,120
12:17:57.314,608180,0,0,0,0,53,-54,120
12:17:57.517,608180,0,0,0,0,53,-54,120
12:17:57.722,608180,0,0,0,0,53,-54,120
12:17:57.931,608180,0,0,0,0,53,-54,120
12:17:58.140,608180,0,0,0,0,53,-54,120
12:17:58.342,608180,0,0,0,0,53,-54,120
12:17:58.545,608180,0,0,0,0,53,-54,120
12:17:58.748,606080,0,0,0,0,75,-42,145
12:17:58.952,605680,0,0,0,0,72,-36,143
12:17:59.154,605280,0,0,0,0,75,-29,143
12:17:59.358,605280,0,0,0,0,75,-29,143
12:17:59.567,605280,0,0,0,0,75,-29,143
12:17:59.773,605280,0,0,0,0,75,-29,143
12:17:59.977,605280,0,0,0,0,75,-29,143
12:18:00.181,605280,0,0,0,0,75,-29,143
12:18:00.387,605280,0,0,0,0,75,-29,143
12:18:00.592,604160,0,0,0,0,91,16,138
12:18:00.795,602660,0,0,0,0,95,77,141
12:18:00.997,602280,0,0,0,0,94,85,139
12:18:01.199,602280,0,0,0,0,94,85,139
12:18:01.402,602280,0,0,0,0,94,85,139
12:18:01.605,602280,0,0,0,0,94,85,139
12:18:01.808,602280,0,0,0,0,94,85,139
12:18:02.011,602280,0,0,0,0,94,85,139
12:18:02.215,602280,0,0,0,0,94,85,139
12:18:02.423,602280,0,0,0,0,94,85,139
12:18:02.630,602280,0,0,0,0,94,85,139
12:18:02.835,599790,0,0,0,0,94,36,156
12:18:03.045,599400,0,0,0,0,78,39,152
12:18:03.247,599400,0,0,0,0,78,39,152
12:18:03.452,599400,0,0,0,0,78,39,152
12:18:03.654,599400,0,0,0,0,78,39,152
12:18:03.857,599400,0,0,0,0,78,39,152
12:18:04.060,599400,0,0,0,0,78,39,152
12:18:04.262,599400,0,0,0,0,78,39,152
12:18:04.465,599400,0,0,0,0,78,39,152
12:18:04.668,599400,0,0,0,0,78,39,152
12:18:04.873,596860,0,0,0,0,51,50,109
12:18:05.077,596560,0,0,0,0,57,45,105
12:18:05.279,596560,0,0,0,0,57,45,105
12:18:05.486,596560,0,0,0,0,57,45,105
12:18:05.691,596560,0,0,0,0,57,45,105
12:18:05.897,596560,0,0,0,0,57,45,105
12:18:06.100,596560,0,0,0,0,57,45,105
12:18:06.303,596560,0,0,0,0,57,45,105
12:18:06.508,596560,0,0,0,0,57,45,105
12:18:06.713,596560,0,0,0,0,57,45,105
12:18:06.922,595330,0,0,0,0,86,61,14
12:18:07.126,595230,0,1,0,0,83,59,4
12:18:07.330,595230,0,1,0,0,83,59,4
12:18:07.538,595230,0,1,0,0,83,59,4
12:18:07.745,595230,0,1,0,0,83,59,4
12:18:07.950,595230,0,1,0,0,83,59,4
12:18:08.157,595230,0,1,0,0,83,59,4
12:18:08.360,595230,0,1,0,0,83,59,4
12:18:08.565,595230,0,1,0,0,83,59,4
12:18:08.770,594930,0,1,0,0,23,-44,123
12:18:08.973,594300,0,1,0,0,-5,-56,155
12:18:09.175,593850,0,1,0,0,2,-53,164
12:18:10.943,593850,0,1,0,0,2,-53,164
12:18:11.152,593850,0,1,0,0,2,-53,164
12:18:11.356,593850,0,1,0,0,2,-53,164
12:18:11.560,593850,0,0,0,0,2,-53,164
12:18:11.766,593850,0,0,0,0,2,-53,164
12:18:11.970,593850,0,0,0,0,2,-53,164
12:18:12.176,593850,0,0,0,0,2,-53,164
12:18:12.383,591070,0,0,0,0,-43,37,71
12:18:12.586,591070,0,0,0,0,-43,37,71
12:18:12.788,590770,0,0,0,0,-49,34,62
12:18:12.990,590770,0,0,0,0,-49,34,62
12:18:13.196,590770,0,0,0,0,-49,34,62
12:18:13.403,590770,0,0,0,0,-49,34,62
12:18:13.613,590770,0,0,0,0,-49,34,62
12:18:13.821,590770,0,0,0,0,-49,34,62
12:18:14.028,590770,0,0,0,0,-49,34,62
12:18:14.231,589920,1,0,0,0,11,58,-31
12:18:14.434,589910,1,0,0,0,7,62,-40
12:18:14.637,589920,1,0,0,0,29,53,-57
12:18:14.841,589920,1,0,0,0,29,53,-57
12:18:15.045,589920,1,0,0,0,29,53,-57
12:18:15.249,589920,1,0,0,0,29,53,-57
12:18:15.452,589920,1,0,0,0,29,53,-57
12:18:15.655,589920,1,0,0,0,29,53,-57
12:18:15.858,589920,1,0,0,0,29,53,-57
12:18:16.063,589920,1,0,0,0,29,53,-57
12:18:16.267,590230,1,0,0,0,-88,-37,-80
12:18:16.469,591320,1,0,0,0,-95,53,-123
12:18:16.672,591700,1,0,0,0,-35,71,-130
12:18:16.875,591700,1,0,0,0,-35,71,-130
12:18:17.079,591700,1,0,0,0,-35,71,-130
12:18:17.284,591700,1,0,0,0,-35,71,-130
12:18:17.488,591700,1,0,0,0,-35,71,-130
12:18:17.695,591700,1,0,0,0,-35,71,-130
12:18:17.897,591700,1,0,0,0,-35,71,-130
12:18:18.100,591700,1,0,0,0,-35,71,-130
12:18:18.306,591700,1,0,0,0,-35,71,-130
12:18:18.509,593290,1,0,0,0,40,-66,-111
12:18:18.711,593580,1,0,0,0,-42,-86,-99
12:18:18.913,593580,1,0,0,0,-42,-86,-99
12:18:19.118,593580,1,0,0,0,-42,-86,-99
12:18:19.325,593580,1,0,0,0,-42,-86,-99
12:18:19.527,593580,1,0,0,0,-42,-86,-99
12:18:19.733,593580,1,0,0,0,-42,-86,-99
12:18:19.937,593580,1,0,0,0,-42,-86,-99
12:18:20.142,593580,1,0,0,0,-42,-86,-99
12:18:20.345,594320,1,0,0,0,-169,-8,-93
12:18:20.548,595480,1,0,0,0,-188,171,-115
12:18:20.750,595800,1,0,0,0,-167,201,-121
12:18:20.953,595800,1,0,0,0,-167,201,-121
12:18:21.155,595800,1,0,0,0,-167,201,-121
12:18:21.361,595800,1,0,0,0,-167,201,-121
12:18:21.565,595800,1,0,0,0,-167,201,-121
12:18:21.768,595800,1,0,0,0,-167,201,-121
12:18:21.971,595800,1,0,0,0,-167,201,-121
12:18:22.176,597030,1,0,0,0,-39,238,-136
12:18:22.380,598780,1,0,0,0,179,161,-138
12:18:22.582,599220,1,0,0,0,215,116,-140
12:18:22.785,599220,1,0,0,0,215,116,-140
12:18:22.987,599220,1,0,0,0,215,116,-140
12:18:23.191,599220,1,0,0,0,215,116,-140
12:18:23.395,599220,1,0,0,0,215,116,-140
12:18:23.599,599220,1,0,0,0,215,116,-140
12:18:23.802,599220,1,0,0,0,215,116,-140
12:18:24.004,599220,1,0,0,0,215,116,-140
12:18:24.209,600470,1,0,0,0,248,-39,-140
12:18:24.412,601940,1,0,0,0,112,-171,-141
12:18:24.615,602300,1,0,0,0,65,-185,-140
12:18:24.817,602300,1,0,0,0,65,-185,-140
12:18:25.019,602300,1,0,0,0,65,-185,-140
12:18:25.228,602300,1,0,0,0,65,-185,-140
12:18:25.434,602300,1,0,0,0,65,-185,-140
12:18:25.643,602300,1,0,0,0,65,-185,-140
12:18:25.853,602300,1,0,0,0,65,-185,-140
12:18:26.055,602300,1,0,0,0,65,-185,-140
12:18:26.258,602300,1,0,0,0,65,-185,-140
12:18:26.463,605030,1,0,0,0,-266,-31,-128
12:18:26.665,605430,1,0,0,0,-284,21,-129
12:18:26.868,605430,1,0,0,0,-284,21,-129
12:18:27.072,605430,1,0,0,0,-284,21,-129
12:18:27.278,605430,1,0,0,0,-284,21,-129
12:18:27.481,605430,1,0,0,0,-284,21,-129
12:18:27.685,605430,1,0,0,0,-284,21,-129
12:18:27.890,605430,1,0,0,0,-284,21,-129
12:18:28.094,605430,1,0,0,0,-284,21,-129
12:18:28.303,607310,1,0,0,0,-200,181,-151
12:18:28.507,608060,0,1,0,0,-82,218,-142
12:18:28.709,608430,0,1,0,0,-14,219,-142
12:18:28.913,608430,0,1,0,0,-14,219,-142
12:18:29.122,608430,0,1,0,0,-14,219,-142
12:18:29.326,608430,0,1,0,0,-14,219,-142
12:18:29.530,608430,0,1,0,0,-14,219,-142
12:18:29.734,608430,0,1,0,0,-14,219,-142
12:18:29.938,608430,0,1,0,0,-14,219,-142
12:18:30.142,608430,0,1,0,0,-14,219,-142
12:18:30.346,609930,0,1,0,0,174,82,-137
12:18:30.549,610530,0,1,0,0,93,-89,15
12:18:30.752,610400,0,1,0,0,42,-143,72
12:18:30.955,610400,0,1,0,0,42,-143,72
12:18:31.158,610400,0,1,0,0,42,-143,72
12:18:31.364,610400,0,1,0,0,42,-143,72
12:18:31.569,610400,0,1,0,0,42,-143,72
12:18:31.771,610400,0,1,0,0,42,-143,72
12:18:31.975,610400,0,1,0,0,42,-143,72
12:18:32.182,610400,0,1,0,0,42,-143,72
12:18:32.387,608450,0,1,0,0,-65,-9,171
12:18:32.589,607540,1,0,0,0,-69,118,165
12:18:32.792,607100,1,0,0,0,-51,139,159
12:18:32.995,607100,1,0,0,0,-51,139,159
12:18:33.200,607100,1,0,0,0,-51,139,159
12:18:33.407,607100,1,0,0,0,-51,139,159
12:18:33.609,607100,1,0,0,0,-51,139,159
12:18:33.817,607100,1,0,0,0,-51,139,159
12:18:34.023,607100,1,0,0,0,-51,139,159
12:18:34.226,607100,1,0,0,0,-51,139,159
12:18:34.437,606110,0,0,0,0,2,68,37
12:18:34.639,606040,0,0,0,0,-2,-30,-8
12:18:34.842,606120,0,0,0,0,-12,-69,-14
12:18:35.044,606120,0,0,0,0,-12,-69,-14
12:18:35.247,606120,0,0,0,0,-12,-69,-14
12:18:35.454,606120,0,0,0,0,-12,-69,-14
12:18:35.661,606120,0,0,0,0,-12,-69,-14
12:18:35.876,606120,0,0,0,0,-12,-69,-14
12:18:36.078,606120,0,0,0,0,-12,-69,-14
12:18:36.284,606120,0,0,0,0,-12,-69,-14
12:18:36.487,606000,0,0,0,0,-59,-81,-25
12:18:36.691,606390,0,0,0,0,-57,-126,-1
12:18:36.895,606390,0,0,0,0,-57,-126,-1
12:18:37.098,606390,0,0,0,0,-57,-126,-1
12:18:37.303,606390,0,0,0,0,-57,-126,-1
12:18:37.510,606390,0,0,0,0,-57,-126,-1
12:18:37.720,606390,0,0,0,0,-57,-126,-1
12:18:37.926,606390,0,0,0,0,-57,-126,-1
12:18:38.129,606390,0,0,0,0,-57,-126,-1
12:18:38.338,606390,0,0,0,0,-57,-126,-1
12:18:38.542,606030,0,0,0,0,-69,-194,61
12:18:38.746,605770,0,0,0,0,-70,-190,70
12:18:38.950,605770,0,0,0,0,-70,-190,70
12:18:39.156,605770,0,0,0,0,-70,-190,70
12:18:39.359,605770,0,0,0,0,-70,-190,70
12:18:39.566,605770,0,0,0,0,-70,-190,70
12:18:39.770,605770,0,0,0,0,-70,-190,70
12:18:39.974,605770,0,0,0,0,-70,-190,70
12:18:40.178,604900,0,0,0,0,-71,-159,33
12:18:40.382,604380,0,1,0,0,-58,-101,22
12:18:40.584,604380,0,1,0,0,-58,-101,22
12:18:40.787,604220,0,1,0,0,-56,-80,46
12:18:40.992,604220,0,1,0,0,-56,-80,46
12:18:41.197,604220,0,1,0,0,-56,-80,46
12:18:41.402,604220,0,1,0,0,-56,-80,46
12:18:41.608,604220,0,1,0,0,-56,-80,46
12:18:41.814,604220,0,0,0,0,-56,-80,46
12:18:42.024,604220,0,0,0,0,-56,-80,46
12:18:42.227,604220,0,0,0,0,-56,-80,46
12:18:42.430,602470,0,0,0,0,-15,-64,10
12:18:42.637,602370,0,0,0,0,-10,-90,-5
12:18:42.841,602370,0,0,0,0,-10,-90,-5
12:18:44.564,602370,0,0,0,0,-10,-90,-5
12:18:44.768,602370,0,0,0,0,-10,-90,-5
12:18:44.975,602370,0,0,0,0,-10,-90,-5
12:18:45.178,602370,0,0,0,0,-10,-90,-5
12:18:45.380,602370,0,0,0,0,-10,-90,-5
12:18:45.584,602370,0,0,0,0,-10,-90,-5
12:18:45.791,602370,0,0,0,0,-10,-90,-5
12:18:45.995,602770,0,0,0,0,-14,-127,-29
12:18:46.197,602900,0,0,0,0,-12,-143,-15
12:18:46.406,602900,0,0,0,0,-12,-143,-15
12:18:46.609,602900,0,0,0,0,-12,-143,-15
12:18:46.813,602900,0,0,0,0,-12,-143,-15
12:18:47.018,602900,0,0,0,0,-12,-143,-15
12:18:47.220,602900,0,0,0,0,-12,-143,-15
12:18:47.422,602900,0,0,0,0,-12,-143,-15
12:18:47.625,602900,0,0,0,0,-12,-143,-15
12:18:47.833,602820,0,0,0,0,-15,-153,14
12:18:48.039,602420,0,0,0,0,-16,-155,57
12:18:48.242,602420,0,0,0,0,-16,-155,57
12:18:48.451,602420,0,0,0,0,-16,-155,57
12:18:48.656,602420,0,0,0,0,-16,-155,57
12:18:48.858,602420,0,0,0,0,-16,-155,57
12:18:49.062,602420,0,0,0,0,-16,-155,57
12:18:49.268,602420,0,0,0,0,-16,-155,57
12:18:49.471,602420,0,0,0,0,-16,-155,57
12:18:49.674,601000,0,0,0,0,-27,-143,62
12:18:49.877,600740,0,0,0,0,-28,-143,52
12:18:50.080,600740,0,0,0,0,-28,-143,52
12:18:50.283,600740,0,0,0,0,-28,-143,52
12:18:50.488,600740,0,0,0,0,-28,-143,52
12:18:50.701,600740,0,0,0,0,-28,-143,52
12:18:50.913,600740,0,0,0,0,-28,-143,52
12:18:51.120,600740,0,0,0,0,-28,-143,52
12:18:51.328,600740,0,0,0,0,-28,-143,52
12:18:51.536,599990,0,0,0,0,-63,-64,58
12:18:51.739,599620,0,1,0,0,-80,-48,69
12:18:51.944,599620,0,1,0,0,-80,-48,69
12:18:52.149,599620,0,1,0,0,-80,-48,69
12:18:52.355,599620,0,1,0,0,-80,-48,69
12:18:52.559,599620,0,1,0,0,-80,-48,69
12:18:52.765,599620,0,1,0,0,-80,-48,69
12:18:52.969,599620,0,1,0,0,-80,-48,69
12:18:53.172,599020,0,1,0,0,-59,-27,89
12:18:53.375,597460,0,0,0,0,7,-16,110
12:18:53.580,597460,0,0,0,0,7,-16,110
12:18:53.787,597460,0,0,0,0,7,-16,110
12:18:53.992,597460,0,0,0,0,7,-16,110
12:18:54.199,597460,0,0,0,0,7,-16,110
12:18:54.403,597460,0,0,0,0,7,-16,110
12:18:54.610,597460,0,0,0,0,7,-16,110
12:18:54.815,597460,0,0,0,0,7,-16,110
12:18:55.018,597460,0,0,0,0,7,-16,110
12:18:55.221,596850,0,0,0,0,-45,20,11
12:18:55.428,596810,0,0,0,0,-51,20,1
12:18:55.635,596810,0,0,0,0,-51,20,1
12:18:55.840,596810,0,0,0,0,-51,20,1
12:18:56.046,596810,0,0,0,0,-51,20,1
12:18:56.253,596810,0,0,0,0,-51,20,1
12:18:56.461,596810,0,0,0,0,-51,20,1
12:18:56.664,596810,0,0,0,0,-51,20,1
12:18:56.867,596810,0,0,0,0,-51,20,1
12:18:57.074,596710,0,0,0,0,-65,48,-9
12:18:57.278,596680,1,0,0,0,-60,31,-39
12:18:57.484,596680,1,0,0,0,-60,31,-39
12:18:57.700,596680,1,0,0,0,-60,31,-39
12:18:57.905,596680,1,0,0,0,-60,31,-39
12:18:58.111,596680,1,0,0,0,-60,31,-39
12:18:58.313,596680,1,0,0,0,-60,31,-39
12:18:58.517,596680,1,0,0,0,-60,31,-39
12:18:58.723,596870,1,0,0,0,-60,-1,-79
12:18:58.927,597410,1,0,0,0,-24,70,-116
12:18:59.130,597410,1,0,0,0,-24,70,-116
12:18:59.332,597500,1,0,0,0,-4,97,-109
12:18:59.536,597500,1,0,0,0,-4,97,-109
12:18:59.738,597500,1,0,0,0,-4,97,-109
12:18:59.942,597500,1,0,0,0,-4,97,-109
12:19:00.147,597500,1,0,0,0,-4,97,-109
12:19:00.350,597500,1,0,0,0,-4,97,-109
12:19:00.553,597500,1,0,0,0,-4,97,-109
12:19:00.756,597500,1,0,0,0,-4,97,-109
12:19:00.960,598290,1,0,0,0,20,229,-81
12:19:01.166,599630,1,0,0,0,-172,129,-88
12:19:01.370,599630,1,0,0,0,-172,129,-88
12:19:01.575,599630,1,0,0,0,-172,129,-88
12:19:01.779,599630,1,0,0,0,-172,129,-88
12:19:01.981,599630,1,0,0,0,-172,129,-88
12:19:02.187,599630,1,0,0,0,-172,129,-88
12:19:02.390,599630,1,0,0,0,-172,129,-88
12:19:02.599,599630,1,0,0,0,-172,129,-88
12:19:02.806,599630,1,0,0,0,-172,129,-88
12:19:03.010,600580,1,0,0,0,-116,-52,-54
12:19:03.213,600730,1,0,0,0,-6,-143,-62
12:19:03.415,600730,1,0,0,0,-6,-143,-62
12:19:03.619,600730,1,0,0,0,-6,-143,-62
12:19:03.823,600730,1,0,0,0,-6,-143,-62
12:19:04.028,600730,1,0,0,0,-6,-143,-62
12:19:04.233,600730,1,0,0,0,-6,-143,-62
12:19:04.439,600730,1,0,0,0,-6,-143,-62
12:19:04.642,600730,1,0,0,0,-6,-143,-62
12:19:04.849,600730,1,0,0,0,-6,-143,-62
12:19:05.053,601520,1,0,0,0,75,-186,-84
12:19:05.255,602520,1,0,0,0,99,-99,-66
12:19:05.457,602520,1,0,0,0,99,-99,-66
12:19:05.660,602520,1,0,0,0,99,-99,-66
12:19:05.865,602520,1,0,0,0,99,-99,-66
12:19:06.069,602520,1,0,0,0,99,-99,-66
12:19:06.271,602520,1,0,0,0,99,-99,-66
12:19:06.476,602520,1,0,0,0,99,-99,-66
12:19:06.678,602520,1,0,0,0,99,-99,-66
12:19:06.882,602520,1,0,0,0,99,-99,-66
12:19:07.085,603540,1,0,0,0,67,14,-63
12:19:07.290,603870,1,0,0,0,28,47,-67
12:19:07.494,603870,1,0,0,0,28,47,-67
12:19:07.704,603870,1,0,0,0,28,47,-67
12:19:07.906,603870,1,0,0,0,28,47,-67
12:19:08.110,603870,1,0,0,0,28,47,-67
12:19:08.315,603870,1,0,0,0,28,47,-67
12:19:08.519,603870,1,0,0,0,28,47,-67
12:19:08.723,603870,1,0,0,0,28,47,-67
12:19:08.928,604450,1,0,0,0,-23,51,-71
12:19:09.131,604980,0,1,0,0,-62,-3,-72
12:19:09.333,605140,0,1,0,0,-69,-17,-75
12:19:09.538,605140,0,1,0,0,-69,-17,-75
12:19:09.745,605140,0,1,0,0,-69,-17,-75
12:19:09.949,605140,0,1,0,0,-69,-17,-75
12:19:10.155,605140,0,1,0,0,-69,-17,-75
12:19:10.360,605140,0,1,0,0,-69,-17,-75
12:19:10.563,605140,0,1,0,0,-69,-17,-75
12:19:10.766,605140,0,1,0,0,-69,-17,-75
12:19:10.971,605190,0,1,0,0,-75,-44,101
12:19:11.175,604370,0,1,0,0,-46,-78,165
12:19:11.377,603900,0,1,0,0,-30,-88,174
12:19:11.579,603900,0,1,0,0,-30,-88,174
12:19:11.786,603900,0,1,0,0,-30,-88,174
12:19:11.990,603900,0,1,0,0,-30,-88,174
12:19:12.193,603900,0,1,0,0,-30,-88,174
12:19:12.396,603900,0,1,0,0,-30,-88,174
12:19:12.599,603900,0,1,0,0,-30,-88,174
12:19:12.801,603900,0,1,0,0,-30,-88,174
12:19:13.010,601840,0,1,0,0,33,-26,170
12:19:13.212,600400,1,0,0,0,77,79,151
12:19:13.415,600000,1,0,0,0,83,104,159
12:19:13.618,600000,1,0,0,0,83,104,159
12:19:13.826,600000,1,0,0,0,83,104,159
12:19:14.028,600000,1,0,0,0,83,104,159
12:19:14.232,600000,1,0,0,0,83,104,159
12:19:14.435,600000,1,0,0,0,83,104,159
12:19:14.642,600000,1,0,0,0,83,104,159
12:19:14.849,600000,1,0,0,0,83,104,159
12:19:15.056,598560,1,0,0,0,67,179,75
12:19:15.260,597890,1,0,0,0,-63,147,-1
12:19:15.464,597890,1,0,0,0,-63,147,-1
12:19:15.672,597890,1,0,0,0,-63,147,-1
12:19:15.879,597890,1,0,0,0,-63,147,-1
12:19:16.084,597890,1,0,0,0,-63,147,-1
12:19:16.290,597890,1,0,0,0,-63,147,-1
12:19:16.494,597890,1,0,0,0,-63,147,-1
12:19:16.699,597890,1,0,0,0,-63,147,-1
12:19:18.063,598090,1,0,0,0,-219,-118,-62
12:19:18.277,598170,1,0,0,0,-207,-148,-75
12:19:18.480,598310,1,0,0,0,-193,-171,-86
12:19:18.685,598310,1,0,0,0,-193,-171,-86
12:19:18.891,598310,1,0,0,0,-193,-171,-86
12:19:19.095,598310,1,0,0,0,-193,-171,-86
12:19:19.298,598310,1,0,0,0,-193,-171,-86
12:19:19.505,598310,1,0,0,0,-193,-171,-86
12:19:19.707,598310,1,0,0,0,-193,-171,-86
12:19:19.913,598310,1,0,0,0,-193,-171,-86
12:19:20.118,599580,1,0,0,0,-86,-212,-118
12:19:20.321,600230,1,0,0,0,11,-164,-105
12:19:20.523,600520,1,0,0,0,69,-125,-88
12:19:20.726,600520,1,0,0,0,69,-125,-88
12:19:20.928,600520,1,0,0,0,69,-125,-88
12:19:21.131,600520,1,0,0,0,69,-125,-88
12:19:21.335,600520,1,0,0,0,69,-125,-88
12:19:21.539,600520,1,0,0,0,69,-125,-88
12:19:21.741,600520,1,0,0,0,69,-125,-88
12:19:21.944,600520,1,0,0,0,69,-125,-88
12:19:22.153,601420,0,1,0,0,414,271,9
12:19:22.370,601480,0,1,0,0,427,332,3
12:19:22.574,601480,0,1,0,0,427,332,3
12:19:22.776,601480,0,1,0,0,427,332,3
12:19:22.978,601480,0,1,0,0,427,332,3
12:19:23.181,601480,0,1,0,0,427,332,3
12:19:23.386,601480,0,1,0,0,427,332,3
12:19:23.589,601480,0,1,0,0,427,332,3
12:19:23.791,601480,0,1,0,0,427,332,3
12:19:23.999,601480,0,1,0,0,427,332,3
12:19:24.202,601890,0,1,0,0,413,465,-41
12:19:24.407,602160,0,1,0,0,273,519,133
12:19:24.609,602160,0,1,0,0,273,519,133
12:19:24.811,602160,0,1,0,0,273,519,133
12:19:25.015,602160,0,1,0,0,273,519,133
12:19:25.217,602160,0,1,0,0,273,519,133
12:19:25.420,602160,0,1,0,0,273,519,133
12:19:25.625,602160,0,1,0,0,273,519,133
12:19:25.830,602160,0,1,0,0,273,519,133
12:19:26.035,602160,0,1,0,0,273,519,133
12:19:26.238,599770,0,1,0,0,53,191,274
12:19:26.441,598480,1,0,0,0,-21,47,324
12:19:26.644,598480,1,0,0,0,-21,47,324
12:19:26.847,598480,1,0,0,0,-21,47,324
12:19:27.051,598480,1,0,0,0,-21,47,324
12:19:27.262,598480,1,0,0,0,-21,47,324
12:19:27.467,598480,1,0,0,0,-21,47,324
12:19:27.675,598480,1,0,0,0,-21,47,324
12:19:27.880,598480,1,0,0,0,-21,47,324
12:19:28.084,598480,1,0,0,0,-21,47,324
12:19:28.288,593800,0,0,0,0,-50,-68,193
12:19:28.491,593330,0,0,0,0,-50,-66,165
12:19:28.697,593330,0,0,0,0,-50,-66,165
12:19:28.900,593330,0,0,0,0,-50,-66,165
12:19:29.109,593330,0,0,0,0,-50,-66,165
12:19:29.313,593330,0,0,0,0,-50,-66,165
12:19:29.517,593330,0,0,0,0,-50,-66,165
12:19:29.726,593330,0,0,0,0,-50,-66,165
12:19:29.929,593330,0,0,0,0,-50,-66,165
12:19:30.131,592590,0,0,0,0,-36,-55,43
12:19:30.336,592230,0,0,0,0,-53,-55,-16
12:19:30.541,592210,0,0,0,0,-63,-50,-21
12:19:30.744,592210,0,0,0,0,-63,-50,-21
12:19:30.948,592210,0,0,0,0,-63,-50,-21
12:19:31.151,592210,0,0,0,0,-63,-50,-21
12:19:31.355,592210,0,0,0,0,-63,-50,-21
12:19:31.562,592210,0,0,0,0,-63,-50,-21
12:19:31.765,592210,0,0,0,0,-63,-50,-21
12:19:31.969,592210,0,0,0,0,-63,-50,-21
12:19:32.172,592210,0,0,0,0,-63,-50,-21
12:19:32.377,592940,0,0,0,0,-61,-10,-27
12:19:32.579,593100,0,0,0,0,-56,-3,-26
12:19:32.782,593100,0,0,0,0,-56,-3,-26
12:19:32.985,593100,0,0,0,0,-56,-3,-26
12:19:33.191,593100,0,0,0,0,-56,-3,-26
12:19:33.397,593100,0,0,0,0,-56,-3,-26
12:19:33.603,593100,0,0,0,0,-56,-3,-26
12:19:33.806,593100,0,0,0,0,-56,-3,-26
12:19:34.010,593100,0,0,0,0,-56,-3,-26
12:19:34.217,593730,0,0,0,0,-8,13,-33
12:19:34.421,593900,0,0,0,0,5,11,-17
12:19:34.624,593930,0,0,0,0,15,11,-8
12:19:34.826,593930,0,0,0,0,15,11,-8
12:19:35.031,593930,0,0,0,0,15,11,-8
12:19:35.235,593930,0,0,0,0,15,11,-8
12:19:35.441,593930,0,0,0,0,15,11,-8
12:19:35.645,593930,0,0,0,0,15,11,-8
12:19:35.848,593930,0,0,0,0,15,11,-8
12:19:36.051,593930,0,0,0,0,15,11,-8
12:19:36.254,594130,0,0,0,0,53,6,13
12:19:36.457,593960,0,0,0,0,63,5,6
12:19:36.664,593960,0,0,0,0,63,5,6
12:19:36.869,593960,0,0,0,0,63,5,6
12:19:37.073,593960,0,0,0,0,63,5,6
12:19:37.279,593960,0,0,0,0,63,5,6
12:19:37.484,593960,0,0,0,0,63,5,6
12:19:37.687,593960,0,0,0,0,63,5,6
12:19:37.893,593960,0,0,0,0,63,5,6
12:19:38.097,593960,0,0,0,0,63,5,6
12:19:38.301,593730,0,0,0,0,68,-12,50
12:19:38.505,593600,0,0,0,0,80,-20,41
12:19:38.707,593600,0,0,0,0,80,-20,41
12:19:38.914,593600,0,0,0,0,80,-20,41
12:19:39.123,593600,0,0,0,0,80,-20,41
12:19:39.326,593600,0,0,0,0,80,-20,41
12:19:39.530,593600,0,0,0,0,80,-20,41
12:19:39.734,593600,0,0,0,0,80,-20,41
12:19:39.942,593600,0,0,0,0,80,-20,41
12:19:40.152,593170,0,0,0,0,115,-40,58
12:19:40.354,592840,0,0,0,0,122,-45,42
12:19:40.556,592720,0,0,0,0,124,-46,36
12:19:40.759,592720,0,0,0,0,124,-46,36
12:19:40.964,592720,0,0,0,0,124,-46,36
12:19:41.168,592720,0,0,0,0,124,-46,36
12:19:41.376,592720,0,0,0,0,124,-46,36
12:19:41.586,592720,0,0,0,0,124,-46,36
12:19:41.793,592720,0,0,0,0,124,-46,36
12:19:41.995,592720,0,0,0,0,124,-46,36
12:19:42.203,592350,0,0,0,0,116,-36,57
12:19:42.407,591890,0,0,0,0,118,-37,43
12:19:42.613,591890,0,0,0,0,118,-37,43
12:19:42.818,591890,0,0,0,0,118,-37,43
12:19:43.031,591890,0,0,0,0,118,-37,43
12:19:43.234,591890,0,0,0,0,118,-37,43
12:19:43.438,591890,0,0,0,0,118,-37,43
12:19:43.642,591890,0,0,0,0,118,-37,43
12:19:43.846,591890,0,0,0,0,118,-37,43
12:19:44.049,591890,0,0,0,0,118,-37,43
12:19:44.253,591370,0,0,0,0,143,-28,47
12:19:44.456,591310,0,0,0,0,137,-25,52
12:19:44.658,591310,0,0,0,0,137,-25,52
12:19:44.862,591310,0,0,0,0,137,-25,52
12:19:45.066,591310,0,0,0,0,137,-25,52
12:19:45.270,591310,0,0,0,0,137,-25,52
12:19:45.475,591310,0,0,0,0,137,-25,52
12:19:45.680,591310,0,0,0,0,137,-25,52
12:19:45.883,591310,0,0,0,0,137,-25,52
12:19:46.089,591310,0,0,0,0,137,-25,52
12:19:46.292,590830,1,0,0,0,119,-35,65
12:19:46.500,590730,1,0,0,0,113,-33,69
12:19:46.702,590730,1,0,0,0,113,-33,69
12:19:46.904,590730,1,0,0,0,113,-33,69
12:19:47.108,590730,1,0,0,0,113,-33,69
12:19:47.312,590730,1,0,0,0,113,-33,69
12:19:47.515,590730,1,0,0,0,113,-33,69
12:19:47.718,590730,1,0,0,0,113,-33,69
12:19:47.921,590730,1,0,0,0,113,-33,69
12:19:48.124,590730,1,0,0,0,113,-33,69
12:19:48.329,590650,1,0,0,0,38,-19,3
12:19:48.533,590750,1,0,0,0,13,-12,-28
12:19:48.736,590750,1,0,0,0,13,-12,-28
12:19:48.942,590750,1,0,0,0,13,-12,-28
12:19:49.147,590750,1,0,0,0,13,-12,-28
12:19:49.351,590750,1,0,0,0,13,-12,-28
12:19:49.555,590750,1,0,0,0,13,-12,-28
12:19:49.759,590750,1,0,0,0,13,-12,-28
12:19:49.962,590750,1,0,0,0,13,-12,-28
12:19:50.164,590750,1,0,0,0,13,-12,-28
12:19:51.579,591680,1,0,0,0,92,-87,-116
12:19:51.782,591890,1,0,0,0,65,-71,-133
12:19:51.989,591890,1,0,0,0,65,-71,-133
12:19:52.194,591890,1,0,0,0,65,-71,-133
12:19:52.399,591890,1,0,0,0,65,-71,-133
12:19:52.603,591890,1,0,0,0,65,-71,-133
12:19:52.806,591890,1,0,0,0,65,-71,-133
12:19:53.009,591890,1,0,0,0,65,-71,-133
12:19:53.215,591890,1,0,0,0,65,-71,-133
12:19:53.419,592820,1,0,0,0,-51,2,-129
12:19:53.622,594380,0,1,0,0,-94,60,-136
12:19:53.824,594800,0,1,0,0,-85,64,-139
12:19:54.028,594800,0,1,0,0,-85,64,-139
12:19:54.231,594800,0,1,0,0,-85,64,-139
12:19:54.435,594800,0,1,0,0,-85,64,-139
12:19:54.640,594800,0,1,0,0,-85,64,-139
12:19:54.846,594800,0,1,0,0,-85,64,-139
12:19:55.054,594800,0,1,0,0,-85,64,-139
12:19:55.258,594800,0,1,0,0,-85,64,-139
12:19:55.462,597580,0,1,0,0,97,-33,-138
12:19:55.665,597860,0,1,0,0,68,-54,-102
12:19:55.867,597860,0,1,0,0,68,-54,-102
12:19:56.073,597860,0,1,0,0,68,-54,-102
12:19:56.276,597860,0,1,0,0,68,-54,-102
12:19:56.483,597860,0,1,0,0,68,-54,-102
12:19:56.688,597860,0,1,0,0,68,-54,-102
12:19:56.895,597860,0,1,0,0,68,-54,-102
12:19:57.098,597860,0,1,0,0,68,-54,-102
12:19:57.305,597860,0,1,0,0,68,-54,-102
12:19:57.509,596230,0,1,0,0,-67,-5,194
12:19:57.712,595740,0,1,0,0,-70,6,196
12:19:57.915,595740,0,1,0,0,-70,6,196
12:19:58.120,595740,0,1,0,0,-70,6,196
12:19:58.322,595740,0,1,0,0,-70,6,196
12:19:58.527,595740,0,1,0,0,-70,6,196
12:19:58.730,595740,0,1,0,0,-70,6,196
12:19:58.933,595740,0,1,0,0,-70,6,196
12:19:59.137,595740,0,1,0,0,-70,6,196
12:19:59.339,595740,0,1,0,0,-70,6,196
12:19:59.543,592350,1,0,0,0,41,56,170
12:19:59.750,591900,1,0,0,0,88,54,148
12:19:59.954,591900,1,0,0,0,88,54,148
12:20:00.158,591900,1,0,0,0,88,54,148
12:20:00.363,591900,1,0,0,0,88,54,148
12:20:00.573,591900,1,0,0,0,88,54,148
12:20:00.779,591900,1,0,0,0,88,54,148
12:20:00.982,591900,1,0,0,0,88,54,148
12:20:01.187,591900,1,0,0,0,88,54,148
12:20:01.393,590900,1,0,0,0,111,-2,60
12:20:01.603,590420,1,0,0,0,20,-39,1
12:20:01.805,590400,1,0,0,0,0,-51,-11
12:20:02.008,590400,1,0,0,0,0,-51,-11
12:20:02.210,590400,1,0,0,0,0,-51,-11
12:20:02.414,590400,1,0,0,0,0,-51,-11
12:20:02.617,590400,1,0,0,0,0,-51,-11
12:20:02.821,590400,1,0,0,0,0,-51,-11
12:20:03.025,590400,1,0,0,0,0,-51,-11
12:20:03.229,590400,1,0,0,0,0,-51,-11
12:20:03.431,590840,1,0,0,0,-80,-62,-66
12:20:03.634,591290,1,0,0,0,-118,-30,-78
12:20:03.836,591540,1,0,0,0,-125,-16,-85
12:20:04.039,591540,1,0,0,0,-125,-16,-85
12:20:04.241,591540,1,0,0,0,-125,-16,-85
12:20:04.443,591540,1,0,0,0,-125,-16,-85
12:20:04.646,591540,1,0,0,0,-125,-16,-85
12:20:04.849,591540,1,0,0,0,-125,-16,-85
12:20:05.056,591540,1,0,0,0,-125,-16,-85
12:20:05.259,592400,1,0,0,0,-123,19,-111
12:20:05.462,593850,1,0,0,0,-48,79,-147
12:20:05.664,594210,1,0,0,0,-15,90,-148
12:20:05.866,594210,1,0,0,0,-15,90,-148
12:20:06.071,594210,1,0,0,0,-15,90,-148
12:20:06.275,594210,1,0,0,0,-15,90,-148
12:20:06.478,594210,1,0,0,0,-15,90,-148
12:20:06.680,594210,1,0,0,0,-15,90,-148
12:20:06.884,594210,1,0,0,0,-15,90,-148
12:20:07.089,594210,1,0,0,0,-15,90,-148
12:20:07.294,594210,1,0,0,0,-15,90,-148
12:20:07.498,596260,1,0,0,0,117,37,-129
12:20:07.703,596500,1,0,0,0,97,-10,-121
12:20:07.906,596500,1,0,0,0,97,-10,-121
12:20:08.110,596500,1,0,0,0,97,-10,-121
12:20:08.316,596500,1,0,0,0,97,-10,-121
12:20:08.519,596500,1,0,0,0,97,-10,-121
12:20:08.722,596500,1,0,0,0,97,-10,-121
12:20:08.929,596500,1,0,0,0,97,-10,-121
12:20:09.135,596500,1,0,0,0,97,-10,-121
12:20:09.340,597270,1,0,0,0,0,-181,-83
12:20:09.542,597610,1,0,0,0,-261,-312,-19
12:20:09.745,597620,1,0,0,0,-331,-304,-24
12:20:09.948,597620,1,0,0,0,-331,-304,-24
12:20:10.151,597620,1,0,0,0,-331,-304,-24
12:20:10.354,597620,1,0,0,0,-331,-304,-24
12:20:10.560,597620,1,0,0,0,-331,-304,-24
12:20:10.765,597620,1,0,0,0,-331,-304,-24
12:20:10.968,597620,1,0,0,0,-331,-304,-24
12:20:11.174,597620,1,0,0,0,-331,-304,-24
12:20:11.379,599080,0,1,0,0,-440,217,-71
12:20:11.581,599410,0,1,0,0,-390,325,-57
12:20:11.784,599670,0,1,0,0,-328,413,-54
12:20:11.987,599670,0,1,0,0,-328,413,-54
12:20:12.190,599670,0,1,0,0,-328,413,-54
12:20:12.395,599670,0,1,0,0,-328,413,-54
12:20:12.599,599670,0,1,0,0,-328,413,-54
12:20:12.802,599670,0,1,0,0,-328,413,-54
12:20:13.005,599670,0,1,0,0,-328,413,-54
12:20:13.208,599670,0,1,0,0,-328,413,-54
12:20:13.412,600760,0,1,0,0,-128,324,81
12:20:13.618,600470,0,1,0,0,-141,219,154
12:20:13.821,600470,0,1,0,0,-141,219,154
12:20:14.023,600470,0,1,0,0,-141,219,154
12:20:14.227,600470,0,1,0,0,-141,219,154
12:20:14.433,600470,0,1,0,0,-141,219,154
12:20:14.636,600470,0,1,0,0,-141,219,154
12:20:14.840,600470,0,1,0,0,-141,219,154
12:20:15.045,600470,0,1,0,0,-141,219,154
12:20:15.249,600470,0,0,0,0,-141,219,154
12:20:15.452,597900,0,0,0,0,-8,-136,155
12:20:15.654,597170,0,0,0,0,-46,-154,76
12:20:15.857,597170,0,0,0,0,-46,-154,76
12:20:16.064,597030,0,0,0,0,-56,-155,60
12:20:16.267,597030,0,0,0,0,-56,-155,60
12:20:16.470,597030,0,0,0,0,-56,-155,60
12:20:16.676,597030,0,0,0,0,-56,-155,60
12:20:16.884,597030,0,0,0,0,-56,-155,60
12:20:17.088,597030,0,0,0,0,-56,-155,60
12:20:17.294,597030,0,0,0,0,-56,-155,60
12:20:17.498,597030,0,0,0,0,-56,-155,60
12:20:17.703,596900,0,0,0,0,-123,-136,9
12:20:17.906,596930,0,0,0,0,-125,-131,8
12:20:18.109,596930,0,0,0,0,-125,-131,8
12:20:18.312,596930,0,0,0,0,-125,-131,8
12:20:18.519,596930,0,0,0,0,-125,-131,8
12:20:18.724,596930,0,0,0,0,-125,-131,8
12:20:18.928,596930,0,0,0,0,-125,-131,8
12:20:19.134,596930,0,0,0,0,-125,-131,8
12:20:19.337,596930,0,0,0,0,-125,-131,8
12:20:19.540,596880,0,0,0,0,-108,-99,53
12:20:19.745,596510,0,0,0,0,-107,-75,83
12:20:19.950,596510,0,0,0,0,-107,-75,83
12:20:20.155,596510,0,0,0,0,-107,-75,83
12:20:20.362,596510,0,0,0,0,-107,-75,83
12:20:20.565,596510,0,0,0,0,-107,-75,83
12:20:20.769,596510,0,0,0,0,-107,-75,83
12:20:20.973,596510,0,0,0,0,-107,-75,83
12:20:21.177,596510,0,0,0,0,-107,-75,83
12:20:21.383,596510,0,0,0,0,-107,-75,83
12:20:21.588,594660,0,0,0,0,-74,-56,89
12:20:21.793,594490,0,0,0,0,-70,-48,73
12:20:21.996,594490,0,0,0,0,-70,-48,73
12:20:22.198,594490,0,0,0,0,-70,-48,73
12:20:22.403,594490,0,0,0,0,-70,-48,73
12:20:22.606,594490,0,0,0,0,-70,-48,73
12:20:22.809,594490,0,0,0,0,-70,-48,73
12:20:23.015,594490,0,0,0,0,-70,-48,73
12:20:23.219,594490,0,0,0,0,-70,-48,73
12:20:23.425,594490,0,0,0,0,-70,-48,73
12:20:23.629,594370,0,0,0,0,-91,53,71
12:20:25.147,594030,0,0,0,0,-90,64,67
12:20:25.350,594030,0,0,0,0,-90,64,67
12:20:25.553,594030,0,0,0,0,-90,64,67
12:20:25.756,594030,0,0,0,0,-90,64,67
12:20:25.959,594030,0,0,0,0,-90,64,67
12:20:26.173,594030,0,0,0,0,-90,64,67
12:20:26.377,594030,0,0,0,0,-90,64,67
12:20:26.581,594030,0,0,0,0,-90,64,67
12:20:26.783,593130,0,0,0,0,-60,37,31
12:20:26.986,593130,0,0,0,0,-60,37,31
12:20:27.188,593060,0,0,0,0,-63,43,25
12:20:27.393,593060,0,0,0,0,-63,43,25
12:20:27.599,593060,0,0,0,0,-63,43,25
12:20:27.802,593060,0,0,0,0,-63,43,25
12:20:28.007,593060,0,0,0,0,-63,43,25
12:20:28.212,593060,0,0,0,0,-63,43,25
12:20:28.416,593060,0,0,0,0,-63,43,25
12:20:28.619,592750,0,0,0,0,-41,10,26
12:20:28.822,592330,0,0,0,0,-17,-24,25
12:20:29.024,592230,0,0,0,0,-11,-33,17
12:20:29.228,592230,0,0,0,0,-11,-33,17
12:20:29.431,592230,0,0,0,0,-11,-33,17
12:20:29.636,592230,0,0,0,0,-11,-33,17
12:20:29.839,592230,0,0,0,0,-11,-33,17
12:20:30.041,592230,0,0,0,0,-11,-33,17
12:20:30.244,592230,0,0,0,0,-11,-33,17
12:20:30.451,592230,0,0,0,0,-11,-33,17
12:20:30.654,592230,0,0,0,0,-11,-33,17
12:20:30.857,591920,0,0,0,0,9,-48,29
12:20:31.059,591870,0,0,0,0,12,-42,34
12:20:31.263,591870,0,0,0,0,12,-42,34
12:20:31.465,591870,0,0,0,0,12,-42,34
12:20:31.670,591870,0,0,0,0,12,-42,34
12:20:31.873,591870,0,0,0,0,12,-42,34
12:20:32.079,591870,0,0,0,0,12,-42,34
12:20:32.282,591870,0,0,0,0,12,-42,34
12:20:32.488,591870,0,0,0,0,12,-42,34
12:20:32.698,591870,0,0,0,0,12,-42,34
12:20:32.905,591870,0,0,0,0,12,-42,34
12:20:33.116,591870,0,0,0,0,12,-42,34
12:20:33.323,591380,0,0,0,0,27,-38,43
12:20:33.526,590330,0,0,0,0,45,-45,9
12:20:33.730,590000,0,0,0,0,42,-39,-15
12:20:33.938,590000,0,0,0,0,42,-39,-15
12:20:34.147,590000,0,0,0,0,42,-39,-15
12:20:34.352,590000,0,0,0,0,42,-39,-15
12:20:34.559,590000,0,0,0,0,42,-39,-15
12:20:34.763,590000,0,0,0,0,42,-39,-15
12:20:34.971,590000,0,0,0,0,42,-39,-15
12:20:35.173,590000,0,0,0,0,42,-39,-15
12:20:35.380,590000,0,0,0,0,42,-39,-15
12:20:35.587,589400,0,0,0,0,35,-19,-68
12:20:35.791,589680,0,0,0,0,25,9,-41
12:20:36.000,589680,0,0,0,0,25,9,-41
12:20:36.203,589680,0,0,0,0,25,9,-41
12:20:36.407,589680,0,0,0,0,25,9,-41
12:20:36.611,589680,0,0,0,0,25,9,-41
12:20:36.813,589680,0,0,0,0,25,9,-41
12:20:37.018,589680,0,0,0,0,25,9,-41
12:20:37.221,589680,0,0,0,0,25,9,-41
12:20:37.427,589680,0,0,0,0,25,9,-41
12:20:37.632,589770,0,0,0,0,12,41,32
12:20:37.836,589740,1,0,0,0,2,57,40
12:20:38.039,589740,1,0,0,0,2,57,40
12:20:38.244,589740,1,0,0,0,2,57,40
12:20:38.447,589740,1,0,0,0,2,57,40
12:20:38.651,589740,1,0,0,0,2,57,40
12:20:38.860,589740,1,0,0,0,2,57,40
12:20:39.066,589740,1,0,0,0,2,57,40
12:20:39.270,589740,1,0,0,0,2,57,40
12:20:39.478,587990,1,0,0,0,25,-86,-25
12:20:39.685,587990,1,0,0,0,25,-86,-25
12:20:39.887,587990,1,0,0,0,25,-86,-25
12:20:40.092,587990,1,0,0,0,25,-86,-25
12:20:40.300,587990,1,0,0,0,25,-86,-25
12:20:40.503,587990,1,0,0,0,25,-86,-25
12:20:40.705,587990,1,0,0,0,25,-86,-25
12:20:40.907,587990,1,0,0,0,25,-86,-25
12:20:41.112,589880,1,0,0,0,57,49,-134
12:20:41.316,590560,1,0,0,0,17,266,-79
12:20:41.519,590560,1,0,0,0,17,266,-79
12:20:41.723,590560,1,0,0,0,17,266,-79
12:20:41.928,590560,1,0,0,0,17,266,-79
12:20:42.133,590560,1,0,0,0,17,266,-79
12:20:42.336,590560,1,0,0,0,17,266,-79
12:20:42.540,590560,1,0,0,0,17,266,-79
12:20:42.744,590930,1,0,0,0,-22,379,-65
12:20:42.950,592200,1,0,0,0,-210,218,-143
12:20:43.152,592410,1,0,0,0,-251,146,-148
12:20:43.358,592410,1,0,0,0,-251,146,-148
12:20:43.563,592410,1,0,0,0,-251,146,-148
12:20:43.766,592410,1,0,0,0,-251,146,-148
12:20:43.972,592410,1,0,0,0,-251,146,-148
12:20:44.176,592410,1,0,0,0,-251,146,-148
12:20:44.379,592410,1,0,0,0,-251,146,-148
12:20:44.583,592410,1,0,0,0,-251,146,-148
12:20:44.787,594300,1,0,0,0,-93,-237,-147
12:20:44.990,594660,1,0,0,0,-61,-252,-152
12:20:45.192,595020,1,0,0,0,-28,-256,-158
12:20:45.395,595020,1,0,0,0,-28,-256,-158
12:20:45.597,595020,1,0,0,0,-28,-256,-158
12:20:45.804,595020,1,0,0,0,-28,-256,-158
12:20:46.008,595020,1,0,0,0,-28,-256,-158
12:20:46.212,595020,1,0,0,0,-28,-256,-158
12:20:46.420,595020,1,0,0,0,-28,-256,-158
12:20:46.624,595850,1,0,0,0,45,-226,-159
12:20:46.827,597100,1,0,0,0,175,-36,-150
12:20:47.029,597100,1,0,0,0,175,-36,-150
12:20:47.232,597490,1,0,0,0,182,37,-147
12:20:47.435,597490,1,0,0,0,182,37,-147
12:20:47.638,597490,1,0,0,0,182,37,-147
12:20:47.842,597490,1,0,0,0,182,37,-147
12:20:48.046,597490,1,0,0,0,182,37,-147
12:20:48.251,597490,1,0,0,0,182,37,-147
12:20:48.455,597490,1,0,0,0,182,37,-147
12:20:48.663,597490,1,0,0,0,182,37,-147
12:20:48.867,599050,1,0,0,0,108,280,-114
12:20:49.071,600140,1,0,0,0,0,157,-166
12:20:49.274,600140,1,0,0,0,0,157,-166
12:20:49.476,600140,1,0,0,0,0,157,-166
12:20:49.685,600140,1,0,0,0,0,157,-166
12:20:49.888,600140,1,0,0,0,0,157,-166
12:20:50.092,600140,1,0,0,0,0,157,-166
12:20:50.296,600140,1,0,0,0,0,157,-166
12:20:50.501,600140,1,0,0,0,0,157,-166
12:20:50.708,601390,1,0,0,0,-48,11,-160
12:20:50.913,602810,1,0,0,0,-89,-105,-140
12:20:51.121,603170,1,0,0,0,-72,-119,-142
12:20:51.324,603170,1,0,0,0,-72,-119,-142
12:20:51.527,603170,1,0,0,0,-72,-119,-142
12:20:51.731,603170,1,0,0,0,-72,-119,-142
12:20:51.934,603170,1,0,0,0,-72,-119,-142
12:20:52.140,603170,1,0,0,0,-72,-119,-142
12:20:52.345,603170,1,0,0,0,-72,-119,-142
12:20:52.547,603170,1,0,0,0,-72,-119,-142
12:20:52.750,603170,1,0,0,0,-72,-119,-142
12:20:52.953,605750,1,0,0,0,69,4,-158
12:20:53.156,606160,1,0,0,0,67,29,-158
12:20:53.360,606160,1,0,0,0,67,29,-158
12:20:53.565,606160,1,0,0,0,67,29,-158
12:20:53.768,606160,1,0,0,0,67,29,-158
12:20:53.973,606160,1,0,0,0,67,29,-158
12:20:54.177,606160,1,0,0,0,67,29,-158
12:20:54.379,606160,1,0,0,0,67,29,-158
12:20:54.585,606160,1,0,0,0,67,29,-158
12:20:54.791,608870,1,0,0,0,-48,141,-148
12:20:54.995,608870,1,0,0,0,-48,141,-148
12:20:55.197,609230,1,0,0,0,-78,143,-146
12:20:55.399,609230,1,0,0,0,-78,143,-146
12:20:55.602,609230,1,0,0,0,-78,143,-146
12:20:55.806,609230,1,0,0,0,-78,143,-146
12:20:56.009,609230,1,0,0,0,-78,143,-146
12:20:56.213,609230,1,0,0,0,-78,143,-146
12:20:56.418,609230,1,0,0,0,-78,143,-146
12:20:56.621,610210,1,0,0,0,-151,128,-138
12:20:56.823,611580,0,1,0,0,-209,66,-147
12:20:57.028,611980,0,1,0,0,-216,30,-144
12:20:58.553,611980,0,1,0,0,-216,30,-144
12:20:58.756,611980,0,1,0,0,-216,30,-144
12:20:58.963,611980,0,1,0,0,-216,30,-144
12:20:59.166,611980,0,1,0,0,-216,30,-144
12:20:59.377,611980,0,1,0,0,-216,30,-144
12:20:59.582,611980,0,1,0,0,-216,30,-144
12:20:59.784,611980,0,1,0,0,-216,30,-144
12:20:59.989,611980,0,1,0,0,-216,30,-144
12:21:00.191,612830,0,1,0,0,-218,-136,-114
12:21:00.393,613420,0,1,0,0,-30,-329,10
12:21:00.603,613420,0,1,0,0,-30,-329,10
12:21:00.805,613420,0,1,0,0,-30,-329,10
12:21:01.009,613420,0,1,0,0,-30,-329,10
12:21:01.211,613420,0,1,0,0,-30,-329,10
12:21:01.414,613420,0,1,0,0,-30,-329,10
12:21:01.616,613420,0,1,0,0,-30,-329,10
12:21:01.818,613420,0,1,0,0,-30,-329,10
12:21:02.023,612140,0,1,0,0,92,-172,211
12:21:02.229,610420,0,1,0,0,20,53,240
12:21:02.435,610420,1,0,0,0,20,53,240
12:21:02.650,610420,1,0,0,0,20,53,240
12:21:02.853,610420,1,0,0,0,20,53,240
12:21:03.060,610420,1,0,0,0,20,53,240
12:21:03.263,610420,1,0,0,0,20,53,240
12:21:03.471,610420,1,0,0,0,20,53,240
12:21:03.674,610420,1,0,0,0,20,53,240
12:21:03.877,607870,0,0,0,0,-33,81,87
12:21:04.080,607580,0,0,0,0,-22,73,75
12:21:04.288,607580,0,0,0,0,-22,73,75
12:21:04.499,607580,0,0,0,0,-22,73,75
12:21:04.704,607580,0,0,0,0,-22,73,75
12:21:04.906,607580,0,0,0,0,-22,73,75
12:21:05.110,607580,0,0,0,0,-22,73,75
12:21:05.319,607580,0,0,0,0,-22,73,75
12:21:05.522,607580,0,0,0,0,-22,73,75
12:21:05.724,607140,0,0,0,0,-86,17,-28
12:21:05.927,607160,0,0,0,0,-79,23,-11
12:21:06.132,607160,0,0,0,0,-79,23,-11
12:21:06.343,607160,0,0,0,0,-79,23,-11
12:21:06.548,607160,0,0,0,0,-79,23,-11
12:21:06.752,607160,0,0,0,0,-79,23,-11
12:21:06.956,607160,0,0,0,0,-79,23,-11
12:21:07.160,607160,0,0,0,0,-79,23,-11
12:21:07.362,607160,0,0,0,0,-79,23,-11
12:21:07.569,607150,0,0,0,0,-86,46,3
12:21:07.771,607260,0,0,0,0,-51,46,6
12:21:07.977,607260,0,0,0,0,-51,46,6
12:21:08.179,607260,0,0,0,0,-51,46,6
12:21:08.382,607260,0,0,0,0,-51,46,6
12:21:08.588,607260,0,0,0,0,-51,46,6
12:21:08.793,607260,0,0,0,0,-51,46,6
12:21:08.997,607260,0,0,0,0,-51,46,6
12:21:09.199,607260,0,0,0,0,-51,46,6
12:21:09.404,607260,0,0,0,0,-51,46,6
12:21:09.608,606680,0,0,0,0,12,88,110
12:21:09.816,605860,0,0,0,0,26,94,132
12:21:10.019,605860,0,0,0,0,26,94,132
12:21:10.224,605860,0,0,0,0,26,94,132
12:21:10.429,605860,0,0,0,0,26,94,132
12:21:10.633,605860,0,0,0,0,26,94,132
12:21:10.839,605860,0,0,0,0,26,94,132
12:21:11.043,605860,0,0,0,0,26,94,132
12:21:11.248,605860,0,0,0,0,26,94,132
12:21:11.453,603550,0,0,0,0,17,88,197
12:21:11.661,602340,0,0,0,0,7,87,191
12:21:11.864,602340,0,0,0,0,7,87,191
12:21:12.068,602340,0,0,0,0,7,87,191
12:21:12.275,602340,0,0,0,0,7,87,191
12:21:12.478,602340,0,0,0,0,7,87,191
12:21:12.685,602340,0,0,0,0,7,87,191
12:21:12.893,602340,0,0,0,0,7,87,191
12:21:13.095,602340,0,0,0,0,7,87,191
12:21:13.297,600190,0,0,0,0,11,72,151
12:21:13.501,598940,0,0,0,0,13,57,153
12:21:13.704,598940,0,0,0,0,13,57,153
12:21:13.908,598940,0,0,0,0,13,57,153
12:21:14.117,598940,0,0,0,0,13,57,153
12:21:14.326,598940,0,0,0,0,13,57,153
12:21:14.529,598940,0,0,0,0,13,57,153
12:21:14.731,598940,0,0,0,0,13,57,153
12:21:14.937,598940,0,0,0,0,13,57,153
12:21:15.140,597860,0,0,0,0,-39,103,163
12:21:15.344,596230,0,0,0,0,-65,123,119
12:21:15.546,595880,0,0,0,0,-66,117,100
12:21:15.748,595880,0,0,0,0,-66,117,100
12:21:15.953,595880,0,0,0,0,-66,117,100
12:21:16.157,595880,0,0,0,0,-66,117,100
12:21:16.360,595880,0,0,0,0,-66,117,100
12:21:16.564,595880,0,0,0,0,-66,117,100
12:21:16.773,595880,0,0,0,0,-66,117,100
12:21:16.977,595880,0,0,0,0,-66,117,100
12:21:17.181,594710,0,0,0,0,9,56,33
12:21:17.384,594540,1,0,0,0,54,34,26
12:21:17.588,594540,1,0,0,0,54,34,26
12:21:17.792,594540,1,0,0,0,54,34,26
12:21:17.997,594540,1,0,0,0,54,34,26
12:21:18.201,594540,1,0,0,0,54,34,26
12:21:18.406,594540,1,0,0,0,54,34,26
12:21:18.609,594540,1,0,0,0,54,34,26
12:21:18.813,594540,1,0,0,0,54,34,26
12:21:19.018,594540,1,0,0,0,54,34,26
12:21:19.222,594890,1,0,0,0,-112,92,-29
12:21:19.427,595420,1,0,0,0,-146,116,-64
12:21:19.631,595420,1,0,0,0,-146,116,-64
12:21:19.836,595420,1,0,0,0,-146,116,-64
12:21:20.039,595420,1,0,0,0,-146,116,-64
12:21:20.242,595420,1,0,0,0,-146,116,-64
12:21:20.449,595420,1,0,0,0,-146,116,-64
12:21:20.652,595420,1,0,0,0,-146,116,-64
12:21:20.856,595420,1,0,0,0,-146,116,-64
12:21:21.059,596450,1,0,0,0,-150,113,-112
12:21:21.263,597380,1,0,0,0,-154,120,-123
12:21:21.465,597690,1,0,0,0,-151,124,-126
12:21:21.668,597690,1,0,0,0,-151,124,-126
12:21:21.872,597690,1,0,0,0,-151,124,-126
12:21:22.076,597690,1,0,0,0,-151,124,-126
12:21:22.281,597690,1,0,0,0,-151,124,-126
12:21:22.486,597690,1,0,0,0,-151,124,-126
12:21:22.689,597690,1,0,0,0,-151,124,-126
12:21:22.894,597690,1,0,0,0,-151,124,-126
12:21:23.097,599330,1,0,0,0,-37,-10,-158
12:21:23.302,600120,1,0,0,0,23,-57,-149
12:21:23.505,600530,1,0,0,0,58,-67,-145
12:21:23.706,600530,1,0,0,0,58,-67,-145
12:21:23.909,600530,1,0,0,0,58,-67,-145
12:21:24.115,600530,1,0,0,0,58,-67,-145
12:21:24.318,600530,1,0,0,0,58,-67,-145
12:21:24.521,600530,1,0,0,0,58,-67,-145
12:21:24.726,600530,1,0,0,0,58,-67,-145
12:21:24.930,600530,1,0,0,0,58,-67,-145
12:21:25.134,601750,1,0,0,0,138,-81,-133
12:21:25.337,603290,1,0,0,0,175,-96,-134
12:21:25.540,603680,0,1,0,0,169,-101,-136
12:21:25.744,603680,0,1,0,0,169,-101,-136
12:21:25.954,603680,0,1,0,0,169,-101,-136
12:21:26.162,603680,0,1,0,0,169,-101,-136
12:21:26.369,603680,0,1,0,0,169,-101,-136
12:21:26.572,603680,0,1,0,0,169,-101,-136
12:21:26.775,603680,0,1,0,0,169,-101,-136
12:21:26.980,603680,0,1,0,0,169,-101,-136
12:21:27.182,605870,0,1,0,0,52,-99,-132
12:21:27.385,606520,0,1,0,0,3,-39,-38
12:21:27.588,606570,0,1,0,0,-9,-4,17
12:21:27.791,606570,0,1,0,0,-9,-4,17
12:21:27.995,606570,0,1,0,0,-9,-4,17
12:21:28.199,606570,0,1,0,0,-9,-4,17
12:21:28.403,606570,0,1,0,0,-9,-4,17
12:21:28.606,606570,0,1,0,0,-9,-4,17
12:21:28.809,606570,0,1,0,0,-9,-4,17
12:21:29.011,606570,0,1,0,0,-9,-4,17
12:21:29.215,604710,0,1,0,0,24,57,194
12:21:29.417,603610,0,1,0,0,32,40,201
12:21:29.619,603070,0,1,0,0,35,27,197
12:21:29.824,603070,0,1,0,0,35,27,197
12:21:30.039,603070,0,1,0,0,35,27,197
12:21:30.242,603070,0,1,0,0,35,27,197
12:21:30.445,603070,0,1,0,0,35,27,197
12:21:30.649,603070,0,1,0,0,35,27,197
12:21:32.188,603070,0,1,0,0,35,27,197
12:21:32.391,603070,0,1,0,0,35,27,197
12:21:32.597,601780,0,1,0,0,36,-3,186
12:21:32.800,599480,1,0,0,0,137,71,168
12:21:33.008,599480,1,0,0,0,137,71,168
12:21:33.210,599480,1,0,0,0,137,71,168
12:21:33.418,599480,1,0,0,0,137,71,168
12:21:33.622,599480,1,0,0,0,137,71,168
12:21:33.832,599480,1,0,0,0,137,71,168
12:21:34.038,599480,1,0,0,0,137,71,168
12:21:34.243,599480,1,0,0,0,137,71,168
12:21:34.451,598370,1,0,0,0,61,60,61
12:21:34.654,597910,1,0,0,0,-10,-16,39
12:21:34.856,597840,1,0,0,0,-26,-102,29
12:21:35.059,597840,1,0,0,0,-26,-102,29
12:21:35.263,597840,1,0,0,0,-26,-102,29
12:21:35.474,597840,1,0,0,0,-26,-102,29
12:21:35.678,597840,1,0,0,0,-26,-102,29
12:21:35.886,597840,1,0,0,0,-26,-102,29
12:21:36.089,597840,1,0,0,0,-26,-102,29
12:21:36.291,597840,1,0,0,0,-26,-102,29
12:21:36.496,597850,1,0,0,0,-21,-281,-52
12:21:36.699,598310,1,0,0,0,31,-57,-63
12:21:36.902,598450,1,0,0,0,34,45,-64
12:21:37.105,598450,1,0,0,0,34,45,-64
12:21:37.311,598450,1,0,0,0,34,45,-64
12:21:37.513,598450,1,0,0,0,34,45,-64
12:21:37.717,598450,1,0,0,0,34,45,-64
12:21:37.924,598450,1,0,0,0,34,45,-64
12:21:38.129,598450,1,0,0,0,34,45,-64
12:21:38.332,598450,1,0,0,0,34,45,-64
12:21:38.535,599480,1,0,0,0,-11,92,-127
12:21:38.738,600700,1,0,0,0,-24,0,-144
12:21:38.941,601000,1,0,0,0,-23,-25,-150
12:21:39.143,601000,1,0,0,0,-23,-25,-150
12:21:39.348,601000,1,0,0,0,-23,-25,-150
12:21:39.553,601000,1,0,0,0,-23,-25,-150
12:21:39.757,601000,1,0,0,0,-23,-25,-150
12:21:39.960,601000,1,0,0,0,-23,-25,-150
12:21:40.166,601000,1,0,0,0,-23,-25,-150
12:21:40.369,601000,1,0,0,0,-23,-25,-150
12:21:40.574,601000,1,0,0,0,-23,-25,-150
12:21:40.778,603720,1,0,0,0,-10,165,-157
12:21:40.985,603720,1,0,0,0,-10,165,-157
12:21:41.188,603720,1,0,0,0,-10,165,-157
12:21:41.392,603720,1,0,0,0,-10,165,-157
12:21:41.596,603720,1,0,0,0,-10,165,-157
12:21:41.800,603720,1,0,0,0,-10,165,-157
12:21:42.005,603720,1,0,0,0,-10,165,-157
12:21:42.208,603720,1,0,0,0,-10,165,-157
12:21:42.413,603720,1,0,0,0,-10,165,-157
12:21:42.615,605690,1,0,0,0,53,-152,-112
12:21:42.818,606060,1,0,0,0,52,-172,-130
12:21:43.021,606060,1,0,0,0,52,-172,-130
12:21:43.223,606060,1,0,0,0,52,-172,-130
12:21:43.424,606060,1,0,0,0,52,-172,-130
12:21:43.628,606060,1,0,0,0,52,-172,-130
12:21:43.833,606060,1,0,0,0,52,-172,-130
12:21:44.035,606060,1,0,0,0,52,-172,-130
12:21:44.239,606060,1,0,0,0,52,-172,-130
12:21:44.441,607680,1,0,0,0,22,-150,-165
12:21:44.644,608980,1,0,0,0,-5,-55,-175
12:21:44.848,609400,0,1,0,0,-17,-15,-173
12:21:45.051,609400,0,1,0,0,-17,-15,-173
12:21:45.257,609400,0,1,0,0,-17,-15,-173
12:21:45.463,609400,0,1,0,0,-17,-15,-173
12:21:45.667,609400,0,1,0,0,-17,-15,-173
12:21:45.875,609400,0,1,0,0,-17,-15,-173
12:21:46.079,609400,0,1,0,0,-17,-15,-173
12:21:46.282,609400,0,1,0,0,-17,-15,-173
12:21:46.486,610540,0,1,0,0,-58,119,-151
12:21:46.688,611310,0,1,0,0,44,209,-49
12:21:46.891,611360,0,1,0,0,38,153,1
12:21:47.096,611360,0,1,0,0,38,153,1
12:21:47.302,611360,0,1,0,0,38,153,1
12:21:47.504,611360,0,1,0,0,38,153,1
12:21:47.708,611360,0,1,0,0,38,153,1
12:21:47.910,611360,0,1,0,0,38,153,1
12:21:48.116,611360,0,1,0,0,38,153,1
12:21:48.319,611360,0,1,0,0,38,153,1
12:21:48.524,610530,0,1,0,0,10,-32,181
12:21:48.727,608370,0,1,0,0,-33,-113,215
12:21:48.930,607830,0,0,0,0,-25,-119,203
12:21:49.135,607830,0,0,0,0,-25,-119,203
12:21:49.343,607830,0,0,0,0,-25,-119,203
12:21:49.546,607830,0,0,0,0,-25,-119,203
12:21:49.754,607830,0,0,0,0,-25,-119,203
12:21:49.957,607830,0,0,0,0,-25,-119,203
12:21:50.164,607830,0,0,0,0,-25,-119,203
12:21:50.366,607830,0,0,0,0,-25,-119,203
12:21:50.569,606270,0,0,0,0,6,-95,9
12:21:50.773,606200,0,0,0,0,20,-90,-1
12:21:50.976,606170,0,0,0,0,30,-73,-12
12:21:51.179,606170,0,0,0,0,30,-73,-12
12:21:51.387,606170,0,0,0,0,30,-73,-12
12:21:51.589,606170,0,0,0,0,30,-73,-12
12:21:51.791,606170,0,0,0,0,30,-73,-12
12:21:51.994,606170,0,0,0,0,30,-73,-12
12:21:52.198,606170,0,0,0,0,30,-73,-12
12:21:52.401,606170,0,0,0,0,30,-73,-12
12:21:52.609,606170,0,0,0,0,30,-73,-12
12:21:52.818,606570,0,0,0,0,-6,-32,-11
12:21:53.022,606610,0,0,0,0,-12,-29,-7
12:21:53.226,606610,0,0,0,0,-12,-29,-7
12:21:53.435,606610,0,0,0,0,-12,-29,-7
12:21:53.641,606610,0,0,0,0,-12,-29,-7
12:21:53.845,606610,0,0,0,0,-12,-29,-7
12:21:54.047,606610,0,0,0,0,-12,-29,-7
12:21:54.250,606610,0,0,0,0,-12,-29,-7
12:21:54.452,606610,0,0,0,0,-12,-29,-7
12:21:54.655,606510,0,0,0,0,-21,-17,49
12:21:54.862,605730,0,0,0,0,-40,-5,104
12:21:55.065,605730,0,0,0,0,-40,-5,104
12:21:55.268,605730,0,0,0,0,-40,-5,104
12:21:55.475,605730,0,0,0,0,-40,-5,104
12:21:55.682,605730,0,0,0,0,-40,-5,104
12:21:55.887,605730,0,0,0,0,-40,-5,104
12:21:56.092,605730,0,0,0,0,-40,-5,104
12:21:56.298,605730,0,0,0,0,-40,-5,104
12:21:56.501,605730,0,0,0,0,-40,-5,104
12:21:56.705,604300,0,0,0,0,3,-13,75
12:21:56.908,603800,0,0,0,0,24,-7,68
12:21:57.112,603800,0,0,0,0,24,-7,68
12:21:57.316,603800,0,0,0,0,24,-7,68
12:21:57.519,603800,0,0,0,0,24,-7,68
12:21:57.723,603800,0,0,0,0,24,-7,68
12:21:57.931,603800,0,0,0,0,24,-7,68
12:21:58.133,603800,0,0,0,0,24,-7,68
12:21:58.338,603800,0,0,0,0,24,-7,68
12:21:58.546,602850,0,0,0,0,-34,-23,95
12:21:58.749,602590,0,0,0,0,-68,-16,101
12:21:58.951,602330,0,0,0,0,-97,-7,96
12:21:59.154,602330,0,0,0,0,-97,-7,96
12:21:59.360,602330,0,0,0,0,-97,-7,96
12:21:59.563,602330,0,0,0,0,-97,-7,96
12:21:59.766,602330,0,0,0,0,-97,-7,96
12:21:59.969,602330,0,0,0,0,-97,-7,96
12:22:00.172,602330,0,0,0,0,-97,-7,96
12:22:00.377,602330,0,0,0,0,-97,-7,96
12:22:00.585,602330,0,0,0,0,-97,-7,96
12:22:00.794,600700,0,0,0,0,-45,2,88
12:22:01.005,600700,0,0,0,0,-45,2,88
12:22:01.209,600700,0,0,0,0,-45,2,88
12:22:01.412,600700,0,0,0,0,-45,2,88
12:22:01.615,600700,0,0,0,0,-45,2,88
12:22:01.824,600700,0,0,0,0,-45,2,88
12:22:02.026,600700,0,0,0,0,-45,2,88
12:22:02.230,600700,0,0,0,0,-45,2,88
12:22:02.434,600700,0,0,0,0,-45,2,88
12:22:02.639,599210,0,1,0,0,-101,29,74
12:22:02.842,599030,0,1,0,0,-91,27,77
12:22:03.044,599030,0,1,0,0,-91,27,77
12:22:03.248,599030,0,1,0,0,-91,27,77
12:22:03.451,599030,0,1,0,0,-91,27,77
12:22:03.653,599030,0,1,0,0,-91,27,77
12:22:03.860,599030,0,1,0,0,-91,27,77
12:22:04.065,599030,0,1,0,0,-91,27,77
12:22:04.269,599030,0,1,0,0,-91,27,77
12:22:05.837,599030,0,1,0,0,-91,27,77
12:22:06.041,596690,0,0,0,0,6,-11,180
12:22:06.244,596310,0,0,0,0,10,-11,145
12:22:06.448,596310,0,0,0,0,10,-11,145
12:22:06.654,596310,0,0,0,0,10,-11,145
12:22:06.864,596310,0,0,0,0,10,-11,145
12:22:07.071,596310,0,0,0,0,10,-11,145
12:22:07.277,596310,0,0,0,0,10,-11,145
12:22:07.480,596310,0,0,0,0,10,-11,145
12:22:07.685,596310,0,0,0,0,10,-11,145
12:22:07.888,595650,0,0,0,0,-32,-10,8
12:22:08.093,595600,0,0,0,0,-27,-16,-2
12:22:08.301,595640,0,0,0,0,-10,-20,-2
12:22:08.503,595640,0,0,0,0,-10,-20,-2
12:22:08.709,595640,0,0,0,0,-10,-20,-2
12:22:08.920,595640,0,0,0,0,-10,-20,-2
12:22:09.129,595640,0,0,0,0,-10,-20,-2
12:22:09.333,595640,0,0,0,0,-10,-20,-2
12:22:09.539,595640,0,0,0,0,-10,-20,-2
12:22:09.744,595640,0,0,0,0,-10,-20,-2
12:22:09.951,595980,0,0,0,0,45,-31,2
12:22:10.155,595920,0,0,0,0,36,-30,-1
12:22:10.357,595880,0,0,0,0,28,-28,-5
12:22:10.560,595880,0,0,0,0,28,-28,-5
12:22:10.766,595880,0,0,0,0,28,-28,-5
12:22:10.972,595880,0,0,0,0,28,-28,-5
12:22:11.178,595880,0,0,0,0,28,-28,-5
12:22:11.382,595880,0,0,0,0,28,-28,-5
12:22:11.588,595880,0,0,0,0,28,-28,-5
12:22:11.790,595880,0,0,0,0,28,-28,-5
12:22:11.996,595980,0,0,0,0,15,-22,22
12:22:12.199,595550,0,0,0,0,115,-27,21
12:22:12.406,595520,0,0,0,0,134,-27,19
12:22:12.613,595520,0,0,0,0,134,-27,19
12:22:12.820,595520,0,0,0,0,134,-27,19
12:22:13.025,595520,0,0,0,0,134,-27,19
12:22:13.228,595520,0,0,0,0,134,-27,19
12:22:13.431,595520,0,0,0,0,134,-27,19
12:22:13.638,595520,0,0,0,0,134,-27,19
12:22:13.845,595520,0,0,0,0,134,-27,19
12:22:14.049,595220,0,0,0,0,156,-13,83
12:22:14.254,594920,0,0,0,0,149,-6,69
12:22:14.460,594920,0,0,0,0,149,-6,69
12:22:14.664,594920,0,0,0,0,149,-6,69
12:22:14.869,594920,0,0,0,0,149,-6,69
12:22:15.073,594920,0,0,0,0,149,-6,69
12:22:15.283,594920,0,0,0,0,149,-6,69
12:22:15.486,594920,0,0,0,0,149,-6,69
12:22:15.693,594920,0,0,0,0,149,-6,69
12:22:15.899,594920,0,0,0,0,149,-6,69
12:22:16.104,594040,0,0,0,0,107,15,70
12:22:16.310,593640,0,0,0,0,65,28,57
12:22:16.513,593640,0,0,0,0,65,28,57
12:22:16.721,593640,0,0,0,0,65,28,57
12:22:16.925,593640,0,0,0,0,65,28,57
12:22:17.128,593640,0,0,0,0,65,28,57
12:22:17.333,593640,0,0,0,0,65,28,57
12:22:17.539,593640,0,0,0,0,65,28,57
12:22:17.742,593640,0,0,0,0,65,28,57
12:22:17.946,593390,0,0,0,0,73,18,61
12:22:18.151,593250,0,0,0,0,67,19,72
12:22:18.353,593140,0,0,0,0,63,20,70
12:22:18.555,593140,0,0,0,0,63,20,70
12:22:18.758,593140,0,0,0,0,63,20,70
12:22:18.961,593140,0,0,0,0,63,20,70
12:22:19.163,593140,0,0,0,0,63,20,70
12:22:19.367,593140,0,0,0,0,63,20,70
12:22:19.569,593140,0,0,0,0,63,20,70
12:22:19.772,593140,0,0,0,0,63,20,70
12:22:19.976,592490,0,0,0,0,54,29,51
12:22:20.179,592460,0,0,0,0,55,28,59
12:22:20.383,592460,0,0,0,0,55,28,59
12:22:20.586,592460,0,0,0,0,55,28,59
12:22:20.789,592460,0,0,0,0,55,28,59
12:22:20.992,592460,0,0,0,0,55,28,59
12:22:21.196,592460,0,0,0,0,55,28,59
12:22:21.398,592460,0,0,0,0,55,28,59
12:22:21.601,592460,0,0,0,0,55,28,59
12:22:21.811,592460,0,0,0,0,55,28,59
12:22:22.014,591880,0,0,0,0,33,32,74
12:22:22.218,591570,0,1,0,0,30,29,47
12:22:22.422,591570,0,1,0,0,30,29,47
12:22:22.626,591570,0,1,0,0,30,29,47
12:22:22.831,591570,0,1,0,0,30,29,47
12:22:23.033,591570,0,1,0,0,30,29,47
12:22:23.237,591570,0,1,0,0,30,29,47
12:22:23.440,591570,0,1,0,0,30,29,47
12:22:23.642,591570,0,1,0,0,30,29,47
12:22:23.846,591570,0,1,0,0,30,29,47
12:22:24.050,589550,0,0,0,0,-4,19,146
12:22:24.253,589210,0,0,0,0,-7,19,72
12:22:24.455,589210,0,0,0,0,-7,19,72
12:22:24.658,589210,0,0,0,0,-7,19,72
12:22:24.860,589210,0,0,0,0,-7,19,72
12:22:25.064,589210,0,0,0,0,-7,19,72
12:22:25.270,589210,0,0,0,0,-7,19,72
12:22:25.475,589210,0,0,0,0,-7,19,72
12:22:25.680,589210,0,0,0,0,-7,19,72
12:22:25.882,589210,0,0,0,0,-7,19,72
12:22:26.085,588640,0,0,0,0,36,18,-22
12:22:26.287,589010,0,0,0,0,22,29,-2
12:22:26.492,589010,0,0,0,0,22,29,-2
12:22:26.695,589010,0,0,0,0,22,29,-2
12:22:26.898,589010,0,0,0,0,22,29,-2
12:22:27.103,589010,0,0,0,0,22,29,-2
12:22:27.312,589010,0,0,0,0,22,29,-2
12:22:27.515,589010,0,0,0,0,22,29,-2
12:22:27.718,589010,0,0,0,0,22,29,-2
12:22:27.932,589010,0,0,0,0,22,29,-2
12:22:28.140,589280,0,0,0,0,30,33,-10
12:22:28.343,589380,0,0,0,0,30,34,3
12:22:28.545,589380,0,0,0,0,30,34,3
12:22:28.750,589380,0,0,0,0,30,34,3
12:22:28.957,589380,0,0,0,0,30,34,3
12:22:29.159,589380,0,0,0,0,30,34,3
12:22:29.365,589380,0,0,0,0,30,34,3
12:22:29.567,589380,0,0,0,0,30,34,3
12:22:29.770,589380,0,0,0,0,30,34,3
12:22:29.975,589290,0,0,0,0,21,50,17
12:22:30.179,589180,0,0,0,0,37,48,40
12:22:30.382,589010,0,0,0,0,29,48,34
12:22:30.585,589010,0,0,0,0,29,48,34
12:22:30.798,589010,0,0,0,0,29,48,34
12:22:31.001,589010,0,0,0,0,29,48,34
12:22:31.205,589010,0,0,0,0,29,48,34
12:22:31.410,589010,0,0,0,0,29,48,34
12:22:31.616,589010,0,0,0,0,29,48,34
12:22:31.822,589010,0,0,0,0,29,48,34
12:22:32.028,588460,0,0,0,0,10,44,18
12:22:32.230,588080,0,0,0,0,-1,41,17
12:22:32.434,588080,0,0,0,0,-1,41,17
12:22:32.639,588080,0,0,0,0,-1,41,17
12:22:32.844,588080,0,0,0,0,-1,41,17
12:22:33.050,588080,0,0,0,0,-1,41,17
12:22:33.253,588080,0,0,0,0,-1,41,17
12:22:33.458,588080,0,0,0,0,-1,41,17
12:22:33.662,588080,0,0,0,0,-1,41,17
12:22:33.865,588080,0,0,0,0,-1,41,17
12:22:34.067,587740,0,1,0,0,27,21,38
12:22:34.271,587690,0,1,0,0,34,18,43
12:22:34.475,587690,0,1,0,0,34,18,43
12:22:34.679,587690,0,1,0,0,34,18,43
12:22:34.881,587690,0,1,0,0,34,18,43
12:22:35.083,587690,0,1,0,0,34,18,43
12:22:35.287,587690,0,1,0,0,34,18,43
12:22:35.491,587690,0,1,0,0,34,18,43
12:22:35.699,587690,0,1,0,0,34,18,43
12:22:35.902,587360,0,1,0,0,-3,11,96
12:22:36.107,586040,0,1,0,0,-22,0,184
12:22:36.310,585620,0,1,0,0,-21,-3,189
12:22:36.516,585620,0,1,0,0,-21,-3,189
12:22:36.723,585620,0,1,0,0,-21,-3,189
12:22:36.928,585620,0,0,0,0,-21,-3,189
12:22:37.134,585620,0,0,0,0,-21,-3,189
12:22:37.336,585620,0,0,0,0,-21,-3,189
12:22:37.539,585620,0,0,0,0,-21,-3,189
12:22:37.742,585620,0,0,0,0,-21,-3,189
12:22:37.947,585620,0,0,0,0,-21,-3,189
12:22:39.526,583830,0,0,0,0,-124,20,-38
12:22:39.728,583930,0,0,0,0,-207,35,-28
12:22:39.932,583930,0,0,0,0,-207,35,-28
12:22:40.148,583930,0,0,0,0,-207,35,-28
12:22:40.354,583930,0,0,0,0,-207,35,-28
12:22:40.557,583930,0,0,0,0,-207,35,-28
12:22:40.761,583930,0,0,0,0,-207,35,-28
12:22:40.967,583930,0,0,0,0,-207,35,-28
12:22:41.175,583930,0,0,0,0,-207,35,-28
12:22:41.386,584180,0,0,0,0,-31,0,-23
12:22:41.589,584180,0,0,0,0,-31,0,-23
12:22:41.792,584180,0,0,0,0,-6,0,-21
12:22:41.996,584180,0,0,0,0,-6,0,-21
12:22:42.200,584180,0,0,0,0,-6,0,-21
12:22:42.407,584180,0,0,0,0,-6,0,-21
12:22:42.614,584180,0,0,0,0,-6,0,-21
12:22:42.817,584180,0,0,0,0,-6,0,-21
12:22:43.020,584180,0,0,0,0,-6,0,-21
12:22:43.223,584180,0,0,0,0,-6,0,-21
12:22:43.427,584190,0,0,0,0,23,1,-17
12:22:43.629,584210,0,0,0,0,32,3,-13
12:22:43.831,584220,0,0,0,0,33,3,-12
12:22:44.035,584220,0,0,0,0,33,3,-12
12:22:44.243,584220,0,0,0,0,33,3,-12
12:22:44.447,584220,0,0,0,0,33,3,-12
12:22:44.652,584220,0,0,0,0,33,3,-12
12:22:44.855,584220,0,0,0,0,33,3,-12
12:22:45.059,584220,0,0,0,0,33,3,-12
12:22:45.263,584220,0,0,0,0,33,3,-12
12:22:45.470,584220,0,0,0,0,30,5,-8
12:22:45.672,584220,0,0,0,0,25,6,-7
12:22:45.875,584220,0,0,0,0,25,6,-7
12:22:46.078,584220,0,0,0,0,25,6,-7
12:22:46.282,584220,0,0,0,0,25,6,-7
12:22:46.484,584220,0,0,0,0,25,6,-7
12:22:46.691,584220,0,0,0,0,25,6,-7
12:22:46.894,584220,0,0,0,0,25,6,-7
12:22:47.098,584220,0,0,0,0,25,6,-7
12:22:47.304,584230,0,0,0,0,29,6,-6
12:22:47.506,584210,0,0,0,0,18,8,-4
12:22:47.710,584210,0,0,0,0,15,8,-3
12:22:47.914,584210,0,0,0,0,15,8,-3
12:22:48.119,584210,0,0,0,0,15,8,-3
12:22:48.321,584210,0,0,0,0,15,8,-3
12:22:48.524,584210,0,0,0,0,15,8,-3
12:22:48.727,584210,0,0,0,0,15,8,-3
12:22:48.930,584210,0,0,0,0,15,8,-3
12:22:49.137,584210,0,0,0,0,15,8,-3
12:22:49.342,584210,0,0,0,0,15,8,-3
12:22:49.544,584170,0,0,0,0,0,10,-1
12:22:49.746,584160,0,0,0,0,0,10,-1
12:22:49.948,584160,0,0,0,0,0,10,-1
12:22:50.152,584160,0,0,0,0,0,10,-1
12:22:50.354,584160,0,0,0,0,0,10,-1
12:22:50.557,584160,0,0,0,0,0,10,-1
12:22:50.759,584160,0,0,0,0,0,10,-1
12:22:50.962,584160,0,0,0,0,0,10,-1
12:22:51.168,584160,0,0,0,0,0,10,-1
12:22:51.370,584120,0,0,0,0,-9,9,0
12:22:51.573,584120,0,0,0,0,-9,9,0
12:22:51.776,584110,0,0,0,0,-10,9,0
12:22:51.978,584110,0,0,0,0,-10,9,0
12:22:52.180,584110,0,0,0,0,-10,9,0
12:22:52.386,584110,0,0,0,0,-10,9,0
12:22:52.588,584110,0,0,0,0,-10,9,0
12:22:52.796,584110,0,0,0,0,-10,9,0
12:22:52.999,584110,0,0,0,0,-10,9,0
12:22:53.201,584090,0,0,0,0,-13,9,0
12:22:53.404,584070,0,0,0,0,-14,9,1
12:22:53.605,584070,0,0,0,0,-13,11,1
12:22:53.808,584070,0,0,0,0,-13,11,1
12:22:54.010,584070,0,0,0,0,-13,11,1
12:22:54.212,584070,0,0,0,0,-13,11,1
12:22:54.415,584070,0,0,0,0,-13,11,1
12:22:54.619,584070,0,0,0,0,-13,11,1
12:22:54.823,584070,0,0,0,0,-13,11,1
12:22:55.027,584070,0,0,0,0,-13,11,1
12:22:55.236,584070,0,0,0,0,-13,11,1
12:22:55.440,584040,0,0,0,0,-4,26,1
12:22:55.644,584020,0,0,0,0,-6,21,2
12:22:55.847,584020,0,0,0,0,-6,21,2
12:22:56.049,584020,0,0,0,0,-6,21,2
12:22:56.257,584020,0,0,0,0,-6,21,2
12:22:56.465,584020,0,0,0,0,-6,21,2
12:22:56.672,584020,0,0,0,0,-6,21,2
12:22:56.878,584020,0,0,0,0,-6,21,2
12:22:57.081,584020,0,0,0,0,-6,21,2
12:22:57.285,584020,0,0,0,0,-6,21,2
12:22:57.491,583980,0,0,0,0,-10,6,2
12:22:57.692,583970,0,1,0,0,-8,3,2
12:22:57.894,583970,0,1,0,0,-8,3,2
12:22:58.098,583970,0,1,0,0,-8,3,2
12:22:58.302,583970,0,1,0,0,-8,3,2
12:22:58.505,583970,0,1,0,0,-8,3,2
12:22:58.707,583970,0,1,0,0,-8,3,2
12:22:58.909,583970,0,1,0,0,-8,3,2
12:22:59.132,583970,0,1,0,0,-8,3,2
12:22:59.362,583940,0,1,0,0,-7,-1,2
12:22:59.576,583930,0,1,0,0,-9,-2,2
12:22:59.784,583920,0,1,0,0,-9,-2,2
12:23:00.017,583920,0,1,0,0,-9,-2,2
12:23:00.230,583920,0,1,0,0,-9,-2,2
12:23:00.433,583920,0,1,0,0,-9,-2,2
12:23:00.650,583920,0,1,0,0,-9,-2,2
12:23:00.853,583920,0,1,0,0,-9,-2,2
12:23:01.056,583920,0,1,0,0,-9,-2,2
12:23:01.269,583910,0,1,0,0,-8,-1,2
12:23:01.472,583900,0,1,0,0,-8,-1,2
12:23:01.693,583900,1,0,0,0,-8,-1,2
12:23:01.900,583900,1,0,0,0,-8,-1,2
12:23:02.158,583900,1,0,0,0,-8,-1,2
12:23:02.363,583900,1,0,0,0,-8,-1,2
12:23:02.574,583900,1,0,0,0,-8,-1,2
12:23:02.792,583900,1,0,0,0,-8,-1,2
12:23:03.002,583900,1,0,0,0,-8,-1,2
12:23:03.233,583890,1,0,0,0,-7,0,2
12:23:03.455,583890,1,0,0,0,-7,0,2
12:23:03.675,583890,1,0,0,0,-6,0,2
12:23:03.886,583890,1,0,0,0,-6,0,2
12:23:04.114,583890,1,0,0,0,-6,0,2
12:23:04.318,583890,1,0,0,0,-6,0,2
12:23:04.545,583890,1,0,0,0,-6,0,2
12:23:04.780,583890,1,0,0,0,-6,0,2
12:23:04.982,583890,1,0,0,0,-6,0,2
12:23:05.195,583870,1,0,0,0,-4,0,5
12:23:05.416,583860,1,0,0,0,-5,1,4
12:23:05.624,583860,1,0,0,0,-5,1,4
12:23:05.837,583860,1,0,0,0,-5,2,4
12:23:06.081,583860,1,0,0,0,-5,2,4
12:23:06.298,583860,1,0,0,0,-5,2,4
12:23:06.523,583860,1,0,0,0,-5,2,4
12:23:06.734,583860,1,0,0,0,-5,2,4
12:23:06.947,583860,1,0,0,0,-5,2,4
12:23:07.158,583860,1,0,0,0,-5,2,4
12:23:07.361,583850,1,0,0,0,-4,2,3
12:23:07.568,583850,1,0,0,0,-4,3,3
12:23:07.776,583850,1,0,0,0,-4,3,3
12:23:07.977,583850,1,0,0,0,-4,3,3
12:23:08.181,583850,1,0,0,0,-4,3,3
12:23:08.390,583850,1,0,0,0,-4,3,3
12:23:08.599,583850,1,0,0,0,-4,3,3
12:23:08.821,583850,1,0,0,0,-4,3,3
12:23:09.029,583850,1,0,0,0,-4,3,3
12:23:09.248,583850,1,0,0,0,-4,3,3
12:23:09.454,583850,1,0,0,0,-3,3,3
