,A.RTL1,A.RTL2,A.RTL3,A.ALT_HOLD2
17:52:23.746,-1,-1.0,-1,-1
17:52:24.061,-1,-1.0,-1,-1
17:52:24.356,-1,-1.0,-1,-1
17:52:24.566,-1,-1.0,-1,-1
17:52:24.769,-1,-1.0,-1,-1
17:52:24.972,-1,-1.0,-1,-1
17:52:25.174,-1,-1.0,-1,-1
17:52:25.376,-1,-1.0,-1,-1
17:52:25.578,-1,-1.0,-1,-1
17:52:25.779,-1,-1.0,-1,-1
17:52:25.981,-1,-1.0,-1,-1
17:52:26.183,-1,-1.0,-1,-1
17:52:26.385,-1,-1.0,-1,-1
17:52:26.587,-1,-1.0,-1,-1
17:52:26.788,-1,-1.0,-1,-1
17:52:26.990,-1,-1.0,-1,-1
17:52:27.192,-1,-1.0,-1,-1
17:52:27.394,-1,-1.0,-1,-1
17:52:27.595,-1,-1.0,-1,-1
17:52:27.797,-1,-1.0,-1,-1
17:52:27.999,-1,-1.0,-1,-1
17:52:28.201,-1,-1.0,-1,-1
17:52:28.403,-1,-1.0,-1,-1
17:52:28.604,-1,-1.0,-1,-1
17:52:28.806,-1,-1.0,-1,-1
17:52:29.008,-1,-1.0,-1,-1
17:52:29.210,-1,-1.0,-1,-1
17:52:29.605,-1,-1.0,-1,-1
17:52:29.818,-1,-1.0,-1,-1
17:52:30.110,-1,-1.0,-1,-1
17:52:30.411,-1,-1.0,-1,-1
17:52:30.614,-1,-1.0,-1,-1
17:52:30.822,-1,-1.0,-1,-1
17:52:31.025,-1,-1.0,-1,-1
17:52:31.228,-1,-1.0,-1,-1
17:52:31.430,-1,-1.0,-1,-1
17:52:31.633,-1,-1.0,-1,-1
17:52:31.835,-1,-1.0,-1,-1
17:52:32.041,-1,-1.0,-1,-1
17:52:32.244,-1,-1.0,-1,-1
17:52:32.446,-1,-1.0,-1,-1
17:52:32.647,-1,-1.0,-1,-1
17:52:32.849,-1,-1.0,-1,-1
17:52:33.051,-1,-1.0,-1,-1
17:52:33.253,-1,-1.0,-1,-1
17:52:33.454,-1,-1.0,-1,-1
17:52:33.657,-1,-1.0,-1,-1
17:52:33.859,-1,-1.0,-1,-1
17:52:34.061,-1,-1.0,-1,-1
17:52:34.263,-1,-1.0,-1,-1
17:52:34.465,-1,-1.0,-1,-1
17:52:34.667,-1,-1.0,-1,-1
17:52:34.868,-1,-1.0,-1,-1
17:52:35.070,-1,-1.0,-1,-1
17:52:35.333,-1,-1.0,-1,-1
17:52:35.565,-1,-1.0,-1,-1
17:52:35.863,-1,-1.0,-1,-1
17:52:36.162,-1,-1.0,-1,-1
17:52:36.442,-1,-1.0,-1,-1
17:52:36.643,-1,-1.0,-1,-1
17:52:36.847,-1,-1.0,-1,-1
17:52:37.050,-1,-1.0,-1,-1
17:52:37.252,-1,-1.0,-1,-1
17:52:37.454,-1,-1.0,-1,-1
17:52:37.656,-1,-1.0,-1,-1
17:52:37.858,-1,-1.0,-1,-1
17:52:38.060,-1,-1.0,-1,-1
17:52:38.262,-1,-1.0,-1,-1
17:52:38.464,-1,-1.0,-1,-1
17:52:38.665,-1,-1.0,-1,-1
17:52:38.867,-1,-1.0,-1,-1
17:52:39.069,-1,-1.0,-1,-1
17:52:39.270,-1,-1.0,-1,-1
17:52:39.472,-1,-1.0,-1,-1
17:52:39.675,-1,-1.0,-1,-1
17:52:39.878,-1,-1.0,-1,-1
17:52:40.080,-1,-1.0,-1,-1
17:52:40.282,-1,-1.0,-1,-1
17:52:40.484,-1,-1.0,-1,-1
17:52:40.685,-1,-1.0,-1,-1
17:52:40.887,-1,-1.0,-1,-1
17:52:41.088,-1,-1.0,-1,-1
17:52:41.457,-1,-1.0,-1,-1
17:52:41.669,-1,-1.0,-1,-1
17:52:41.995,-1,-1.0,-1,-1
17:52:42.206,-1,-1.0,-1,-1
17:52:42.463,-1,-1.0,-1,-1
17:52:42.665,-1,-1.0,-1,-1
17:52:42.867,-1,-1.0,-1,-1
17:52:43.070,-1,-1.0,-1,-1
17:52:43.272,-1,-1.0,-1,-1
17:52:43.473,-1,-1.0,-1,-1
17:52:43.675,-1,-1.0,-1,-1
17:52:43.877,-1,-1.0,-1,-1
17:52:44.079,-1,-1.0,-1,-1
17:52:44.281,-1,-1.0,-1,-1
17:52:44.482,-1,-1.0,-1,-1
17:52:44.684,-1,-1.0,-1,-1
17:52:44.886,-1,-1.0,-1,-1
17:52:45.087,-1,-1.0,-1,-1
17:52:45.289,-1,-1.0,-1,-1
17:52:45.491,-1,-1.0,-1,-1
17:52:45.693,-1,-1.0,-1,-1
17:52:45.895,-1,-1.0,-1,-1
17:52:46.097,-1,-1.0,-1,-1
17:52:46.298,-1,-1.0,-1,-1
17:52:46.500,-1,-1.0,-1,-1
17:52:46.701,-1,-1.0,-1,-1
17:52:46.903,-1,-1.0,-1,-1
17:52:47.105,-1,-1.0,-1,-1
17:52:47.365,-1,-1.0,-1,-1
17:52:47.606,-1,-1.0,-1,-1
17:52:47.850,-1,-1.0,-1,-1
17:52:48.102,-1,-1.0,-1,-1
17:52:48.315,-1,-1.0,-1,-1
17:52:48.518,-1,-1.0,-1,-1
17:52:48.721,-1,-1.0,-1,-1
17:52:48.923,-1,-1.0,-1,-1
17:52:49.125,-1,-1.0,-1,-1
17:52:49.327,-1,-1.0,-1,-1
17:52:49.529,-1,-1.0,-1,-1
17:52:49.731,-1,-1.0,-1,-1
17:52:49.933,-1,-1.0,-1,-1
17:52:50.147,-1,-1.0,-1,-1
17:52:50.349,-1,-1.0,-1,-1
17:52:50.551,-1,-1.0,-1,-1
17:52:50.753,-1,-1.0,-1,-1
17:52:50.954,-1,-1.0,-1,-1
17:52:51.156,-1,-1.0,-1,-1
17:52:51.358,-1,-1.0,-1,-1
17:52:51.560,-1,-1.0,-1,-1
17:52:51.762,-1,-1.0,-1,-1
17:52:51.964,-1,-1.0,-1,-1
17:52:52.166,-1,-1.0,-1,-1
17:52:52.368,-1,-1.0,-1,-1
17:52:52.569,-1,-1.0,-1,-1
17:52:52.771,-1,-1.0,-1,-1
17:52:52.973,-1,-1.0,-1,-1
17:52:53.228,-1,-1.0,-1,-1
17:52:53.451,-1,-1.0,-1,-1
17:52:53.755,-1,-1.0,-1,-1
17:52:53.982,-1,-1.0,-1,-1
17:52:54.314,-1,-1.0,-1,-1
17:52:54.516,-1,-1.0,-1,-1
17:52:54.718,-1,-1.0,-1,-1
17:52:54.927,-1,-1.0,-1,-1
17:52:55.130,-1,-1.0,-1,-1
17:52:55.332,-1,-1.0,-1,-1
17:52:55.534,-1,-1.0,-1,-1
17:52:55.736,-1,-1.0,-1,-1
17:52:55.938,-1,-1.0,-1,-1
17:52:56.140,-1,-1.0,-1,-1
17:52:56.345,-1,-1.0,-1,-1
17:52:56.547,-1,-1.0,-1,-1
17:52:56.749,-1,-1.0,-1,-1
17:52:56.951,-1,-1.0,-1,-1
17:52:57.153,-1,-1.0,-1,-1
17:52:57.355,-1,-1.0,-1,-1
17:52:57.557,-1,-1.0,-1,-1
17:52:57.759,-1,-1.0,-1,-1
17:52:57.961,-1,-1.0,-1,-1
17:52:58.163,-1,-1.0,-1,-1
17:52:58.365,-1,-1.0,-1,-1
17:52:58.567,-1,-1.0,-1,-1
17:52:58.769,-1,-1.0,-1,-1
17:52:58.970,-1,-1.0,-1,-1
17:52:59.252,-1,-1.0,-1,-1
17:52:59.526,-1,-1.0,-1,-1
17:52:59.844,-1,-1.0,-1,-1
17:53:00.105,-1,-1.0,-1,-1
17:53:00.405,-1,-1.0,-1,-1
17:53:00.608,-1,-1.0,-1,-1
17:53:00.810,-1,-1.0,-1,-1
17:53:01.015,-1,-1.0,-1,-1
17:53:01.217,-1,-1.0,-1,-1
17:53:01.419,-1,-1.0,-1,-1
17:53:01.621,-1,-1.0,-1,-1
17:53:01.823,-1,-1.0,-1,-1
17:53:02.026,-1,-1.0,-1,-1
17:53:02.228,-1,-1.0,-1,-1
17:53:02.430,-1,-1.0,-1,-1
17:53:02.632,-1,-1.0,-1,-1
17:53:02.834,-1,-1.0,-1,-1
17:53:03.036,-1,-1.0,-1,-1
17:53:03.238,-1,-1.0,-1,-1
17:53:03.440,-1,-1.0,-1,-1
17:53:03.642,-1,-1.0,-1,-1
17:53:03.844,-1,-1.0,-1,-1
17:53:04.046,-1,-1.0,-1,-1
17:53:04.248,-1,-1.0,-1,-1
17:53:04.456,-1,-1.0,-1,-1
17:53:04.658,-1,-1.0,-1,-1
17:53:04.859,-1,-1.0,-1,-1
17:53:05.061,-1,-1.0,-1,-1
17:53:05.311,-1,-1.0,-1,-1
17:53:05.602,-1,-1.0,-1,-1
17:53:05.869,-1,-1.0,-1,-1
17:53:06.120,-1,-1.0,-1,-1
17:53:06.398,-1,-1.0,-1,-1
17:53:06.601,-1,-1.0,-1,-1
17:53:06.803,-1,-1.0,-1,-1
17:53:07.006,-1,-1.0,-1,-1
17:53:07.208,-1,-1.0,-1,-1
17:53:07.410,-1,-1.0,-1,-1
17:53:07.612,-1,-1.0,-1,-1
17:53:07.814,-1,-1.0,-1,-1
17:53:08.017,-1,-1.0,-1,-1
17:53:08.219,-1,-1.0,-1,-1
17:53:08.421,-1,-1.0,-1,-1
17:53:08.623,-1,-1.0,-1,-1
17:53:08.825,-1,-1.0,-1,-1
17:53:09.026,-1,-1.0,-1,-1
17:53:09.228,-1,-1.0,-1,-1
17:53:09.430,-1,-1.0,-1,-1
17:53:09.632,-1,-1.0,-1,-1
17:53:09.834,-1,-1.0,-1,-1
17:53:10.036,-1,-1.0,-1,-1
17:53:10.238,-1,-1.0,-1,-1
17:53:10.441,-1,-1.0,-1,-1
17:53:10.660,-1,-1.0,-1,-1
17:53:10.861,-1,-1.0,-1,-1
17:53:11.063,-1,-1.0,-1,-1
17:53:11.409,-1,-1.0,-1,-1
17:53:11.643,-1,-1.0,-1,-1
17:53:11.895,-1,-1.0,-1,-1
17:53:12.148,-1,-1.0,-1,-1
17:53:12.354,-1,-1.0,-1,-1
17:53:12.557,-1,-1.0,-1,-1
17:53:12.759,-1,-1.0,-1,-1
17:53:12.962,-1,-1.0,-1,-1
17:53:13.164,-1,-1.0,-1,-1
17:53:13.365,-1,-1.0,-1,-1
17:53:13.568,-1,-1.0,-1,-1
17:53:13.770,-1,-1.0,-1,-1
17:53:13.972,-1,-1.0,-1,-1
17:53:14.174,-1,-1.0,-1,-1
17:53:14.376,-1,-1.0,-1,-1
17:53:14.578,-1,-1.0,-1,-1
17:53:14.780,-1,-1.0,-1,-1
17:53:14.982,-1,-1.0,-1,-1
17:53:15.184,-1,-1.0,-1,-1
17:53:15.385,-1,-1.0,-1,-1
17:53:15.587,-1,-1.0,-1,-1
17:53:15.790,-1,-1.0,-1,-1
17:53:15.992,-1,-1.0,-1,-1
17:53:16.194,-1,-1.0,-1,-1
17:53:16.396,-1,-1.0,-1,-1
17:53:16.598,-1,-1.0,-1,-1
17:53:16.799,-1,-1.0,-1,-1
17:53:17.001,-1,-1.0,-1,-1
17:53:17.216,-1,-1.0,-1,-1
17:53:17.494,-1,-1.0,-1,-1
17:53:17.710,-1,-1.0,-1,-1
17:53:18.011,-1,-1.0,-1,-1
17:53:18.216,-1,-1.0,-1,-1
17:53:18.418,-1,-1.0,-1,-1
17:53:18.622,-1,-1.0,-1,-1
17:53:18.824,-1,-1.0,-1,-1
17:53:19.026,-1,-1.0,-1,-1
17:53:19.228,-1,-1.0,-1,-1
17:53:19.430,-1,-1.0,-1,-1
17:53:19.632,-1,-1.0,-1,-1
17:53:19.834,-1,-1.0,-1,-1
17:53:20.036,-1,-1.0,-1,-1
17:53:20.238,-1,-1.0,-1,-1
17:53:20.440,-1,-1.0,-1,-1
17:53:20.642,-1,-1.0,-1,-1
17:53:20.844,-1,-1.0,-1,-1
17:53:21.046,-1,-1.0,-1,-1
17:53:21.248,-1,-1.0,-1,-1
17:53:21.450,-1,-1.0,-1,-1
17:53:21.652,-1,-1.0,-1,-1
17:53:21.854,-1,-1.0,-1,-1
17:53:22.256,-1,-1.0,-1,-1
17:53:22.577,-1,-1.0,-1,-1
17:53:22.860,-1,-1.0,-1,-1
17:53:23.112,-1,-1.0,-1,-1
17:53:23.314,-1,-1.0,-1,-1
17:53:23.519,-1,-1.0,-1,-1
17:53:23.725,-1,-1.0,-1,-1
17:53:23.927,-1,-1.0,-1,-1
17:53:24.129,-1,-1.0,-1,-1
17:53:24.332,-1,-1.0,-1,-1
17:53:24.534,-1,-1.0,-1,-1
17:53:24.735,-1,-1.0,-1,-1
17:53:24.937,-1,-1.0,-1,-1
17:53:25.139,-1,-1.0,-1,-1
17:53:25.341,-1,-1.0,-1,-1
17:53:25.543,-1,-1.0,-1,-1
17:53:25.747,-1,-1.0,-1,-1
17:53:25.950,-1,-1.0,-1,-1
17:53:26.161,-1,-1.0,-1,-1
17:53:26.363,-1,-1.0,-1,-1
17:53:26.565,-1,-1.0,-1,-1
17:53:26.767,-1,-1.0,-1,-1
17:53:26.969,-1,-1.0,-1,-1
17:53:27.171,-1,-1.0,-1,-1
17:53:27.402,-1,-1.0,-1,-1
17:53:27.747,-1,-1.0,-1,-1
17:53:27.951,-1,-1.0,-1,-1
17:53:28.169,-1,-1.0,-1,-1
17:53:28.388,-1,-1.0,-1,-1
17:53:28.590,-1,-1.0,-1,-1
17:53:28.794,-1,-1.0,-1,-1
17:53:28.996,-1,-1.0,-1,-1
17:53:29.198,-1,-1.0,-1,-1
17:53:29.400,-1,-1.0,-1,-1
17:53:29.602,-1,-1.0,-1,-1
17:53:29.804,-1,-1.0,-1,-1
17:53:30.006,-1,-1.0,-1,-1
17:53:30.209,-1,-1.0,-1,-1
17:53:30.412,-1,-1.0,-1,-1
17:53:30.614,-1,-1.0,-1,-1
17:53:30.816,-1,-1.0,-1,-1
17:53:31.018,-1,-1.0,-1,-1
17:53:31.220,-1,-1.0,-1,-1
17:53:31.422,-1,-1.0,-1,-1
17:53:31.623,-1,-1.0,-1,-1
17:53:31.825,-1,-1.0,-1,-1
17:53:32.027,-1,-1.0,-1,-1
17:53:32.230,1,-0.957,-1,-1
17:53:32.432,1,-0.957,-1,-1
17:53:32.634,1,-0.957,-1,-1
17:53:32.836,1,-0.957,-1,-1
17:53:33.038,1,-0.957,-1,-1
17:53:33.320,-1,-0.957,-1,-1
17:53:33.608,-1,-0.957,-1,-1
17:53:33.914,-1,-0.957,-1,-1
17:53:34.179,-1,-0.957,-1,-1
17:53:34.415,-1,-0.957,-1,-1
17:53:34.618,-1,-0.957,-1,-1
17:53:34.823,-1,-0.956,-1,-1
17:53:35.025,-1,-0.956,-1,-1
17:53:35.227,-1,-0.923,-1,-1
17:53:35.429,-1,-0.923,-1,-1
17:53:35.631,-1,-0.923,-1,-1
17:53:35.833,-1,-0.922,-1,-1
17:53:36.036,-1,-0.922,-1,-1
17:53:36.238,-1,-0.922,-1,-1
17:53:36.440,-1,-0.922,-1,-1
17:53:36.642,-1,-0.922,-1,-1
17:53:36.843,-1,-0.92,-1,-1
17:53:37.045,-1,-0.92,-1,-1
17:53:37.247,-1,-0.92,-1,-1
17:53:37.449,-1,-0.92,-1,-1
17:53:37.651,-1,-0.919,-1,-1
17:53:37.853,-1,-0.919,-1,-1
17:53:38.055,-1,-0.919,-1,-1
17:53:38.262,-1,-0.919,-1,-1
17:53:38.466,-1,-0.919,-1,-1
17:53:38.671,-1,-0.918,-1,-1
17:53:38.873,-1,-0.918,-1,-1
17:53:39.074,-1,-0.918,-1,-1
17:53:39.307,-1,-0.918,-1,-1
17:53:39.710,-1,-0.918,-1,-1
17:53:39.969,-1,-0.918,-1,-1
17:53:40.285,-1,-0.918,-1,-1
17:53:40.487,-1,-0.918,-1,-1
17:53:40.691,-1,-0.918,-1,-1
17:53:40.893,1,-0.918,-1,-1
17:53:41.096,1,-0.918,-1,-1
17:53:41.298,1,-0.961,-1,-1
17:53:41.500,1,-0.961,-1,-1
17:53:41.702,1,-0.961,-1,-1
17:53:41.904,1,-0.961,-1,-1
17:53:42.106,-1,-0.961,-1,-1
17:53:42.308,-1,-0.961,-1,-1
17:53:42.511,-1,-0.961,-1,-1
17:53:42.713,-1,-0.961,-1,-1
17:53:42.914,-1,-0.961,-1,-1
17:53:43.117,-1,-0.96,-1,-1
17:53:43.318,-1,-0.96,-1,-1
17:53:43.520,-1,-0.96,-1,-1
17:53:43.722,-1,-0.96,-1,-1
17:53:43.925,-1,-0.96,-1,-1
17:53:44.127,-1,-0.96,-1,-1
17:53:44.328,-1,-0.96,-1,-1
17:53:44.530,-1,-0.96,-1,-1
17:53:44.732,-1,-0.96,-1,-1
17:53:44.934,-1,-0.96,-1,-1
17:53:45.141,-1,-0.96,-1,-1
17:53:45.353,-1,-0.96,-1,-1
17:53:45.781,-1,-0.96,-1,-1
17:53:46.014,1,-0.96,-1,-1
17:53:46.253,1,-0.96,-1,-1
17:53:46.457,1,-0.96,-1,-1
17:53:46.667,1,-0.96,-1,-1
17:53:46.869,-1,-0.96,-1,-1
17:53:47.071,-1,-0.922,-1,-1
17:53:47.273,-1,-0.922,-1,-1
17:53:47.474,-1,-0.922,-1,-1
17:53:47.677,-1,-0.922,-1,-1
17:53:47.879,-1,-0.922,-1,-1
17:53:48.081,-1,-0.921,-1,-1
17:53:48.283,-1,-0.921,-1,-1
17:53:48.485,-1,-0.921,-1,-1
17:53:48.687,-1,-0.921,-1,-1
17:53:48.888,-1,-0.921,-1,-1
17:53:49.090,-1,-0.921,-1,-1
17:53:49.292,-1,-0.92,-1,-1
17:53:49.494,-1,-0.92,-1,-1
17:53:49.696,-1,-0.92,-1,-1
17:53:49.898,-1,-0.92,-1,-1
17:53:50.100,-1,-0.92,-1,-1
17:53:50.302,-1,-0.92,-1,-1
17:53:50.504,-1,-0.92,-1,-1
17:53:50.706,-1,-0.92,-1,-1
17:53:50.908,-1,-0.92,-1,-1
17:53:51.164,1,-0.92,-1,-1
17:53:51.489,1,-0.92,-1,-1
17:53:51.762,1,-0.92,-1,-1
17:53:52.123,1,-0.92,-1,-1
17:53:52.326,-1,-0.92,-1,-1
17:53:52.529,-1,-0.92,-1,-1
17:53:52.731,-1,-0.92,-1,-1
17:53:52.933,-1,-0.92,-1,-1
17:53:53.135,-1,-0.91,-1,-1
17:53:53.337,-1,-0.909,-1,-1
17:53:53.539,-1,-0.909,-1,-1
17:53:53.741,-1,-0.909,-1,-1
17:53:53.943,-1,-0.909,-1,-1
17:53:54.145,-1,-0.909,-1,-1
17:53:54.348,-1,-0.909,-1,-1
17:53:54.550,-1,-0.909,-1,-1
17:53:54.752,-1,-0.909,-1,-1
17:53:54.954,-1,-0.908,-1,-1
17:53:55.156,-1,-0.908,-1,-1
17:53:55.358,-1,-0.908,-1,-1
17:53:55.560,-1,-0.908,-1,-1
17:53:55.762,-1,-0.908,-1,-1
17:53:55.964,-1,-0.908,-1,-1
17:53:56.166,1,-0.908,-1,-1
17:53:56.373,1,-0.908,-1,-1
17:53:56.575,1,-0.908,-1,-1
17:53:56.777,1,-0.908,-1,-1
17:53:56.979,1,-0.908,-1,-1
17:53:57.216,1,-0.908,-1,-1
17:53:57.424,-1,-0.908,-1,-1
17:53:57.750,-1,-0.908,-1,-1
17:53:58.023,-1,-0.908,-1,-1
17:53:58.226,-1,-0.907,-1,-1
17:53:58.428,-1,-0.907,-1,-1
17:53:58.630,-1,-0.907,-1,-1
17:53:58.832,-1,-0.907,-1,-1
17:53:59.034,-1,-0.957,-1,-1
17:53:59.236,-1,-0.957,-1,-1
17:53:59.438,-1,-0.957,-1,-1
17:53:59.640,-1,-0.957,-1,-1
17:53:59.842,-1,-0.957,-1,-1
17:54:00.044,-1,-0.957,-1,-1
17:54:00.246,-1,-0.957,-1,-1
17:54:00.448,-1,-0.957,-1,-1
17:54:00.650,-1,-0.957,-1,-1
17:54:00.852,-1,-0.957,-1,-1
17:54:01.054,-1,-0.957,-1,-1
17:54:01.255,-1,-0.957,-1,-1
17:54:01.457,-1,-0.957,-1,-1
17:54:01.659,-1,-0.957,-1,-1
17:54:01.863,1,-0.957,-1,-1
17:54:02.221,1,-0.957,-1,-1
17:54:02.457,1,-0.957,-1,-1
17:54:02.726,1,-0.957,-1,-1
17:54:02.961,-1,-0.957,-1,-1
17:54:03.163,-1,-0.957,-1,-1
17:54:03.371,-1,-0.957,-1,-1
17:54:03.573,-1,-0.957,-1,-1
17:54:03.780,-1,-0.968,-1,-1
17:54:03.982,-1,-0.968,-1,-1
17:54:04.184,-1,-0.968,-1,-1
17:54:04.386,-1,-0.968,-1,-1
17:54:04.588,-1,-0.968,-1,-1
17:54:04.790,-1,-0.968,-1,-1
17:54:04.992,-1,-0.968,-1,-1
17:54:05.193,-1,-0.968,-1,-1
17:54:05.395,-1,-0.968,-1,-1
17:54:05.597,-1,-0.968,-1,-1
17:54:05.800,-1,-0.968,-1,-1
17:54:06.002,-1,-0.968,-1,-1
17:54:06.204,-1,-0.968,-1,-1
17:54:06.406,-1,-0.968,-1,-1
17:54:06.608,-1,-0.968,-1,-1
17:54:06.809,1,-0.968,-1,-1
17:54:07.011,1,-0.968,-1,-1
17:54:07.213,1,-0.968,-1,-1
17:54:07.564,1,-0.968,-1,-1
17:54:07.850,-1,-0.968,-1,-1
17:54:08.137,-1,-0.968,-1,-1
17:54:08.468,-1,-0.968,-1,-1
17:54:08.680,-1,-0.968,-1,-1
17:54:08.884,-1,-0.967,-1,-1
17:54:09.086,-1,-0.967,-1,-1
17:54:09.288,-1,-0.964,-1,-1
17:54:09.490,-1,-0.964,-1,-1
17:54:09.692,-1,-0.964,-1,-1
17:54:09.894,-1,-0.963,-1,-1
17:54:10.096,-1,-0.963,-1,-1
17:54:10.298,-1,-0.963,-1,-1
17:54:10.500,-1,-0.963,-1,-1
17:54:10.702,-1,-0.963,-1,-1
17:54:10.904,-1,-0.963,-1,-1
17:54:11.106,-1,-0.963,-1,-1
17:54:11.308,-1,-0.963,-1,-1
17:54:11.509,-1,-0.963,-1,-1
17:54:11.711,-1,-0.963,-1,-1
17:54:11.913,-1,-0.963,-1,-1
17:54:12.115,1,-0.963,-1,-1
17:54:12.317,1,-0.963,-1,-1
17:54:12.519,1,-0.963,-1,-1
17:54:12.721,1,-0.963,-1,-1
17:54:12.923,-1,-0.963,-1,-1
17:54:13.125,-1,-0.963,-1,-1
17:54:13.479,-1,-0.963,-1,-1
17:54:13.776,-1,-0.963,-1,-1
17:54:14.109,-1,-0.963,-1,-1
17:54:14.315,-1,-0.963,-1,-1
17:54:14.518,-1,-0.963,-1,-1
17:54:14.721,-1,-0.963,-1,-1
17:54:14.924,-1,-0.963,-1,-1
17:54:15.127,-1,-0.946,-1,-1
17:54:15.330,-1,-0.946,-1,-1
17:54:15.532,-1,-0.946,-1,-1
17:54:15.734,-1,-0.946,-1,-1
17:54:15.936,-1,-0.946,-1,-1
17:54:16.138,-1,-0.946,-1,-1
17:54:16.341,-1,-0.946,-1,-1
17:54:16.544,-1,-0.946,-1,-1
17:54:16.746,-1,-0.946,-1,-1
17:54:16.948,1,-0.946,-1,-1
17:54:17.149,1,-0.946,-1,-1
17:54:17.351,1,-0.946,-1,-1
17:54:17.553,1,-0.946,-1,-1
17:54:17.755,1,-0.946,-1,-1
17:54:17.957,-1,-0.946,-1,-1
17:54:18.159,-1,-0.946,-1,-1
17:54:18.361,-1,-0.946,-1,-1
17:54:18.563,-1,-0.946,-1,-1
17:54:18.765,-1,-0.946,-1,-1
17:54:18.967,-1,-0.945,-1,-1
17:54:19.288,-1,-0.945,-1,-1
17:54:19.519,-1,-0.945,-1,-1
17:54:19.756,-1,-0.945,-1,-1
17:54:20.004,-1,-0.945,-1,-1
17:54:20.263,-1,-0.945,-1,-1
17:54:20.466,-1,-0.945,-1,-1
17:54:20.675,-1,-0.945,-1,-1
17:54:20.882,-1,-0.944,-1,-1
17:54:21.084,-1,-0.952,-1,-1
17:54:21.286,-1,-0.952,-1,-1
17:54:21.488,-1,-0.952,-1,-1
17:54:21.689,-1,-0.952,-1,-1
17:54:21.892,-1,-0.952,-1,-1
17:54:22.094,-1,-0.952,-1,-1
17:54:22.296,1,-0.952,-1,-1
17:54:22.498,1,-0.952,-1,-1
17:54:22.700,1,-0.952,-1,-1
17:54:22.901,1,-0.952,-1,-1
17:54:23.103,1,-0.952,-1,-1
17:54:23.305,-1,-0.952,-1,-1
17:54:23.507,-1,-0.952,-1,-1
17:54:23.709,-1,-0.952,-1,-1
17:54:23.911,-1,-0.952,-1,-1
17:54:24.113,-1,-0.952,-1,-1
17:54:24.315,-1,-0.951,-1,-1
17:54:24.517,-1,-0.951,-1,-1
17:54:24.719,-1,-0.951,-1,-1
17:54:24.921,-1,-0.951,-1,-1
17:54:25.211,-1,-0.951,-1,-1
17:54:25.443,-1,-0.951,-1,-1
17:54:25.764,-1,-0.951,-1,-1
17:54:25.980,-1,-0.951,-1,-1
17:54:26.222,-1,-0.951,-1,-1
17:54:26.427,-1,-0.951,-1,-1
17:54:26.630,-1,-0.951,-1,-1
17:54:26.834,-1,-0.951,-1,-1
17:54:27.036,-1,-0.969,-1,-1
17:54:27.238,-1,-0.969,-1,-1
17:54:27.440,1,-0.969,-1,-1
17:54:27.642,1,-0.969,-1,-1
17:54:27.844,1,-0.969,-1,-1
17:54:28.046,1,-0.969,-1,-1
17:54:28.248,-1,-0.969,-1,-1
17:54:28.450,-1,-0.969,-1,-1
17:54:28.652,-1,-0.969,-1,-1
17:54:28.854,-1,-0.969,-1,-1
17:54:29.056,-1,-0.969,-1,-1
17:54:29.258,-1,-0.969,-1,-1
17:54:29.460,-1,-0.969,-1,-1
17:54:29.663,-1,-0.969,-1,-1
17:54:29.865,-1,-0.969,-1,-1
17:54:30.068,-1,-0.969,-1,-1
17:54:30.270,-1,-0.969,-1,-1
17:54:30.482,-1,-0.969,-1,-1
17:54:30.684,-1,-0.969,-1,-1
17:54:30.888,-1,-0.969,-1,-1
17:54:31.105,-1,-0.969,-1,-1
17:54:31.321,-1,-0.969,-1,-1
17:54:31.542,-1,-0.969,-1,-1
17:54:31.772,-1,-0.969,-1,-1
17:54:32.092,-1,-0.969,-1,-1
17:54:32.295,-1,-0.969,-1,-1
17:54:32.500,-1,-0.969,-1,-1
17:54:32.703,-1,-0.969,-1,-1
17:54:32.905,1,-0.969,-1,-1
17:54:33.107,-1,0.953,-1,-1
17:54:33.309,-1,0.953,-1,-1
17:54:33.510,-1,0.953,-1,-1
17:54:33.713,-1,0.953,-1,-1
17:54:33.915,-1,0.953,-1,-1
17:54:34.117,-1,0.953,-1,-1
17:54:34.319,-1,1.0,-1,-1
17:54:34.521,-1,1.0,-1,-1
17:54:34.723,-1,1.0,-1,-1
17:54:34.925,-1,0.921,-1,-1
17:54:35.128,-1,0.921,-1,-1
17:54:35.329,-1,0.921,-1,-1
17:54:35.531,-1,0.906,-1,-1
17:54:35.733,-1,0.906,-1,-1
17:54:35.935,-1,0.859,-1,-1
17:54:36.137,-1,0.93,-1,-1
17:54:36.339,-1,0.93,-1,-1
17:54:36.541,-1,0.93,-1,-1
17:54:36.743,-1,0.93,-1,-1
17:54:36.945,-1,0.906,-1,-1
17:54:37.181,-1,0.859,-1,-1
17:54:37.461,-1,0.859,-1,-1
17:54:37.769,-1,0.859,-1,-1
17:54:38.038,-1,0.906,-1,-1
17:54:38.249,-1,0.953,-1,-1
17:54:38.451,-1,0.953,-1,-1
17:54:38.653,-1,0.953,-1,-1
17:54:38.855,-1,0.953,-1,-1
17:54:39.057,-1,-0.697,-1,-1
17:54:39.258,-1,-0.697,-1,-1
17:54:39.460,-1,-0.696,-1,-1
17:54:39.662,-1,-0.695,-1,-1
17:54:39.864,-1,-0.695,-1,-1
17:54:40.066,-1,-0.695,-1,-1
17:54:40.268,-1,-0.694,-1,-1
17:54:40.470,-1,-0.694,-1,-1
17:54:40.673,-1,-0.694,-1,-1
17:54:40.875,-1,-0.694,-1,-1
17:54:41.076,-1,-0.692,-1,-1
17:54:41.278,-1,-0.691,-1,-1
17:54:41.480,-1,-0.691,-1,-1
17:54:41.682,-1,-0.691,-1,-1
17:54:41.884,-1,-0.691,-1,-1
17:54:42.160,-1,-0.691,-1,-1
17:54:42.459,-1,-0.691,-1,-1
17:54:42.773,-1,-0.691,-1,-1
17:54:43.029,1,-0.691,-1,-1
17:54:43.251,1,-0.691,-1,-1
17:54:43.452,1,-0.691,-1,-1
17:54:43.657,1,-0.691,-1,-1
17:54:43.860,1,-0.691,-1,-1
17:54:44.062,-1,-0.973,-1,-1
17:54:44.264,-1,-0.973,-1,-1
17:54:44.466,-1,-0.973,-1,-1
17:54:44.668,-1,-0.973,-1,-1
17:54:44.870,-1,-0.973,-1,-1
17:54:45.073,-1,-0.973,-1,-1
17:54:45.275,-1,-0.973,-1,-1
17:54:45.477,-1,-0.973,-1,-1
17:54:45.679,-1,-0.973,-1,-1
17:54:45.881,-1,-0.973,-1,-1
17:54:46.083,-1,-0.973,-1,-1
17:54:46.285,-1,-0.973,-1,-1
17:54:46.493,-1,-0.973,-1,-1
17:54:46.694,-1,-0.973,-1,-1
17:54:46.896,-1,-0.973,-1,-1
17:54:47.098,-1,-0.973,-1,-1
17:54:47.300,-1,-0.973,-1,-1
17:54:47.513,-1,-0.973,-1,-1
17:54:47.841,-1,-0.973,-1,-1
17:54:48.133,-1,-0.973,-1,-1
17:54:48.411,1,-0.973,-1,-1
17:54:48.655,1,-0.973,-1,-1
17:54:48.860,1,-0.973,-1,-1
17:54:49.064,-1,-0.973,-1,-1
17:54:49.267,-1,-0.973,-1,-1
17:54:49.468,-1,-0.817,-1,-1
17:54:49.670,-1,-0.817,-1,-1
17:54:49.872,-1,-0.817,-1,-1
17:54:50.074,-1,-0.817,-1,-1
17:54:50.276,-1,-0.816,-1,-1
17:54:50.492,-1,-0.816,-1,-1
17:54:50.694,-1,-0.816,-1,-1
17:54:50.896,-1,-0.815,-1,-1
17:54:51.098,-1,-0.815,-1,-1
17:54:51.300,-1,-0.815,-1,-1
17:54:51.502,-1,-0.814,-1,-1
17:54:51.704,-1,-0.814,-1,-1
17:54:51.906,-1,-0.814,-1,-1
17:54:52.108,-1,-0.814,-1,-1
17:54:52.310,-1,-0.814,-1,-1
17:54:52.512,-1,-0.814,-1,-1
17:54:52.714,-1,-0.814,-1,-1
17:54:52.915,-1,-0.814,-1,-1
17:54:53.117,-1,-0.814,-1,-1
17:54:53.319,1,-0.814,-1,-1
17:54:53.644,1,-0.814,-1,-1
17:54:53.992,1,-0.814,-1,-1
17:54:54.208,-1,-0.814,-1,-1
17:54:54.543,-1,-0.814,-1,-1
17:54:54.746,-1,-0.814,-1,-1
17:54:54.949,-1,-0.814,-1,-1
17:54:55.164,-1,-0.813,-1,-1
17:54:55.365,-1,0.195,-1,-1
17:54:55.567,-1,0.197,-1,-1
17:54:55.769,-1,0.2,-1,-1
17:54:55.971,-1,0.202,-1,-1
17:54:56.173,-1,0.205,-1,-1
17:54:56.375,-1,0.205,-1,-1
17:54:56.577,-1,0.205,-1,-1
17:54:56.780,-1,0.205,-1,-1
17:54:56.981,-1,0.21,-1,-1
17:54:57.183,-1,0.21,-1,-1
17:54:57.387,-1,0.211,-1,-1
17:54:57.589,-1,0.211,-1,-1
17:54:57.791,-1,0.211,-1,-1
17:54:57.993,-1,0.21,-1,-1
17:54:58.195,-1,0.21,-1,-1
17:54:58.397,-1,0.21,-1,-1
17:54:58.599,-1,0.21,-1,-1
17:54:58.801,-1,0.21,-1,-1
17:54:59.003,-1,0.21,-1,-1
17:54:59.205,-1,0.21,-1,-1
17:54:59.438,-1,0.211,-1,-1
17:54:59.654,-1,0.212,-1,-1
17:54:59.992,-1,0.212,-1,-1
17:55:00.226,-1,0.216,-1,-1
17:55:00.485,-1,0.216,-1,-1
17:55:00.695,-1,0.216,-1,-1
17:55:00.906,-1,0.224,-1,-1
17:55:01.109,-1,0.224,-1,-1
17:55:01.310,-1,-0.859,-1,-1
17:55:01.512,-1,-0.859,-1,-1
17:55:01.714,-1,-0.859,-1,-1
17:55:01.916,-1,-0.859,-1,-1
17:55:02.118,-1,-0.859,-1,-1
17:55:02.320,-1,-0.859,-1,-1
17:55:02.522,-1,-0.859,-1,-1
17:55:02.724,-1,-0.859,-1,-1
17:55:02.926,-1,-0.859,-1,-1
17:55:03.128,-1,-0.858,-1,-1
17:55:03.330,-1,-0.859,-1,-1
17:55:03.532,1,-0.859,-1,-1
17:55:03.733,1,-0.859,-1,-1
17:55:03.935,1,-0.859,-1,-1
17:55:04.138,1,-0.859,-1,-1
17:55:04.340,-1,-0.858,-1,-1
17:55:04.542,-1,-0.858,-1,-1
17:55:04.743,-1,-0.858,-1,-1
17:55:04.947,-1,-0.858,-1,-1
17:55:05.148,-1,-0.858,-1,-1
17:55:05.367,-1,-0.858,-1,-1
17:55:05.607,-1,-0.857,-1,-1
17:55:05.915,-1,-0.857,-1,-1
17:55:06.248,-1,-0.857,-1,-1
17:55:06.451,-1,-0.857,-1,-1
17:55:06.653,-1,-0.857,-1,-1
17:55:06.855,-1,-0.857,-1,-1
17:55:07.058,-1,-0.856,-1,-1
17:55:07.261,-1,-0.971,-1,-1
17:55:07.463,-1,-0.971,-1,-1
17:55:07.666,-1,-0.971,-1,-1
17:55:07.868,-1,-0.971,-1,-1
17:55:08.070,-1,-0.971,-1,-1
17:55:08.272,-1,-0.971,-1,-1
17:55:08.474,-1,-0.971,-1,-1
17:55:08.676,-1,-0.971,-1,-1
17:55:08.878,-1,-0.971,-1,-1
17:55:09.079,1,-0.971,-1,-1
17:55:09.281,1,-0.971,-1,-1
17:55:09.483,1,-0.971,-1,-1
17:55:09.685,-1,-0.971,-1,-1
17:55:09.887,-1,-0.971,-1,-1
17:55:10.089,-1,-0.971,-1,-1
17:55:10.291,-1,-0.971,-1,-1
17:55:10.501,-1,-0.971,-1,-1
17:55:10.704,-1,-0.971,-1,-1
17:55:10.906,-1,-0.971,-1,-1
17:55:11.107,-1,-0.971,-1,-1
17:55:11.390,-1,-0.971,-1,-1
17:55:11.737,-1,-0.971,-1,-1
17:55:12.040,-1,-0.971,-1,-1
17:55:12.329,-1,-0.971,-1,-1
17:55:12.534,-1,-0.971,-1,-1
17:55:12.737,-1,-0.971,-1,-1
17:55:12.939,-1,-0.971,-1,-1
17:55:13.141,-1,-0.885,-1,-1
17:55:13.345,-1,-0.885,-1,-1
17:55:13.547,-1,-0.885,-1,-1
17:55:13.749,-1,-0.885,-1,-1
17:55:13.951,-1,-0.885,-1,-1
17:55:14.153,-1,-0.885,-1,-1
17:55:14.354,1,-0.885,-1,-1
17:55:14.556,1,-0.885,-1,-1
17:55:14.758,1,-0.885,-1,-1
17:55:14.960,1,-0.885,-1,-1
17:55:15.162,-1,-0.885,-1,-1
17:55:15.364,-1,-0.885,-1,-1
17:55:15.566,-1,-0.885,-1,-1
17:55:15.768,-1,-0.884,-1,-1
17:55:15.970,-1,-0.884,-1,-1
17:55:16.172,-1,-0.884,-1,-1
17:55:16.374,-1,-0.884,-1,-1
17:55:16.576,-1,-0.884,-1,-1
17:55:16.778,-1,-0.884,-1,-1
17:55:16.980,-1,-0.884,-1,-1
17:55:17.192,-1,-0.883,-1,-1
17:55:17.545,-1,-0.883,-1,-1
17:55:17.916,-1,-0.883,-1,-1
17:55:18.237,-1,-0.883,-1,-1
17:55:18.441,-1,-0.883,-1,-1
17:55:18.645,-1,-0.883,-1,-1
17:55:18.849,-1,-0.883,-1,-1
17:55:19.051,1,-0.883,-1,-1
17:55:19.252,1,-0.969,-1,-1
17:55:19.454,1,-0.969,-1,-1
17:55:19.656,1,-0.969,-1,-1
17:55:19.858,1,-0.969,-1,-1
17:55:20.060,-1,-0.969,-1,-1
17:55:20.262,-1,-0.969,-1,-1
17:55:20.464,-1,-0.969,-1,-1
17:55:20.666,-1,-0.969,-1,-1
17:55:20.868,-1,-0.969,-1,-1
17:55:21.070,-1,-0.969,-1,-1
17:55:21.272,-1,-0.969,-1,-1
17:55:21.474,-1,-0.969,-1,-1
17:55:21.676,-1,-0.968,-1,-1
17:55:21.878,-1,-0.968,-1,-1
17:55:22.080,-1,-0.968,-1,-1
17:55:22.282,-1,-0.968,-1,-1
17:55:22.484,-1,-0.968,-1,-1
17:55:22.686,-1,-0.968,-1,-1
17:55:22.888,-1,-0.968,-1,-1
17:55:23.090,-1,-0.968,-1,-1
17:55:23.322,-1,-0.968,-1,-1
17:55:23.576,-1,-0.968,-1,-1
17:55:23.830,-1,-0.968,-1,-1
17:55:24.048,-1,-0.968,-1,-1
17:55:24.289,1,-0.968,-1,-1
17:55:24.500,1,-0.968,-1,-1
17:55:24.709,1,-0.968,-1,-1
17:55:24.912,1,-0.968,-1,-1
17:55:25.115,-1,-0.968,-1,-1
17:55:25.317,-1,-0.971,-1,-1
17:55:25.518,-1,-0.97,-1,-1
17:55:25.720,-1,-0.97,-1,-1
17:55:25.922,-1,-0.97,-1,-1
17:55:26.124,-1,-0.97,-1,-1
17:55:26.326,-1,-0.97,-1,-1
17:55:26.528,-1,-0.97,-1,-1
17:55:26.730,-1,-0.97,-1,-1
17:55:26.932,-1,-0.97,-1,-1
17:55:27.134,-1,-0.97,-1,-1
17:55:27.335,-1,-0.97,-1,-1
17:55:27.537,-1,-0.97,-1,-1
17:55:27.739,-1,-0.97,-1,-1
17:55:27.941,-1,-0.97,-1,-1
17:55:28.143,-1,-0.97,-1,-1
17:55:28.345,-1,-0.97,-1,-1
17:55:28.547,-1,-0.97,-1,-1
17:55:28.749,-1,-0.97,-1,-1
17:55:28.951,-1,-0.97,-1,-1
17:55:29.155,1,-0.97,-1,-1
17:55:29.414,1,-0.97,-1,-1
17:55:29.675,1,-0.97,-1,-1
17:55:30.055,1,-0.97,-1,-1
17:55:30.283,-1,-0.97,-1,-1
17:55:30.486,-1,-0.97,-1,-1
17:55:30.692,-1,-0.97,-1,-1
17:55:30.895,-1,-0.97,-1,-1
17:55:31.098,-1,-0.97,-1,-1
17:55:31.300,-1,-0.976,-1,-1
17:55:31.501,-1,-0.975,-1,-1
17:55:31.703,-1,-0.975,-1,-1
17:55:31.905,-1,-0.975,-1,-1
17:55:32.107,-1,-0.975,-1,-1
17:55:32.309,-1,-0.975,-1,-1
17:55:32.516,-1,-0.975,-1,-1
17:55:32.717,-1,-0.975,-1,-1
17:55:32.919,-1,-0.975,-1,-1
17:55:33.121,-1,-0.975,-1,-1
17:55:33.323,-1,-0.975,-1,-1
17:55:33.525,-1,-0.975,-1,-1
17:55:33.727,-1,-0.975,-1,-1
17:55:33.929,-1,-0.975,-1,-1
17:55:34.131,-1,-0.975,-1,-1
17:55:34.333,1,-0.975,-1,-1
17:55:34.535,1,-0.975,-1,-1
17:55:34.737,1,-0.975,-1,-1
17:55:34.939,1,-0.975,-1,-1
17:55:35.141,-1,-0.975,-1,-1
17:55:35.358,-1,-0.975,-1,-1
17:55:35.643,-1,-0.975,-1,-1
17:55:35.864,-1,-0.975,-1,-1
17:55:36.077,-1,-0.975,-1,-1
17:55:36.350,-1,-0.975,-1,-1
17:55:36.565,-1,-0.975,-1,-1
17:55:36.768,-1,-0.975,-1,-1
17:55:36.971,-1,-0.975,-1,-1
17:55:37.173,-1,-0.948,-1,-1
17:55:37.375,-1,-0.948,-1,-1
17:55:37.577,-1,-0.948,-1,-1
17:55:37.779,-1,-0.948,-1,-1
17:55:37.981,-1,-0.948,-1,-1
17:55:38.183,-1,-0.948,-1,-1
17:55:38.385,-1,-0.948,-1,-1
17:55:38.587,-1,-0.948,-1,-1
17:55:38.789,-1,-0.948,-1,-1
17:55:38.991,-1,-0.948,-1,-1
17:55:39.193,-1,-0.948,-1,-1
17:55:39.394,1,-0.948,-1,-1
17:55:39.596,1,-0.948,-1,-1
17:55:39.798,1,-0.948,-1,-1
17:55:40.001,1,-0.948,-1,-1
17:55:40.203,1,-0.948,-1,-1
17:55:40.405,-1,-0.948,-1,-1
17:55:40.615,-1,-0.948,-1,-1
17:55:40.817,-1,-0.948,-1,-1
17:55:41.019,-1,-0.948,-1,-1
17:55:41.307,-1,-0.948,-1,-1
17:55:41.686,-1,-0.947,-1,-1
17:55:42.010,-1,-0.947,-1,-1
17:55:42.270,-1,-0.947,-1,-1
17:55:42.473,-1,-0.947,-1,-1
17:55:42.676,-1,-0.947,-1,-1
17:55:42.878,-1,-0.947,-1,-1
17:55:43.080,-1,-0.476,-1,-1
17:55:43.282,-1,-0.476,-1,-1
17:55:43.484,-1,-0.476,-1,-1
17:55:43.686,-1,-0.476,-1,-1
17:55:43.888,-1,-0.476,-1,-1
17:55:44.090,-1,-0.476,-1,-1
17:55:44.292,-1,-0.476,-1,-1
17:55:44.494,-1,-0.476,-1,-1
17:55:44.696,-1,-0.476,-1,-1
17:55:44.898,-1,-0.476,-1,-1
17:55:45.100,1,-0.476,-1,-1
17:55:45.302,1,-0.476,-1,-1
17:55:45.503,-1,-0.476,-1,-1
17:55:45.705,-1,-0.476,-1,-1
17:55:45.907,-1,-0.475,-1,-1
17:55:46.111,-1,-0.475,-1,-1
17:55:46.313,-1,-0.474,-1,-1
17:55:46.515,-1,-0.474,-1,-1
17:55:46.717,-1,-0.474,-1,-1
17:55:46.919,-1,-0.474,-1,-1
17:55:47.172,-1,-0.471,-1,-1
17:55:47.515,-1,-0.47,-1,-1
17:55:47.849,-1,-0.469,-1,-1
17:55:48.058,-1,-0.468,-1,-1
17:55:48.261,-1,-0.468,-1,-1
17:55:48.463,-1,-0.468,-1,-1
17:55:48.666,-1,-0.468,-1,-1
17:55:48.868,-1,-0.905,-1,-1
17:55:49.070,-1,-0.905,-1,-1
17:55:49.272,-1,-0.905,-1,-1
17:55:49.474,-1,-0.905,-1,-1
17:55:49.675,-1,-0.905,-1,-1
17:55:49.877,-1,-0.905,-1,-1
17:55:50.080,-1,-0.905,-1,-1
17:55:50.282,1,-0.905,-1,-1
17:55:50.484,1,-0.905,-1,-1
17:55:50.686,1,-0.905,-1,-1
17:55:50.888,1,-0.905,-1,-1
17:55:51.090,-1,-0.905,-1,-1
17:55:51.292,-1,-0.905,-1,-1
17:55:51.494,-1,-0.905,-1,-1
17:55:51.695,-1,-0.905,-1,-1
17:55:51.924,-1,-0.904,-1,-1
17:55:52.171,-1,-0.904,-1,-1
17:55:52.539,-1,-0.904,-1,-1
17:55:52.829,-1,-0.904,-1,-1
17:55:53.062,-1,-0.904,-1,-1
17:55:53.267,-1,-0.903,-1,-1
17:55:53.471,-1,-0.903,-1,-1
17:55:53.674,-1,-0.903,-1,-1
17:55:53.876,-1,-0.749,-1,-1
17:55:54.078,-1,-0.749,-1,-1
17:55:54.280,-1,-0.749,-1,-1
17:55:54.482,-1,-0.749,-1,-1
17:55:54.684,-1,-0.749,-1,-1
17:55:54.886,-1,-0.749,-1,-1
17:55:55.088,1,-0.749,-1,-1
17:55:55.290,1,-0.749,-1,-1
17:55:55.491,1,-0.749,-1,-1
17:55:55.693,1,-0.749,-1,-1
17:55:55.895,-1,-0.749,-1,-1
17:55:56.098,-1,-0.749,-1,-1
17:55:56.300,-1,-0.749,-1,-1
17:55:56.502,-1,-0.749,-1,-1
17:55:56.704,-1,-0.749,-1,-1
17:55:56.906,-1,-0.749,-1,-1
17:55:57.108,-1,-0.748,-1,-1
17:55:57.381,-1,-0.747,-1,-1
17:55:57.722,-1,-0.747,-1,-1
17:55:58.016,-1,-0.746,-1,-1
17:55:58.284,-1,-0.746,-1,-1
17:55:58.520,-1,-0.746,-1,-1
17:55:58.726,-1,-0.746,-1,-1
17:55:58.930,-1,-0.746,-1,-1
17:55:59.132,-1,-0.745,-1,-1
17:55:59.335,-1,-0.695,-1,-1
17:55:59.537,-1,-0.695,-1,-1
17:55:59.739,-1,-0.695,-1,-1
17:55:59.941,-1,-0.695,-1,-1
17:56:00.143,-1,-0.695,-1,-1
17:56:00.345,1,-0.695,-1,-1
17:56:00.547,1,-0.695,-1,-1
17:56:00.749,1,-0.695,-1,-1
17:56:00.951,1,-0.695,-1,-1
17:56:01.153,-1,-0.695,-1,-1
17:56:01.355,-1,-0.695,-1,-1
17:56:01.556,-1,-0.694,-1,-1
17:56:01.760,-1,-0.694,-1,-1
17:56:01.962,-1,-0.694,-1,-1
17:56:02.166,-1,-0.693,-1,-1
17:56:02.367,-1,-0.693,-1,-1
17:56:02.569,-1,-0.693,-1,-1
17:56:02.771,-1,-0.693,-1,-1
17:56:02.973,-1,-0.693,-1,-1
17:56:03.175,-1,-0.691,-1,-1
17:56:03.472,-1,-0.691,-1,-1
17:56:03.824,-1,-0.69,-1,-1
17:56:04.035,-1,-0.69,-1,-1
17:56:04.262,-1,-0.69,-1,-1
17:56:04.465,-1,-0.69,-1,-1
17:56:04.669,-1,-0.69,-1,-1
17:56:04.873,-1,-0.69,-1,-1
17:56:05.076,-1,-0.69,-1,-1
17:56:05.278,1,-0.84,-1,-1
17:56:05.479,1,-0.84,-1,-1
17:56:05.681,1,-0.84,-1,-1
17:56:05.883,1,-0.84,-1,-1
17:56:06.085,1,-0.84,-1,-1
17:56:06.287,-1,-0.839,-1,-1
17:56:06.490,-1,-0.839,-1,-1
17:56:06.692,-1,-0.839,-1,-1
17:56:06.894,-1,-0.839,-1,-1
17:56:07.096,-1,-0.839,-1,-1
17:56:07.297,-1,-0.839,-1,-1
17:56:07.499,-1,-0.838,-1,-1
17:56:07.701,-1,-0.838,-1,-1
17:56:07.903,-1,-0.838,-1,-1
17:56:08.105,-1,-0.838,-1,-1
17:56:08.308,-1,-0.838,-1,-1
17:56:08.509,-1,-0.837,-1,-1
17:56:08.712,-1,-0.837,-1,-1
17:56:08.924,-1,-0.837,-1,-1
17:56:09.126,-1,-0.837,-1,-1
17:56:09.482,-1,-0.837,-1,-1
17:56:09.843,-1,-0.837,-1,-1
17:56:10.164,-1,-0.837,-1,-1
17:56:10.368,1,-0.837,-1,-1
17:56:10.570,1,-0.837,-1,-1
17:56:10.773,1,-0.837,-1,-1
17:56:10.976,1,-0.837,-1,-1
17:56:11.178,1,-0.907,-1,-1
17:56:11.379,-1,-0.907,-1,-1
17:56:11.581,-1,-0.907,-1,-1
17:56:11.783,-1,-0.907,-1,-1
17:56:11.985,-1,-0.907,-1,-1
17:56:12.187,-1,-0.907,-1,-1
17:56:12.389,-1,-0.907,-1,-1
17:56:12.591,-1,-0.907,-1,-1
17:56:12.793,-1,-0.907,-1,-1
17:56:12.995,-1,-0.907,-1,-1
17:56:13.197,-1,-0.906,-1,-1
17:56:13.399,-1,-0.906,-1,-1
17:56:13.601,-1,-0.906,-1,-1
17:56:13.802,-1,-0.906,-1,-1
17:56:14.004,-1,-0.906,-1,-1
17:56:14.207,-1,-0.906,-1,-1
17:56:14.409,-1,-0.905,-1,-1
17:56:14.611,-1,-0.905,-1,-1
17:56:14.820,-1,-0.905,-1,-1
17:56:15.024,-1,-0.905,-1,-1
17:56:15.241,-1,-0.905,-1,-1
17:56:15.502,-1,-0.905,-1,-1
17:56:15.718,1,-0.905,-1,-1
17:56:16.028,1,-0.905,-1,-1
17:56:16.231,1,-0.905,-1,-1
17:56:16.434,1,-0.905,-1,-1
17:56:16.636,1,-0.905,-1,-1
17:56:16.839,1,-0.905,-1,-1
17:56:17.041,1,-0.916,-1,-1
17:56:17.243,-1,-0.916,-1,-1
17:56:17.445,-1,-0.916,-1,-1
17:56:17.647,-1,-0.916,-1,-1
17:56:17.849,-1,-0.916,-1,-1
17:56:18.051,-1,-0.916,-1,-1
17:56:18.253,-1,-0.916,-1,-1
17:56:18.454,-1,-0.915,-1,-1
17:56:18.656,-1,-0.915,-1,-1
17:56:18.861,-1,-0.915,-1,-1
17:56:19.068,-1,-0.915,-1,-1
17:56:19.272,-1,-0.915,-1,-1
17:56:19.473,-1,-0.915,-1,-1
17:56:19.676,-1,-0.915,-1,-1
17:56:19.878,-1,-0.915,-1,-1
17:56:20.179,-1,-0.915,-1,-1
17:56:20.538,-1,-0.915,-1,-1
17:56:20.827,-1,-0.915,-1,-1
17:56:21.082,-1,-0.915,-1,-1
17:56:21.285,1,-0.915,-1,-1
17:56:21.488,1,-0.915,-1,-1
17:56:21.690,1,-0.915,-1,-1
17:56:21.893,-1,-0.915,-1,-1
17:56:22.095,-1,-0.943,-1,-1
17:56:22.297,-1,-0.943,-1,-1
17:56:22.499,-1,-0.943,-1,-1
17:56:22.701,-1,-0.943,-1,-1
17:56:22.903,-1,-0.943,-1,-1
17:56:23.105,-1,-0.943,-1,-1
17:56:23.307,-1,-0.943,-1,-1
17:56:23.509,-1,-0.942,-1,-1
17:56:23.710,-1,-0.942,-1,-1
17:56:23.913,-1,-0.942,-1,-1
17:56:24.115,-1,-0.942,-1,-1
17:56:24.317,-1,-0.942,-1,-1
17:56:24.519,-1,-0.942,-1,-1
17:56:24.722,-1,-0.942,-1,-1
17:56:24.924,-1,-0.942,-1,-1
17:56:25.125,-1,-0.942,-1,-1
17:56:25.327,-1,-0.942,-1,-1
17:56:25.665,-1,-0.942,-1,-1
17:56:25.970,-1,-0.942,-1,-1
17:56:26.297,-1,-0.942,-1,-1
17:56:26.554,1,-0.942,-1,-1
17:56:26.756,1,-0.942,-1,-1
17:56:26.958,1,-0.942,-1,-1
17:56:27.163,-1,-0.942,-1,-1
17:56:27.364,-1,-0.934,-1,-1
17:56:27.567,-1,-0.934,-1,-1
17:56:27.768,-1,-0.934,-1,-1
17:56:27.970,-1,-0.934,-1,-1
17:56:28.173,-1,-0.934,-1,-1
17:56:28.375,-1,-0.934,-1,-1
17:56:28.577,-1,-0.934,-1,-1
17:56:28.779,-1,-0.934,-1,-1
17:56:28.981,-1,-0.934,-1,-1
17:56:29.183,-1,-0.934,-1,-1
17:56:29.384,-1,-0.934,-1,-1
17:56:29.586,-1,-0.934,-1,-1
17:56:29.788,-1,-0.934,-1,-1
17:56:29.990,-1,-0.934,-1,-1
17:56:30.192,-1,-0.934,-1,-1
17:56:30.394,-1,-0.934,-1,-1
17:56:30.596,-1,-0.934,-1,-1
17:56:30.798,-1,-0.934,-1,-1
17:56:31.000,-1,-0.934,-1,-1
17:56:31.202,1,-0.934,-1,-1
17:56:31.471,1,-0.934,-1,-1
17:56:31.805,1,-0.934,-1,-1
17:56:32.135,1,-0.934,-1,-1
17:56:32.455,1,-0.934,-1,-1
17:56:32.689,-1,-0.934,-1,-1
17:56:32.892,-1,-0.934,-1,-1
17:56:33.095,-1,-0.934,-1,-1
17:56:33.298,-1,-0.933,-1,-1
17:56:33.500,-1,-0.809,-1,-1
17:56:33.702,-1,-0.808,-1,-1
17:56:33.904,-1,-0.808,-1,-1
17:56:34.106,-1,-0.808,-1,-1
17:56:34.308,-1,-0.808,-1,-1
17:56:34.510,-1,-0.808,-1,-1
17:56:34.712,-1,-0.808,-1,-1
17:56:34.914,-1,-0.808,-1,-1
17:56:35.115,-1,-0.808,-1,-1
17:56:35.317,-1,-0.807,-1,-1
17:56:35.519,-1,-0.807,-1,-1
17:56:35.721,-1,-0.807,-1,-1
17:56:35.923,-1,-0.807,-1,-1
17:56:36.128,-1,-0.807,-1,-1
17:56:36.330,-1,-0.807,-1,-1
17:56:36.532,1,-0.807,-1,-1
17:56:36.739,1,-0.807,-1,-1
17:56:36.941,1,-0.807,-1,-1
17:56:37.143,1,-0.807,-1,-1
17:56:37.344,1,-0.807,-1,-1
17:56:37.594,-1,-0.807,-1,-1
17:56:37.817,-1,-0.807,-1,-1
17:56:38.029,-1,-0.807,-1,-1
17:56:38.243,-1,-0.807,-1,-1
17:56:38.453,-1,-0.806,-1,-1
17:56:38.655,-1,-0.806,-1,-1
17:56:38.857,-1,-0.806,-1,-1
17:56:39.059,-1,-0.806,-1,-1
17:56:39.262,-1,-0.805,-1,-1
17:56:39.464,-1,-0.558,-1,-1
17:56:39.667,-1,-0.558,-1,-1
17:56:39.869,-1,-0.558,-1,-1
17:56:40.071,-1,-0.557,-1,-1
17:56:40.274,-1,-0.557,-1,-1
17:56:40.475,-1,-0.557,-1,-1
17:56:40.677,-1,-0.557,-1,-1
17:56:40.879,-1,-0.557,-1,-1
17:56:41.081,-1,-0.557,-1,-1
17:56:41.283,-1,-0.557,-1,-1
17:56:41.485,1,-0.557,-1,-1
17:56:41.687,1,-0.557,-1,-1
17:56:41.889,1,-0.557,-1,-1
17:56:42.091,1,-0.557,-1,-1
17:56:42.293,1,-0.557,-1,-1
17:56:42.495,1,-0.557,-1,-1
17:56:42.697,1,-0.557,-1,-1
17:56:42.899,1,-0.557,-1,-1
17:56:43.101,1,-0.557,-1,-1
17:56:43.303,-1,-0.556,-1,-1
17:56:43.539,-1,-0.555,-1,-1
17:56:43.824,-1,-0.554,-1,-1
17:56:44.075,-1,-0.554,-1,-1
17:56:44.328,-1,-0.553,-1,-1
17:56:44.542,-1,-0.552,-1,-1
17:56:44.761,-1,-0.552,-1,-1
17:56:44.965,-1,-0.552,-1,-1
17:56:45.168,-1,-0.551,-1,-1
17:56:45.369,-1,-0.551,-1,-1
17:56:45.571,-1,-0.902,-1,-1
17:56:45.773,-1,-0.902,-1,-1
17:56:45.975,-1,-0.902,-1,-1
17:56:46.177,-1,-0.902,-1,-1
17:56:46.379,-1,-0.902,-1,-1
17:56:46.581,-1,-0.902,-1,-1
17:56:46.783,-1,-0.902,-1,-1
17:56:46.985,-1,-0.902,-1,-1
17:56:47.187,1,-0.903,-1,-1
17:56:47.389,1,-0.902,-1,-1
17:56:47.591,1,-0.902,-1,-1
17:56:47.792,-1,-0.902,-1,-1
17:56:47.994,-1,-0.902,-1,-1
17:56:48.196,-1,-0.902,-1,-1
17:56:48.399,-1,-0.902,-1,-1
17:56:48.601,-1,-0.902,-1,-1
17:56:48.803,-1,-0.902,-1,-1
17:56:49.005,-1,-0.902,-1,-1
17:56:49.206,-1,-0.902,-1,-1
17:56:49.465,-1,-0.902,-1,-1
17:56:49.731,-1,-0.901,-1,-1
17:56:50.098,-1,-0.901,-1,-1
17:56:50.403,-1,-0.901,-1,-1
17:56:50.606,-1,-0.901,-1,-1
17:56:50.811,-1,-0.901,-1,-1
17:56:51.013,-1,-0.901,-1,-1
17:56:51.220,-1,-0.901,-1,-1
17:56:51.422,-1,-0.914,-1,-1
17:56:51.623,-1,-0.914,-1,-1
17:56:51.825,-1,-0.914,-1,-1
17:56:52.027,-1,-0.914,-1,-1
17:56:52.229,-1,-0.914,-1,-1
17:56:52.431,1,-0.914,-1,-1
17:56:52.633,1,-0.914,-1,-1
17:56:52.836,1,-0.914,-1,-1
17:56:53.048,1,-0.914,-1,-1
17:56:53.250,-1,-0.914,-1,-1
17:56:53.452,-1,-0.914,-1,-1
17:56:53.654,-1,-0.914,-1,-1
17:56:53.855,-1,-0.914,-1,-1
17:56:54.057,-1,-0.914,-1,-1
17:56:54.260,-1,-0.914,-1,-1
17:56:54.462,-1,-0.914,-1,-1
17:56:54.664,-1,-0.914,-1,-1
17:56:54.866,-1,-0.914,-1,-1
17:56:55.068,-1,-0.914,-1,-1
17:56:55.372,-1,-0.913,-1,-1
17:56:55.806,-1,-0.913,-1,-1
17:56:56.077,-1,-0.913,-1,-1
17:56:56.362,-1,-0.913,-1,-1
17:56:56.565,-1,-0.913,-1,-1
17:56:56.769,-1,-0.913,-1,-1
17:56:56.973,-1,-0.913,-1,-1
17:56:57.174,-1,-0.913,-1,-1
17:56:57.376,1,-0.962,-1,-1
17:56:57.578,1,-0.962,-1,-1
17:56:57.780,1,-0.962,-1,-1
17:56:57.984,1,-0.962,-1,-1
17:56:58.186,-1,-0.962,-1,-1
17:56:58.388,-1,-0.962,-1,-1
17:56:58.590,-1,-0.962,-1,-1
17:56:58.792,-1,-0.962,-1,-1
17:56:58.993,-1,-0.962,-1,-1
17:56:59.195,-1,-0.962,-1,-1
17:56:59.397,-1,-0.962,-1,-1
17:56:59.599,-1,-0.962,-1,-1
17:56:59.801,-1,-0.962,-1,-1
17:57:00.003,-1,-0.962,-1,-1
17:57:00.205,-1,-0.962,-1,-1
17:57:00.407,-1,-0.962,-1,-1
17:57:00.609,-1,-0.962,-1,-1
17:57:00.811,-1,-0.962,-1,-1
17:57:01.013,-1,-0.962,-1,-1
17:57:01.242,-1,-0.962,-1,-1
17:57:01.570,-1,-0.962,-1,-1
17:57:01.839,-1,-0.962,-1,-1
17:57:02.062,-1,-0.962,-1,-1
17:57:02.267,-1,-0.962,-1,-1
17:57:02.470,-1,-0.962,-1,-1
17:57:02.673,1,-0.962,-1,-1
17:57:02.876,1,-0.962,-1,-1
17:57:03.078,1,-0.943,-1,-1
17:57:03.279,-1,-0.943,-1,-1
17:57:03.481,-1,-0.943,-1,-1
17:57:03.683,-1,-0.943,-1,-1
17:57:03.885,-1,-0.943,-1,-1
17:57:04.087,-1,-0.943,-1,-1
17:57:04.289,-1,-0.943,-1,-1
17:57:04.491,-1,-0.943,-1,-1
17:57:04.693,-1,-0.942,-1,-1
17:57:04.895,-1,-0.942,-1,-1
17:57:05.097,-1,-0.942,-1,-1
17:57:05.299,-1,-0.942,-1,-1
17:57:05.501,-1,-0.942,-1,-1
17:57:05.703,-1,-0.942,-1,-1
17:57:05.904,-1,-0.942,-1,-1
17:57:06.249,-1,-0.942,-1,-1
17:57:06.557,-1,-0.942,-1,-1
17:57:06.858,-1,-0.942,-1,-1
17:57:07.078,-1,-0.942,-1,-1
17:57:07.280,1,-0.942,-1,-1
17:57:07.482,1,-0.942,-1,-1
17:57:07.685,1,-0.942,-1,-1
17:57:07.886,1,-0.953,-1,-1
17:57:08.088,1,-0.953,-1,-1
17:57:08.290,-1,-0.953,-1,-1
17:57:08.494,-1,-0.953,-1,-1
17:57:08.696,-1,-0.953,-1,-1
17:57:08.898,-1,-0.953,-1,-1
17:57:09.100,-1,-0.953,-1,-1
17:57:09.302,-1,-0.952,-1,-1
17:57:09.504,-1,-0.952,-1,-1
17:57:09.706,-1,-0.952,-1,-1
17:57:09.908,-1,-0.952,-1,-1
17:57:10.110,-1,-0.952,-1,-1
17:57:10.312,-1,-0.952,-1,-1
17:57:10.514,-1,-0.952,-1,-1
17:57:10.716,-1,-0.952,-1,-1
17:57:10.918,-1,-0.952,-1,-1
17:57:11.121,-1,-0.952,-1,-1
17:57:11.322,-1,-0.952,-1,-1
17:57:11.631,-1,-0.952,-1,-1
17:57:11.852,-1,-0.952,-1,-1
17:57:12.137,-1,-0.952,-1,-1
17:57:12.364,-1,-0.952,-1,-1
17:57:12.608,1,-0.952,-1,-1
17:57:12.811,1,-0.952,-1,-1
17:57:13.013,1,-0.952,-1,-1
17:57:13.215,1,-0.952,-1,-1
17:57:13.417,1,-0.561,-1,-1
17:57:13.619,-1,-0.56,-1,-1
17:57:13.821,-1,-0.56,-1,-1
17:57:14.023,-1,-0.56,-1,-1
17:57:14.225,-1,-0.56,-1,-1
17:57:14.427,-1,-0.559,-1,-1
17:57:14.629,-1,-0.559,-1,-1
17:57:14.831,-1,-0.559,-1,-1
17:57:15.033,-1,-0.559,-1,-1
17:57:15.235,-1,-0.559,-1,-1
17:57:15.436,-1,-0.557,-1,-1
17:57:15.638,-1,-0.556,-1,-1
17:57:15.840,-1,-0.556,-1,-1
17:57:16.042,-1,-0.555,-1,-1
17:57:16.244,-1,-0.555,-1,-1
17:57:16.446,-1,-0.555,-1,-1
17:57:16.648,-1,-0.555,-1,-1
17:57:16.861,-1,-0.555,-1,-1
17:57:17.063,-1,-0.555,-1,-1
17:57:17.264,-1,-0.555,-1,-1
17:57:17.580,1,-0.555,-1,-1
17:57:17.860,1,-0.555,-1,-1
17:57:18.112,1,-0.555,-1,-1
17:57:18.347,1,-0.555,-1,-1
17:57:18.571,-1,-0.555,-1,-1
17:57:18.774,-1,-0.555,-1,-1
17:57:18.976,-1,-0.555,-1,-1
17:57:19.181,-1,-0.555,-1,-1
17:57:19.383,-1,-0.605,-1,-1
17:57:19.584,-1,-0.604,-1,-1
17:57:19.786,-1,-0.604,-1,-1
17:57:19.988,-1,-0.604,-1,-1
17:57:20.190,-1,-0.603,-1,-1
17:57:20.392,-1,-0.602,-1,-1
17:57:20.594,-1,-0.602,-1,-1
17:57:20.796,-1,-0.602,-1,-1
17:57:20.998,-1,-0.602,-1,-1
17:57:21.200,-1,-0.602,-1,-1
17:57:21.402,-1,-0.601,-1,-1
17:57:21.604,-1,-0.6,-1,-1
17:57:21.805,-1,-0.6,-1,-1
17:57:22.007,-1,-0.6,-1,-1
17:57:22.209,-1,-0.6,-1,-1
17:57:22.411,-1,-0.6,-1,-1
17:57:22.614,-1,-0.6,-1,-1
17:57:22.816,-1,-0.6,-1,-1
17:57:23.018,-1,-0.6,-1,-1
17:57:23.220,-1,-0.6,-1,-1
17:57:23.428,1,-0.6,-1,-1
17:57:23.655,1,-0.6,-1,-1
17:57:23.869,-1,-0.6,-1,-1
17:57:24.138,-1,-0.6,-1,-1
17:57:24.410,-1,-0.6,-1,-1
17:57:24.615,-1,-0.599,-1,-1
17:57:24.824,-1,-0.599,-1,-1
17:57:25.027,-1,-0.599,-1,-1
17:57:25.229,-1,-0.842,-1,-1
17:57:25.430,-1,-0.841,-1,-1
17:57:25.632,-1,-0.841,-1,-1
17:57:25.834,-1,-0.841,-1,-1
17:57:26.036,-1,-0.841,-1,-1
17:57:26.238,-1,-0.841,-1,-1
17:57:26.440,-1,-0.84,-1,-1
17:57:26.642,-1,-0.84,-1,-1
17:57:26.844,-1,-0.84,-1,-1
17:57:27.046,-1,-0.84,-1,-1
17:57:27.264,-1,-0.84,-1,-1
17:57:27.466,-1,-0.84,-1,-1
17:57:27.667,-1,-0.84,-1,-1
17:57:27.869,-1,-0.84,-1,-1
17:57:28.072,-1,-0.84,-1,-1
17:57:28.274,-1,-0.84,-1,-1
17:57:28.476,-1,-0.84,-1,-1
17:57:28.678,1,-0.84,-1,-1
17:57:28.880,1,-0.84,-1,-1
17:57:29.082,1,-0.84,-1,-1
17:57:29.355,-1,-0.84,-1,-1
17:57:29.712,-1,-0.84,-1,-1
17:57:29.926,-1,-0.84,-1,-1
17:57:30.215,-1,-0.84,-1,-1
17:57:30.418,-1,-0.839,-1,-1
17:57:30.620,-1,-0.839,-1,-1
17:57:30.830,-1,-0.839,-1,-1
17:57:31.033,-1,-0.839,-1,-1
17:57:31.235,-1,-0.958,-1,-1
17:57:31.437,-1,-0.957,-1,-1
17:57:31.640,-1,-0.957,-1,-1
17:57:31.842,-1,-0.957,-1,-1
17:57:32.044,-1,-0.957,-1,-1
17:57:32.247,-1,-0.957,-1,-1
17:57:32.449,-1,-0.957,-1,-1
17:57:32.651,-1,-0.957,-1,-1
17:57:32.853,-1,-0.957,-1,-1
17:57:33.055,-1,-0.957,-1,-1
17:57:33.258,-1,-0.957,-1,-1
17:57:33.460,1,-0.957,-1,-1
17:57:33.662,1,-0.957,-1,-1
17:57:33.864,1,-0.957,-1,-1
17:57:34.066,1,-0.957,-1,-1
17:57:34.269,-1,-0.957,-1,-1
17:57:34.471,-1,-0.957,-1,-1
17:57:34.673,-1,-0.957,-1,-1
17:57:34.875,-1,-0.957,-1,-1
17:57:35.077,-1,-0.957,-1,-1
17:57:35.405,-1,-0.957,-1,-1
17:57:35.707,-1,-0.957,-1,-1
17:57:35.944,-1,-0.957,-1,-1
17:57:36.276,-1,-0.957,-1,-1
17:57:36.480,-1,-0.957,-1,-1
17:57:36.683,-1,-0.957,-1,-1
17:57:36.885,-1,-0.957,-1,-1
17:57:37.087,-1,-0.91,-1,-1
17:57:37.289,-1,-0.909,-1,-1
17:57:37.490,-1,-0.909,-1,-1
17:57:37.692,-1,-0.909,-1,-1
17:57:37.894,-1,-0.909,-1,-1
17:57:38.096,-1,-0.909,-1,-1
17:57:38.298,-1,-0.909,-1,-1
17:57:38.500,-1,-0.909,-1,-1
17:57:38.702,1,-0.909,-1,-1
17:57:38.904,1,-0.909,-1,-1
17:57:39.106,1,-0.909,-1,-1
17:57:39.308,-1,-0.909,-1,-1
17:57:39.509,-1,-0.909,-1,-1
17:57:39.711,-1,-0.909,-1,-1
17:57:39.913,-1,-0.909,-1,-1
17:57:40.115,-1,-0.909,-1,-1
17:57:40.317,-1,-0.909,-1,-1
17:57:40.519,-1,-0.909,-1,-1
17:57:40.721,-1,-0.909,-1,-1
17:57:40.923,-1,-0.909,-1,-1
17:57:41.143,-1,-0.909,-1,-1
17:57:41.363,-1,-0.909,-1,-1
17:57:41.701,-1,-0.909,-1,-1
17:57:41.924,-1,-0.908,-1,-1
17:57:42.172,-1,-0.908,-1,-1
17:57:42.378,-1,-0.908,-1,-1
17:57:42.588,-1,-0.908,-1,-1
17:57:42.791,-1,-0.908,-1,-1
17:57:42.993,-1,-0.942,-1,-1
17:57:43.195,-1,-0.942,-1,-1
17:57:43.397,1,-0.942,-1,-1
17:57:43.598,1,-0.942,-1,-1
17:57:43.800,1,-0.942,-1,-1
17:57:44.002,1,-0.942,-1,-1
17:57:44.204,1,-0.942,-1,-1
17:57:44.406,1,-0.942,-1,-1
17:57:44.608,-1,-0.942,-1,-1
17:57:44.810,-1,-0.942,-1,-1
17:57:45.012,-1,-0.942,-1,-1
17:57:45.214,-1,-0.942,-1,-1
17:57:45.416,-1,-0.942,-1,-1
17:57:45.618,-1,-0.942,-1,-1
17:57:45.820,-1,-0.942,-1,-1
17:57:46.062,-1,-0.942,-1,-1
17:57:46.378,-1,-0.942,-1,-1
17:57:46.678,-1,-0.942,-1,-1
17:57:46.943,-1,-0.942,-1,-1
17:57:47.144,-1,-0.942,-1,-1
17:57:47.347,-1,-0.942,-1,-1
17:57:47.550,-1,-0.942,-1,-1
17:57:47.752,-1,-0.942,-1,-1
17:57:47.953,-1,-0.71,-1,-1
17:57:48.156,-1,-0.71,-1,-1
17:57:48.358,-1,-0.71,-1,-1
17:57:48.560,1,-0.71,-1,-1
17:57:48.772,1,-0.71,-1,-1
17:57:48.974,1,-0.71,-1,-1
17:57:49.176,1,-0.71,-1,-1
17:57:49.378,1,-0.71,-1,-1
17:57:49.580,-1,-0.71,-1,-1
17:57:49.782,-1,-0.71,-1,-1
17:57:49.983,-1,-0.71,-1,-1
17:57:50.185,-1,-0.709,-1,-1
17:57:50.387,-1,-0.709,-1,-1
17:57:50.589,-1,-0.709,-1,-1
17:57:50.791,-1,-0.709,-1,-1
17:57:50.993,-1,-0.709,-1,-1
17:57:51.195,-1,-0.709,-1,-1
17:57:51.500,-1,-0.708,-1,-1
17:57:51.782,-1,-0.707,-1,-1
17:57:52.048,-1,-0.707,-1,-1
17:57:52.263,-1,-0.706,-1,-1
17:57:52.466,-1,-0.706,-1,-1
17:57:52.668,-1,-0.706,-1,-1
17:57:52.879,-1,-0.706,-1,-1
17:57:53.082,-1,-0.706,-1,-1
17:57:53.283,-1,-0.731,-1,-1
17:57:53.485,-1,-0.731,-1,-1
17:57:53.687,-1,-0.731,-1,-1
17:57:53.889,-1,-0.731,-1,-1
17:57:54.091,1,-0.731,-1,-1
17:57:54.293,1,-0.731,-1,-1
17:57:54.495,1,-0.731,-1,-1
17:57:54.697,1,-0.731,-1,-1
17:57:54.899,1,-0.731,-1,-1
17:57:55.101,1,-0.731,-1,-1
17:57:55.303,-1,-0.731,-1,-1
17:57:55.506,-1,-0.73,-1,-1
17:57:55.708,-1,-0.73,-1,-1
17:57:55.909,-1,-0.73,-1,-1
17:57:56.111,-1,-0.73,-1,-1
17:57:56.314,-1,-0.729,-1,-1
17:57:56.515,-1,-0.729,-1,-1
17:57:56.717,-1,-0.729,-1,-1
17:57:56.919,-1,-0.729,-1,-1
17:57:57.121,-1,-0.729,-1,-1
17:57:57.348,-1,-0.728,-1,-1
17:57:57.625,-1,-0.728,-1,-1
17:57:57.912,-1,-0.728,-1,-1
17:57:58.185,-1,-0.728,-1,-1
17:57:58.388,-1,-0.728,-1,-1
17:57:58.595,-1,-0.728,-1,-1
17:57:58.798,-1,-0.728,-1,-1
17:57:59.002,-1,-0.728,-1,-1
17:57:59.204,-1,-0.911,-1,-1
17:57:59.406,1,-0.911,-1,-1
17:57:59.608,1,-0.911,-1,-1
17:57:59.810,-1,-0.911,-1,-1
17:58:00.012,-1,-0.911,-1,-1
17:58:00.214,-1,-0.911,-1,-1
17:58:00.416,-1,-0.911,-1,-1
17:58:00.618,-1,-0.911,-1,-1
17:58:00.820,-1,-0.911,-1,-1
17:58:01.022,-1,-0.911,-1,-1
17:58:01.224,-1,-0.911,-1,-1
17:58:01.426,-1,-0.911,-1,-1
17:58:01.628,-1,-0.91,-1,-1
17:58:01.829,-1,-0.91,-1,-1
17:58:02.031,-1,-0.91,-1,-1
17:58:02.233,-1,-0.91,-1,-1
17:58:02.436,-1,-0.91,-1,-1
17:58:02.637,-1,-0.91,-1,-1
17:58:02.840,-1,-0.91,-1,-1
17:58:03.042,-1,-0.91,-1,-1
17:58:03.270,-1,-0.91,-1,-1
17:58:03.520,-1,-0.91,-1,-1
17:58:03.727,-1,-0.91,-1,-1
17:58:04.073,-1,-0.91,-1,-1
17:58:04.294,-1,-0.91,-1,-1
17:58:04.499,-1,-0.91,-1,-1
17:58:04.702,1,-0.91,-1,-1
17:58:04.905,1,-0.91,-1,-1
17:58:05.107,1,-0.378,-1,-1
17:58:05.308,-1,-0.377,-1,-1
17:58:05.510,-1,-0.377,-1,-1
17:58:05.712,-1,-0.377,-1,-1
17:58:05.914,-1,-0.376,-1,-1
17:58:06.116,-1,-0.376,-1,-1
17:58:06.318,-1,-0.375,-1,-1
17:58:06.520,-1,-0.374,-1,-1
17:58:06.722,-1,-0.374,-1,-1
17:58:06.924,-1,-0.374,-1,-1
17:58:07.126,-1,-0.374,-1,-1
17:58:07.328,-1,-0.372,-1,-1
17:58:07.530,-1,-0.372,-1,-1
17:58:07.732,-1,-0.372,-1,-1
17:58:07.934,-1,-0.372,-1,-1
17:58:08.149,-1,-0.371,-1,-1
17:58:08.363,-1,-0.371,-1,-1
17:58:08.575,-1,-0.371,-1,-1
17:58:08.829,-1,-0.371,-1,-1
17:58:09.175,-1,-0.371,-1,-1
17:58:09.381,-1,-0.371,-1,-1
17:58:09.584,1,-0.372,-1,-1
17:58:09.786,1,-0.372,-1,-1
17:58:10.005,-1,-0.371,-1,-1
17:58:10.207,-1,-0.962,-1,-1
17:58:10.409,-1,-0.962,-1,-1
17:58:10.611,-1,-0.962,-1,-1
17:58:10.813,-1,-0.962,-1,-1
17:58:11.015,-1,-0.962,-1,-1
17:58:11.218,-1,-0.962,-1,-1
17:58:11.419,-1,-0.961,-1,-1
17:58:11.621,-1,-0.961,-1,-1
17:58:11.823,-1,-0.961,-1,-1
17:58:12.024,-1,-0.961,-1,-1
17:58:12.226,-1,-0.961,-1,-1
17:58:12.428,-1,-0.961,-1,-1
17:58:12.630,-1,-0.961,-1,-1
17:58:12.833,-1,-0.961,-1,-1
17:58:13.121,-1,-0.961,-1,-1
17:58:13.380,-1,-0.961,-1,-1
17:58:13.626,-1,-0.961,-1,-1
17:58:13.991,-1,-0.961,-1,-1
17:58:14.291,-1,-0.961,-1,-1
17:58:14.495,-1,-0.961,-1,-1
17:58:14.699,1,-0.961,-1,-1
17:58:14.902,1,-0.961,-1,-1
17:58:15.104,1,-0.942,-1,-1
17:58:15.306,1,-0.942,-1,-1
17:58:15.508,-1,-0.941,-1,-1
17:58:15.709,-1,-0.941,-1,-1
17:58:15.911,-1,-0.941,-1,-1
17:58:16.113,-1,-0.941,-1,-1
17:58:16.315,-1,-0.941,-1,-1
17:58:16.517,-1,-0.941,-1,-1
17:58:16.719,-1,-0.941,-1,-1
17:58:16.921,-1,-0.941,-1,-1
17:58:17.123,-1,-0.941,-1,-1
17:58:17.325,-1,-0.941,-1,-1
17:58:17.527,-1,-0.941,-1,-1
17:58:17.729,-1,-0.941,-1,-1
17:58:17.931,-1,-0.941,-1,-1
17:58:18.133,-1,-0.941,-1,-1
17:58:18.335,-1,-0.941,-1,-1
17:58:18.537,-1,-0.941,-1,-1
17:58:18.739,-1,-0.941,-1,-1
17:58:18.942,-1,-0.941,-1,-1
17:58:19.278,-1,-0.941,-1,-1
17:58:19.530,1,-0.941,-1,-1
17:58:19.783,1,-0.941,-1,-1
17:58:20.014,1,-0.941,-1,-1
17:58:20.271,-1,-0.941,-1,-1
17:58:20.474,-1,-0.941,-1,-1
17:58:20.676,-1,-0.941,-1,-1
17:58:20.888,-1,-0.941,-1,-1
17:58:21.090,-1,-0.929,-1,-1
17:58:21.292,-1,-0.929,-1,-1
17:58:21.494,-1,-0.929,-1,-1
17:58:21.696,-1,-0.929,-1,-1
17:58:21.897,-1,-0.929,-1,-1
17:58:22.099,-1,-0.929,-1,-1
17:58:22.301,-1,-0.928,-1,-1
17:58:22.503,-1,-0.928,-1,-1
17:58:22.705,-1,-0.928,-1,-1
17:58:22.907,-1,-0.928,-1,-1
17:58:23.109,-1,-0.928,-1,-1
17:58:23.311,-1,-0.928,-1,-1
17:58:23.513,-1,-0.928,-1,-1
17:58:23.715,-1,-0.928,-1,-1
17:58:23.917,-1,-0.928,-1,-1
17:58:24.118,-1,-0.928,-1,-1
17:58:24.321,-1,-0.928,-1,-1
17:58:24.523,-1,-0.928,-1,-1
17:58:24.725,1,-0.928,-1,-1
17:58:24.926,1,-0.928,-1,-1
17:58:25.175,1,-0.928,-1,-1
17:58:25.397,1,-0.928,-1,-1
17:58:25.637,-1,-0.928,-1,-1
17:58:25.875,-1,-0.928,-1,-1
17:58:26.172,-1,-0.928,-1,-1
17:58:26.377,-1,-0.928,-1,-1
17:58:26.580,-1,-0.928,-1,-1
17:58:26.783,-1,-0.928,-1,-1
17:58:26.996,-1,-0.928,-1,-1
17:58:27.198,-1,-0.926,-1,-1
17:58:27.400,-1,-0.925,-1,-1
17:58:27.601,-1,-0.925,-1,-1
17:58:27.803,-1,-0.925,-1,-1
17:58:28.005,-1,-0.925,-1,-1
17:58:28.207,-1,-0.925,-1,-1
17:58:28.409,-1,-0.925,-1,-1
17:58:28.611,-1,-0.925,-1,-1
17:58:28.814,-1,-0.925,-1,-1
17:58:29.016,-1,-0.925,-1,-1
17:58:29.218,-1,-0.925,-1,-1
17:58:29.420,1,-0.925,-1,-1
17:58:29.622,1,-0.925,-1,-1
17:58:29.824,1,-0.925,-1,-1
17:58:30.025,1,-0.925,-1,-1
17:58:30.228,1,-0.925,-1,-1
17:58:30.430,-1,-0.925,-1,-1
17:58:30.633,-1,-0.925,-1,-1
17:58:30.835,-1,-0.925,-1,-1
17:58:31.037,-1,-0.925,-1,-1
17:58:31.358,-1,-0.925,-1,-1
17:58:31.564,-1,-0.925,-1,-1
17:58:31.799,-1,-0.925,-1,-1
17:58:32.102,-1,-0.925,-1,-1
17:58:32.336,-1,-0.925,-1,-1
17:58:32.539,-1,-0.925,-1,-1
17:58:32.742,-1,-0.925,-1,-1
17:58:32.944,-1,-0.925,-1,-1
17:58:33.146,-1,-0.88,-1,-1
17:58:33.348,-1,-0.88,-1,-1
17:58:33.550,-1,-0.88,-1,-1
17:58:33.752,-1,-0.88,-1,-1
17:58:33.954,-1,-0.88,-1,-1
17:58:34.156,-1,-0.88,-1,-1
17:58:34.358,-1,-0.88,-1,-1
17:58:34.562,-1,-0.88,-1,-1
17:58:34.764,1,-0.88,-1,-1
17:58:34.966,1,-0.88,-1,-1
17:58:35.168,1,-0.88,-1,-1
17:58:35.370,1,-0.88,-1,-1
17:58:35.572,-1,-0.88,-1,-1
17:58:35.774,-1,-0.88,-1,-1
17:58:35.976,-1,-0.88,-1,-1
17:58:36.178,-1,-0.879,-1,-1
17:58:36.381,-1,-0.879,-1,-1
17:58:36.583,-1,-0.879,-1,-1
17:58:36.785,-1,-0.879,-1,-1
17:58:36.995,-1,-0.879,-1,-1
17:58:37.349,-1,-0.879,-1,-1
17:58:37.562,-1,-0.879,-1,-1
17:58:37.851,-1,-0.879,-1,-1
17:58:38.167,-1,-0.879,-1,-1
17:58:38.369,-1,-0.879,-1,-1
17:58:38.571,-1,-0.879,-1,-1
17:58:38.774,-1,-0.879,-1,-1
17:58:38.976,-1,-0.543,-1,-1
17:58:39.184,-1,-0.543,-1,-1
17:58:39.394,1,-0.543,-1,-1
17:58:39.596,1,-0.543,-1,-1
17:58:39.798,1,-0.543,-1,-1
17:58:40.000,1,-0.543,-1,-1
17:58:40.203,1,-0.543,-1,-1
17:58:40.405,-1,-0.543,-1,-1
17:58:40.607,-1,-0.543,-1,-1
17:58:40.809,-1,-0.542,-1,-1
17:58:41.011,-1,-0.542,-1,-1
17:58:41.213,-1,-0.542,-1,-1
17:58:41.415,-1,-0.541,-1,-1
17:58:41.617,-1,-0.541,-1,-1
17:58:41.819,-1,-0.541,-1,-1
17:58:42.084,-1,-0.54,-1,-1
17:58:42.297,-1,-0.54,-1,-1
17:58:42.671,-1,-0.539,-1,-1
17:58:42.969,-1,-0.539,-1,-1
17:58:43.172,-1,-0.539,-1,-1
17:58:43.375,-1,-0.539,-1,-1
17:58:43.578,-1,-0.538,-1,-1
17:58:43.782,-1,-0.538,-1,-1
17:58:43.984,-1,-0.87,-1,-1
17:58:44.186,-1,-0.87,-1,-1
17:58:44.388,-1,-0.87,-1,-1
17:58:44.590,-1,-0.87,-1,-1
17:58:44.793,1,-0.87,-1,-1
17:58:44.995,1,-0.87,-1,-1
17:58:45.197,1,-0.87,-1,-1
17:58:45.398,-1,-0.87,-1,-1
17:58:45.601,-1,-0.87,-1,-1
17:58:45.803,-1,-0.87,-1,-1
17:58:46.005,-1,-0.869,-1,-1
17:58:46.208,-1,-0.869,-1,-1
17:58:46.410,-1,-0.869,-1,-1
17:58:46.612,-1,-0.869,-1,-1
17:58:46.814,-1,-0.869,-1,-1
17:58:47.016,-1,-0.869,-1,-1
17:58:47.218,-1,-0.869,-1,-1
17:58:47.431,-1,-0.869,-1,-1
17:58:47.649,-1,-0.868,-1,-1
17:58:47.929,-1,-0.868,-1,-1
17:58:48.135,-1,-0.868,-1,-1
17:58:48.460,-1,-0.868,-1,-1
17:58:48.663,-1,-0.868,-1,-1
17:58:48.871,-1,-0.868,-1,-1
17:58:49.074,-1,-0.868,-1,-1
17:58:49.277,-1,-0.868,-1,-1
17:58:49.479,1,-0.663,-1,-1
17:58:49.681,1,-0.663,-1,-1
17:58:49.886,1,-0.663,-1,-1
17:58:50.088,1,-0.663,-1,-1
17:58:50.290,1,-0.663,-1,-1
17:58:50.492,1,-0.663,-1,-1
17:58:50.694,-1,-0.663,-1,-1
17:58:50.896,-1,-0.663,-1,-1
17:58:51.098,-1,-0.663,-1,-1
17:58:51.308,-1,-0.663,-1,-1
17:58:51.510,-1,-0.662,-1,-1
17:58:51.713,-1,-0.662,-1,-1
17:58:51.915,-1,-0.662,-1,-1
17:58:52.116,-1,-0.662,-1,-1
17:58:52.318,-1,-0.661,-1,-1
17:58:52.520,-1,-0.661,-1,-1
17:58:52.722,-1,-0.66,-1,-1
17:58:52.924,-1,-0.66,-1,-1
17:58:53.126,-1,-0.66,-1,-1
17:58:53.328,-1,-0.66,-1,-1
17:58:53.665,-1,-0.66,-1,-1
17:58:53.888,-1,-0.66,-1,-1
17:58:54.133,-1,-0.66,-1,-1
17:58:54.352,-1,-0.66,-1,-1
17:58:54.638,-1,-0.66,-1,-1
17:58:54.841,1,-0.66,-1,-1
17:58:55.044,1,-0.66,-1,-1
17:58:55.247,1,-0.66,-1,-1
17:58:55.449,1,-0.66,-1,-1
17:58:55.651,-1,-0.707,-1,-1
17:58:55.853,-1,-0.707,-1,-1
17:58:56.055,-1,-0.707,-1,-1
17:58:56.256,-1,-0.707,-1,-1
17:58:56.459,-1,-0.707,-1,-1
17:58:56.661,-1,-0.706,-1,-1
17:58:56.863,-1,-0.706,-1,-1
17:58:57.065,-1,-0.706,-1,-1
17:58:57.267,-1,-0.706,-1,-1
17:58:57.468,-1,-0.705,-1,-1
17:58:57.670,-1,-0.705,-1,-1
17:58:57.872,-1,-0.705,-1,-1
17:58:58.074,-1,-0.705,-1,-1
17:58:58.276,-1,-0.705,-1,-1
17:58:58.478,-1,-0.705,-1,-1
17:58:58.680,-1,-0.705,-1,-1
17:58:58.894,-1,-0.705,-1,-1
17:58:59.099,-1,-0.705,-1,-1
17:58:59.301,-1,-0.705,-1,-1
17:58:59.583,-1,-0.705,-1,-1
17:58:59.822,1,-0.705,-1,-1
17:59:00.136,1,-0.705,-1,-1
17:59:00.415,1,-0.705,-1,-1
17:59:00.640,1,-0.705,-1,-1
17:59:00.843,-1,-0.705,-1,-1
17:59:01.045,-1,-0.705,-1,-1
17:59:01.248,-1,-0.705,-1,-1
17:59:01.451,-1,-0.705,-1,-1
17:59:01.653,-1,-0.361,-1,-1
17:59:01.855,-1,-0.36,-1,-1
17:59:02.057,-1,-0.359,-1,-1
17:59:02.259,-1,-0.359,-1,-1
17:59:02.461,-1,-0.359,-1,-1
17:59:02.663,-1,-0.358,-1,-1
17:59:02.865,-1,-0.357,-1,-1
17:59:03.067,-1,-0.357,-1,-1
17:59:03.269,-1,-0.357,-1,-1
17:59:03.471,-1,-0.357,-1,-1
17:59:03.673,-1,-0.356,-1,-1
17:59:03.874,-1,-0.356,-1,-1
17:59:04.076,-1,-0.356,-1,-1
17:59:04.279,-1,-0.356,-1,-1
17:59:04.481,-1,-0.356,-1,-1
17:59:04.683,-1,-0.356,-1,-1
17:59:04.885,1,-0.356,-1,-1
17:59:05.095,1,-0.356,-1,-1
17:59:05.303,1,-0.356,-1,-1
17:59:05.517,1,-0.356,-1,-1
17:59:05.763,1,-0.356,-1,-1
17:59:05.988,-1,-0.356,-1,-1
17:59:06.259,-1,-0.356,-1,-1
17:59:06.471,-1,-0.355,-1,-1
17:59:06.677,-1,-0.355,-1,-1
17:59:06.880,-1,-0.354,-1,-1
17:59:07.097,-1,-0.354,-1,-1
17:59:07.309,-1,-0.354,-1,-1
17:59:07.511,-1,-0.942,-1,-1
17:59:07.713,-1,-0.942,-1,-1
17:59:07.915,-1,-0.942,-1,-1
17:59:08.117,-1,-0.942,-1,-1
17:59:08.319,-1,-0.942,-1,-1
17:59:08.521,-1,-0.942,-1,-1
17:59:08.723,-1,-0.942,-1,-1
17:59:08.925,-1,-0.942,-1,-1
17:59:09.127,-1,-0.942,-1,-1
17:59:09.329,-1,-0.942,-1,-1
17:59:09.531,-1,-0.942,-1,-1
17:59:09.732,-1,-0.942,-1,-1
17:59:09.934,-1,-0.942,-1,-1
17:59:10.136,-1,-0.942,-1,-1
17:59:10.338,1,-0.942,-1,-1
17:59:10.540,1,-0.942,-1,-1
17:59:10.747,1,-0.942,-1,-1
17:59:10.950,1,-0.942,-1,-1
17:59:11.152,1,-0.942,-1,-1
17:59:11.376,1,-0.942,-1,-1
17:59:11.664,-1,-0.942,-1,-1
17:59:11.954,-1,-0.942,-1,-1
17:59:12.216,-1,-0.942,-1,-1
17:59:12.432,-1,-0.942,-1,-1
17:59:12.634,-1,-0.942,-1,-1
17:59:12.837,-1,-0.942,-1,-1
17:59:13.039,-1,-0.942,-1,-1
17:59:13.242,-1,-0.942,-1,-1
17:59:13.444,-1,-0.948,-1,-1
17:59:13.646,-1,-0.947,-1,-1
17:59:13.847,-1,-0.947,-1,-1
17:59:14.049,-1,-0.947,-1,-1
17:59:14.251,-1,-0.947,-1,-1
17:59:14.453,-1,-0.947,-1,-1
17:59:14.655,-1,-0.947,-1,-1
17:59:14.857,-1,-0.947,-1,-1
17:59:15.059,-1,-0.947,-1,-1
17:59:15.261,-1,-0.947,-1,-1
17:59:15.463,-1,-0.947,-1,-1
17:59:15.664,1,-0.947,-1,-1
17:59:15.866,1,-0.947,-1,-1
17:59:16.068,1,-0.947,-1,-1
17:59:16.270,-1,-0.947,-1,-1
17:59:16.472,-1,-0.947,-1,-1
17:59:16.674,-1,-0.947,-1,-1
17:59:16.876,-1,-0.947,-1,-1
17:59:17.078,-1,-0.947,-1,-1
17:59:17.280,-1,-0.947,-1,-1
17:59:17.482,-1,-0.947,-1,-1
17:59:17.684,-1,-0.947,-1,-1
17:59:17.886,-1,-0.947,-1,-1
17:59:18.088,-1,-0.947,-1,-1
17:59:18.290,-1,-0.947,-1,-1
17:59:18.549,-1,-0.947,-1,-1
17:59:18.814,-1,-0.947,-1,-1
17:59:19.058,-1,-0.947,-1,-1
17:59:19.265,-1,-0.947,-1,-1
17:59:19.576,-1,-0.947,-1,-1
17:59:19.787,-1,-0.947,-1,-1
17:59:19.989,-1,-0.947,-1,-1
17:59:20.192,-1,-0.947,-1,-1
17:59:20.394,-1,-0.935,-1,-1
17:59:20.597,-1,-0.935,-1,-1
17:59:20.799,1,-0.935,-1,-1
17:59:21.014,1,-0.935,-1,-1
17:59:21.216,1,-0.935,-1,-1
17:59:21.418,1,-0.935,-1,-1
17:59:21.620,-1,-0.935,-1,-1
17:59:21.822,-1,-0.935,-1,-1
17:59:22.023,-1,-0.935,-1,-1
17:59:22.225,-1,-0.935,-1,-1
17:59:22.427,-1,-0.935,-1,-1
17:59:22.629,-1,-0.935,-1,-1
17:59:22.831,-1,-0.935,-1,-1
17:59:23.033,-1,-0.935,-1,-1
17:59:23.235,-1,-0.935,-1,-1
17:59:23.503,-1,-0.935,-1,-1
17:59:23.853,-1,-0.935,-1,-1
17:59:24.069,-1,-0.935,-1,-1
17:59:24.532,-1,-0.935,-1,-1
17:59:24.735,-1,-0.935,-1,-1
17:59:24.937,-1,-0.935,-1,-1
17:59:25.140,-1,-0.935,-1,-1
17:59:25.342,-1,-0.265,-1,-1
17:59:25.544,1,-0.265,-1,-1
17:59:25.746,1,-0.265,-1,-1
17:59:25.947,1,-0.265,-1,-1
17:59:26.149,1,-0.265,-1,-1
17:59:26.351,1,-0.265,-1,-1
17:59:26.553,-1,-0.265,-1,-1
17:59:26.755,-1,-0.265,-1,-1
17:59:26.957,-1,-0.265,-1,-1
17:59:27.159,-1,-0.265,-1,-1
17:59:27.361,-1,-0.265,-1,-1
17:59:27.563,-1,-0.263,-1,-1
17:59:27.764,-1,-0.262,-1,-1
17:59:27.966,-1,-0.262,-1,-1
17:59:28.168,-1,-0.261,-1,-1
17:59:28.370,-1,-0.26,-1,-1
17:59:28.572,-1,-0.26,-1,-1
17:59:28.774,-1,-0.259,-1,-1
17:59:28.976,-1,-0.259,-1,-1
17:59:29.178,-1,-0.259,-1,-1
17:59:29.381,-1,-0.259,-1,-1
17:59:29.582,-1,-0.258,-1,-1
17:59:29.784,-1,-0.258,-1,-1
17:59:29.986,-1,-0.258,-1,-1
17:59:30.188,-1,-0.258,-1,-1
17:59:30.632,-1,-0.258,-1,-1
17:59:30.915,1,-0.258,-1,-1
17:59:31.215,1,-0.258,-1,-1
17:59:31.469,1,-0.258,-1,-1
17:59:31.671,-1,-0.258,-1,-1
17:59:31.874,-1,-0.258,-1,-1
17:59:32.076,-1,-0.257,-1,-1
17:59:32.278,-1,-0.826,-1,-1
17:59:32.480,-1,-0.826,-1,-1
17:59:32.682,-1,-0.826,-1,-1
17:59:32.884,-1,-0.826,-1,-1
17:59:33.087,-1,-0.826,-1,-1
17:59:33.289,-1,-0.826,-1,-1
17:59:33.491,-1,-0.826,-1,-1
17:59:33.692,-1,-0.825,-1,-1
17:59:33.894,-1,-0.825,-1,-1
17:59:34.096,-1,-0.825,-1,-1
17:59:34.298,-1,-0.825,-1,-1
17:59:34.500,-1,-0.825,-1,-1
17:59:34.702,-1,-0.825,-1,-1
17:59:34.904,-1,-0.825,-1,-1
17:59:35.112,-1,-0.825,-1,-1
17:59:35.315,-1,-0.825,-1,-1
17:59:35.519,1,-0.825,-1,-1
17:59:35.721,1,-0.825,-1,-1
17:59:35.923,1,-0.825,-1,-1
17:59:36.125,1,-0.825,-1,-1
17:59:36.337,1,-0.825,-1,-1
17:59:36.664,1,-0.825,-1,-1
17:59:36.966,-1,-0.825,-1,-1
17:59:37.220,-1,-0.825,-1,-1
17:59:37.487,-1,-0.825,-1,-1
17:59:37.689,-1,-0.824,-1,-1
17:59:37.894,-1,-0.824,-1,-1
17:59:38.097,-1,-0.824,-1,-1
17:59:38.299,-1,-0.88,-1,-1
17:59:38.501,-1,-0.88,-1,-1
17:59:38.703,-1,-0.88,-1,-1
17:59:38.905,-1,-0.88,-1,-1
17:59:39.119,-1,-0.88,-1,-1
17:59:39.321,-1,-0.88,-1,-1
17:59:39.523,-1,-0.88,-1,-1
17:59:39.724,-1,-0.88,-1,-1
17:59:39.926,-1,-0.88,-1,-1
17:59:40.128,-1,-0.88,-1,-1
17:59:40.330,-1,-0.88,-1,-1
17:59:40.532,-1,-0.88,-1,-1
17:59:40.734,-1,-0.88,-1,-1
17:59:40.937,-1,-0.88,-1,-1
17:59:41.139,-1,-0.88,-1,-1
17:59:41.341,-1,-0.88,-1,-1
17:59:41.542,1,-0.88,-1,-1
17:59:41.744,1,-0.88,-1,-1
17:59:41.946,-1,-0.88,-1,-1
17:59:42.148,-1,-0.88,-1,-1
17:59:42.523,-1,-0.879,-1,-1
17:59:42.751,-1,-0.879,-1,-1
17:59:42.981,-1,-0.879,-1,-1
17:59:43.298,-1,-0.879,-1,-1
17:59:43.501,-1,-0.879,-1,-1
17:59:43.703,-1,-0.879,-1,-1
17:59:43.906,-1,-0.879,-1,-1
17:59:44.109,-1,-0.879,-1,-1
17:59:44.310,-1,-0.95,-1,-1
17:59:44.513,-1,-0.95,-1,-1
17:59:44.715,-1,-0.95,-1,-1
17:59:44.917,-1,-0.95,-1,-1
17:59:45.119,-1,-0.95,-1,-1
17:59:45.321,-1,-0.95,-1,-1
17:59:45.523,-1,-0.95,-1,-1
17:59:45.724,-1,-0.95,-1,-1
17:59:45.926,1,-0.95,-1,-1
17:59:46.128,1,-0.95,-1,-1
17:59:46.330,1,-0.95,-1,-1
17:59:46.532,1,-0.95,-1,-1
17:59:46.734,1,-0.95,-1,-1
17:59:46.936,-1,-0.95,-1,-1
17:59:47.138,-1,-0.95,-1,-1
17:59:47.341,-1,-0.95,-1,-1
17:59:47.544,-1,-0.95,-1,-1
17:59:47.746,-1,-0.95,-1,-1
17:59:47.948,-1,-0.95,-1,-1
17:59:48.243,-1,-0.95,-1,-1
17:59:48.544,-1,-0.95,-1,-1
17:59:48.858,-1,-0.95,-1,-1
17:59:49.128,-1,-0.95,-1,-1
17:59:49.329,-1,-0.95,-1,-1
17:59:49.533,-1,-0.95,-1,-1
17:59:49.736,-1,-0.95,-1,-1
17:59:49.938,-1,-0.95,-1,-1
17:59:50.140,-1,-0.943,-1,-1
17:59:50.342,-1,-0.943,-1,-1
17:59:50.544,-1,-0.943,-1,-1
17:59:50.746,-1,-0.943,-1,-1
17:59:50.949,1,-0.943,-1,-1
17:59:51.151,1,-0.943,-1,-1
17:59:51.352,1,-0.943,-1,-1
17:59:51.554,1,-0.943,-1,-1
17:59:51.756,1,-0.943,-1,-1
17:59:51.958,-1,-0.943,-1,-1
17:59:52.160,-1,-0.943,-1,-1
17:59:52.362,-1,-0.943,-1,-1
17:59:52.563,-1,-0.943,-1,-1
17:59:52.765,-1,-0.943,-1,-1
17:59:53.051,-1,-0.943,-1,-1
17:59:53.283,-1,-0.943,-1,-1
17:59:53.496,-1,-0.943,-1,-1
17:59:53.881,-1,-0.943,-1,-1
17:59:54.097,-1,-0.942,-1,-1
17:59:54.407,-1,-0.942,-1,-1
17:59:54.613,-1,-0.942,-1,-1
17:59:54.825,-1,-0.942,-1,-1
17:59:55.029,-1,-0.942,-1,-1
17:59:55.230,-1,-0.632,-1,-1
17:59:55.432,-1,-0.632,-1,-1
17:59:55.634,-1,-0.632,-1,-1
17:59:55.836,-1,-0.632,-1,-1
17:59:56.038,-1,-0.632,-1,-1
17:59:56.240,-1,-0.632,-1,-1
17:59:56.442,-1,-0.632,-1,-1
17:59:56.644,-1,-0.632,-1,-1
17:59:56.846,-1,-0.632,-1,-1
17:59:57.048,1,-0.632,-1,-1
17:59:57.250,1,-0.632,-1,-1
17:59:57.452,1,-0.632,-1,-1
17:59:57.653,-1,-0.632,-1,-1
17:59:57.855,-1,-0.632,-1,-1
17:59:58.057,-1,-0.632,-1,-1
17:59:58.294,-1,-0.632,-1,-1
17:59:58.542,-1,-0.631,-1,-1
17:59:58.774,-1,-0.631,-1,-1
17:59:59.067,-1,-0.63,-1,-1
17:59:59.291,-1,-0.63,-1,-1
17:59:59.493,-1,-0.63,-1,-1
17:59:59.696,-1,-0.629,-1,-1
17:59:59.899,-1,-0.629,-1,-1
18:00:00.101,-1,-0.953,-1,-1
18:00:00.304,-1,-0.953,-1,-1
18:00:00.506,-1,-0.953,-1,-1
18:00:00.709,-1,-0.953,-1,-1
18:00:00.911,-1,-0.953,-1,-1
18:00:01.124,-1,-0.953,-1,-1
18:00:01.326,-1,-0.953,-1,-1
18:00:01.528,-1,-0.953,-1,-1
18:00:01.730,-1,-0.953,-1,-1
18:00:01.931,-1,-0.953,-1,-1
18:00:02.133,-1,-0.953,-1,-1
18:00:02.335,-1,-0.953,-1,-1
18:00:02.537,1,-0.953,-1,-1
18:00:02.739,1,-0.953,-1,-1
18:00:02.941,1,-0.953,-1,-1
18:00:03.143,1,-0.953,-1,-1
18:00:03.345,1,-0.953,-1,-1
18:00:03.547,1,-0.953,-1,-1
18:00:03.750,-1,-0.953,-1,-1
18:00:03.952,-1,-0.953,-1,-1
18:00:04.319,-1,-0.953,-1,-1
18:00:04.570,-1,-0.953,-1,-1
18:00:04.864,-1,-0.953,-1,-1
18:00:05.130,-1,-0.953,-1,-1
18:00:05.332,-1,-0.953,-1,-1
18:00:05.535,-1,-0.953,-1,-1
18:00:05.737,-1,-0.953,-1,-1
18:00:05.940,-1,-0.952,-1,-1
18:00:06.141,-1,-0.944,-1,-1
18:00:06.343,-1,-0.944,-1,-1
18:00:06.545,-1,-0.944,-1,-1
18:00:06.748,-1,-0.944,-1,-1
18:00:06.950,-1,-0.944,-1,-1
18:00:07.152,-1,-0.944,-1,-1
18:00:07.354,-1,-0.944,-1,-1
18:00:07.556,-1,-0.944,-1,-1
18:00:07.758,1,-0.944,-1,-1
18:00:07.960,1,-0.944,-1,-1
18:00:08.161,1,-0.944,-1,-1
18:00:08.363,1,-0.944,-1,-1
18:00:08.565,1,-0.944,-1,-1
18:00:08.768,1,-0.944,-1,-1
18:00:08.969,-1,-0.944,-1,-1
18:00:09.258,-1,-0.944,-1,-1
18:00:09.515,-1,-0.944,-1,-1
18:00:09.787,-1,-0.944,-1,-1
18:00:10.111,-1,-0.944,-1,-1
18:00:10.345,-1,-0.944,-1,-1
18:00:10.548,-1,-0.944,-1,-1
18:00:10.751,-1,-0.944,-1,-1
18:00:10.953,-1,-0.944,-1,-1
18:00:11.155,-1,-0.612,-1,-1
18:00:11.358,-1,-0.612,-1,-1
18:00:11.560,-1,-0.612,-1,-1
18:00:11.762,-1,-0.611,-1,-1
18:00:11.964,-1,-0.611,-1,-1
18:00:12.166,-1,-0.611,-1,-1
18:00:12.368,-1,-0.611,-1,-1
18:00:12.570,-1,-0.611,-1,-1
18:00:12.772,-1,-0.611,-1,-1
18:00:12.974,1,-0.611,-1,-1
18:00:13.176,1,-0.611,-1,-1
18:00:13.378,1,-0.611,-1,-1
18:00:13.580,1,-0.611,-1,-1
18:00:13.782,1,-0.611,-1,-1
18:00:13.984,1,-0.611,-1,-1
18:00:14.186,-1,-0.611,-1,-1
18:00:14.388,-1,-0.611,-1,-1
18:00:14.600,-1,-0.611,-1,-1
18:00:14.827,-1,-0.611,-1,-1
18:00:15.053,-1,-0.61,-1,-1
18:00:15.333,-1,-0.61,-1,-1
18:00:15.633,-1,-0.609,-1,-1
18:00:15.937,-1,-0.608,-1,-1
18:00:16.139,-1,-0.608,-1,-1
18:00:16.343,-1,-0.608,-1,-1
18:00:16.546,-1,-0.608,-1,-1
18:00:16.748,-1,0.283,-1,-1
18:00:16.950,-1,0.284,-1,-1
18:00:17.152,-1,0.284,-1,-1
18:00:17.354,-1,0.284,-1,-1
18:00:17.556,-1,0.284,-1,-1
18:00:17.758,-1,0.285,-1,-1
18:00:17.959,-1,0.285,-1,-1
18:00:18.162,-1,0.285,-1,-1
18:00:18.366,-1,0.285,-1,-1
18:00:18.568,-1,0.285,-1,-1
18:00:18.770,-1,0.285,-1,-1
18:00:18.972,-1,0.285,-1,-1
18:00:19.175,-1,0.285,-1,-1
18:00:19.377,-1,0.285,-1,-1
18:00:19.579,-1,0.285,-1,-1
18:00:19.781,-1,0.285,-1,-1
18:00:19.983,-1,0.286,-1,-1
18:00:20.229,-1,0.287,-1,-1
18:00:20.533,-1,0.288,-1,-1
18:00:20.746,-1,0.289,-1,-1
18:00:20.979,-1,0.291,-1,-1
18:00:21.234,-1,0.291,-1,-1
18:00:21.544,-1,0.291,-1,-1
18:00:21.747,-1,0.295,-1,-1
18:00:21.948,-1,0.297,-1,-1
18:00:22.153,-1,0.298,-1,-1
18:00:22.355,-1,-0.87,-1,-1
18:00:22.557,-1,-0.87,-1,-1
18:00:22.759,-1,-0.87,-1,-1
18:00:22.961,-1,-0.87,-1,-1
18:00:23.163,-1,-0.87,-1,-1
18:00:23.365,-1,-0.87,-1,-1
18:00:23.567,-1,-0.87,-1,-1
18:00:23.768,-1,-0.87,-1,-1
18:00:23.970,1,-0.87,-1,-1
18:00:24.172,1,-0.87,-1,-1
18:00:24.374,1,-0.87,-1,-1
18:00:24.576,1,-0.87,-1,-1
18:00:24.779,1,-0.87,-1,-1
18:00:24.981,1,-0.87,-1,-1
18:00:25.182,1,-0.87,-1,-1
18:00:25.384,1,-0.87,-1,-1
18:00:25.586,1,-0.87,-1,-1
18:00:25.788,-1,-0.87,-1,-1
18:00:25.990,-1,-0.87,-1,-1
18:00:26.192,-1,-0.87,-1,-1
18:00:26.466,-1,-0.869,-1,-1
18:00:26.687,-1,-0.869,-1,-1
18:00:26.966,-1,-0.869,-1,-1
18:00:27.219,-1,-0.869,-1,-1
18:00:27.601,-1,-0.869,-1,-1
18:00:27.803,-1,-0.869,-1,-1
18:00:28.006,-1,-0.869,-1,-1
18:00:28.209,-1,-0.869,-1,-1
18:00:28.411,-1,-0.85,-1,-1
18:00:28.613,-1,-0.85,-1,-1
18:00:28.816,-1,-0.85,-1,-1
18:00:29.018,-1,-0.85,-1,-1
18:00:29.228,-1,-0.85,-1,-1
18:00:29.431,-1,-0.85,-1,-1
18:00:29.637,-1,-0.85,-1,-1
18:00:29.840,1,-0.85,-1,-1
18:00:30.041,1,-0.85,-1,-1
18:00:30.243,1,-0.85,-1,-1
18:00:30.446,1,-0.85,-1,-1
18:00:30.648,1,-0.85,-1,-1
18:00:30.850,-1,-0.85,-1,-1
18:00:31.052,-1,-0.85,-1,-1
18:00:31.254,-1,-0.85,-1,-1
18:00:31.457,-1,-0.85,-1,-1
18:00:31.659,-1,-0.85,-1,-1
18:00:31.862,-1,-0.849,-1,-1
18:00:32.064,-1,-0.849,-1,-1
18:00:32.265,-1,-0.849,-1,-1
18:00:32.489,-1,-0.849,-1,-1
18:00:32.733,-1,-0.849,-1,-1
18:00:33.012,-1,-0.849,-1,-1
18:00:35.253,-1,-0.848,-1,-1
