,A.BRAKE1
17:32:43.319,-1
17:32:43.520,-1
17:32:43.723,-1
17:32:43.925,-1
17:32:44.126,-1
17:32:44.329,-1
17:32:44.537,-1
17:32:44.742,-1
17:32:44.946,-1
17:32:45.202,-1
17:32:45.437,-1
17:32:45.660,-1
17:32:45.889,-1
17:32:46.096,-1
17:32:46.316,-1
17:32:46.523,-1
17:32:46.725,-1
17:32:46.930,-1
17:32:47.133,-1
17:32:47.336,-1
17:32:47.540,-1
17:32:47.743,1
17:32:47.944,1
17:32:48.146,-1
17:32:48.347,-1
17:32:48.549,-1
17:32:48.752,-1
17:32:48.969,-1
17:32:49.171,-1
17:32:49.377,-1
17:32:49.607,-1
17:32:49.819,-1
17:32:50.020,-1
17:32:50.231,-1
17:32:50.461,-1
17:32:50.701,-1
17:32:50.904,-1
17:32:51.124,-1
17:32:51.341,-1
17:32:51.544,-1
17:32:51.750,-1
17:32:51.954,-1
17:32:52.156,-1
17:32:52.360,-1
17:32:52.562,-1
17:32:52.764,-1
17:32:52.969,-1
17:32:53.172,-1
17:32:53.373,-1
17:32:53.580,-1
17:32:53.782,-1
17:32:53.985,-1
17:32:54.189,-1
17:32:54.390,-1
17:32:54.599,-1
17:32:54.804,-1
17:32:58.599,-1
17:32:58.810,-1
17:32:59.015,-1
17:32:59.218,-1
17:32:59.422,-1
17:32:59.625,-1
17:32:59.829,-1
17:33:00.032,-1
17:33:00.233,-1
17:33:00.438,-1
17:33:00.640,-1
17:33:00.847,-1
17:33:01.050,-1
17:33:01.253,-1
17:33:01.456,-1
17:33:01.657,-1
17:33:01.866,-1
17:33:02.069,-1
17:33:02.270,-1
17:33:02.476,-1
17:33:02.680,-1
17:33:02.883,-1
17:33:03.090,-1
17:33:03.292,-1
17:33:03.495,-1
17:33:03.699,-1
17:33:03.905,-1
17:33:04.109,-1
17:33:04.311,-1
17:33:04.515,-1
17:33:04.723,-1
17:33:04.925,-1
17:33:05.129,-1
17:33:05.331,-1
17:33:05.537,-1
17:33:05.745,-1
17:33:05.950,-1
17:33:06.160,-1
17:33:06.366,-1
17:33:06.571,-1
17:33:06.774,-1
17:33:06.976,-1
17:33:07.181,-1
17:33:07.385,-1
17:33:07.589,-1
17:33:07.792,-1
17:33:08.000,-1
17:33:08.205,-1
17:33:08.407,-1
17:33:08.609,-1
17:33:08.812,-1
17:33:09.014,1
17:33:09.217,1
17:33:09.423,1
17:33:09.624,1
17:33:09.829,1
17:33:10.034,1
17:33:10.237,1
17:33:10.447,1
17:33:10.657,1
17:33:10.860,-1
17:33:11.063,-1
17:33:11.267,-1
17:33:11.471,-1
17:33:11.673,-1
17:33:11.876,-1
17:33:12.077,-1
17:33:12.279,-1
17:33:12.481,-1
17:33:12.685,-1
17:33:12.887,-1
17:33:13.097,-1
17:33:13.301,-1
17:33:13.505,-1
17:33:13.708,-1
17:33:13.909,-1
17:33:14.111,-1
17:33:14.314,-1
17:33:14.522,-1
17:33:14.724,-1
17:33:14.927,-1
17:33:15.136,-1
17:33:15.343,-1
17:33:15.545,-1
17:33:15.751,-1
17:33:15.956,-1
17:33:16.158,-1
17:33:16.360,-1
17:33:16.563,-1
17:33:16.767,-1
17:33:16.970,-1
17:33:17.173,-1
17:33:17.382,-1
17:33:17.584,-1
17:33:17.787,-1
17:33:17.988,-1
17:33:18.191,-1
17:33:18.393,-1
17:33:18.597,-1
17:33:18.798,-1
17:33:19.003,-1
17:33:19.207,-1
17:33:19.409,-1
17:33:19.614,-1
17:33:19.821,-1
17:33:20.026,-1
17:33:20.228,-1
17:33:20.431,-1
17:33:20.635,-1
17:33:20.837,-1
17:33:21.043,-1
17:33:21.247,-1
17:33:21.449,-1
17:33:21.661,-1
17:33:21.865,-1
17:33:22.067,-1
17:33:22.270,-1
17:33:22.473,-1
17:33:22.675,-1
17:33:22.877,-1
17:33:23.079,-1
17:33:23.281,-1
17:33:23.485,-1
17:33:23.687,-1
17:33:23.889,-1
17:33:24.092,-1
17:33:24.294,-1
17:33:24.499,-1
17:33:24.701,-1
17:33:24.904,-1
17:33:25.109,-1
17:33:25.312,-1
17:33:25.533,-1
17:33:25.742,-1
17:33:25.947,-1
17:33:26.150,-1
17:33:26.354,-1
17:33:26.557,-1
17:33:26.761,-1
17:33:26.963,-1
17:33:27.165,-1
17:33:27.368,-1
17:33:27.570,-1
17:33:27.771,-1
17:33:27.978,-1
17:33:28.180,-1
17:33:28.381,-1
17:33:28.583,-1
17:33:28.787,-1
17:33:28.990,-1
17:33:29.192,-1
17:33:29.396,-1
17:33:29.600,-1
17:33:29.808,-1
17:33:30.011,-1
17:33:30.214,-1
17:33:30.418,-1
17:33:30.622,-1
17:33:34.409,-1
17:33:34.612,1
17:33:34.818,-1
17:33:35.024,-1
17:33:35.226,-1
17:33:35.429,-1
17:33:35.631,-1
17:33:35.836,-1
17:33:36.039,-1
17:33:36.241,-1
17:33:36.447,-1
17:33:36.652,-1
17:33:36.856,-1
17:33:37.058,-1
17:33:37.260,-1
17:33:37.465,-1
17:33:37.670,-1
17:33:37.875,-1
17:33:38.083,-1
17:33:38.289,-1
17:33:38.527,-1
17:33:38.739,-1
17:33:38.990,-1
17:33:39.221,-1
17:33:39.443,-1
17:33:39.694,-1
17:33:39.949,-1
17:33:40.171,-1
17:33:40.387,-1
17:33:40.591,-1
17:33:40.796,-1
17:33:40.998,-1
17:33:41.200,-1
17:33:41.403,-1
17:33:41.611,-1
17:33:41.815,-1
17:33:42.021,-1
17:33:42.224,-1
17:33:42.426,-1
17:33:42.629,-1
17:33:42.837,-1
17:33:43.038,-1
17:33:43.243,-1
17:33:43.445,-1
17:33:43.653,-1
17:33:43.863,-1
17:33:44.067,-1
17:33:44.277,-1
17:33:44.506,-1
17:33:44.716,-1
17:33:44.919,-1
17:33:45.121,-1
17:33:45.325,-1
17:33:45.530,-1
17:33:45.732,-1
17:33:45.935,-1
17:33:46.137,-1
17:33:46.338,-1
17:33:46.539,-1
17:33:46.744,-1
17:33:46.948,-1
17:33:47.149,-1
17:33:47.353,-1
17:33:47.558,-1
17:33:47.759,-1
17:33:47.962,-1
17:33:48.164,-1
17:33:48.374,-1
17:33:48.595,-1
17:33:48.824,1
17:33:49.036,1
17:33:49.299,1
17:33:49.597,1
17:33:49.816,1
17:33:50.089,1
17:33:50.294,1
17:33:50.521,1
17:33:50.723,1
17:33:50.925,1
17:33:51.134,-1
17:33:51.344,-1
17:33:51.549,-1
17:33:51.758,-1
17:33:51.961,-1
17:33:52.167,-1
17:33:52.369,-1
17:33:52.574,-1
17:33:52.776,-1
17:33:52.979,-1
17:33:53.182,-1
17:33:53.386,-1
17:33:53.593,-1
17:33:53.796,-1
17:33:53.998,-1
17:33:54.206,-1
17:33:54.408,-1
17:33:54.610,-1
17:33:54.813,-1
17:33:55.016,-1
17:33:55.224,-1
17:33:55.435,-1
17:33:55.653,-1
17:33:55.910,-1
17:33:56.114,-1
17:33:56.320,-1
17:33:56.541,-1
17:33:56.746,-1
17:33:56.948,-1
17:33:57.153,-1
17:33:57.358,-1
17:33:57.561,-1
17:33:57.770,-1
17:33:57.976,-1
17:33:58.179,-1
17:33:58.382,-1
17:33:58.583,-1
17:33:58.785,-1
17:33:58.988,-1
17:33:59.196,-1
17:33:59.398,-1
17:33:59.603,-1
17:33:59.804,-1
17:34:00.014,-1
17:34:00.283,-1
17:34:00.627,-1
17:34:00.832,-1
17:34:01.089,-1
17:34:01.293,-1
17:34:01.497,-1
17:34:01.704,-1
17:34:01.911,-1
17:34:02.113,-1
17:34:02.315,-1
17:34:02.518,-1
17:34:02.719,-1
17:34:02.920,-1
17:34:03.123,-1
17:34:03.326,-1
17:34:03.528,-1
17:34:03.730,-1
17:34:03.934,-1
17:34:04.147,-1
17:34:04.371,-1
17:34:04.625,-1
17:34:04.826,-1
17:34:05.030,-1
17:34:05.269,-1
17:34:05.479,-1
17:34:05.698,-1
17:34:05.912,-1
17:34:06.115,-1
17:34:06.318,-1
17:34:10.120,-1
17:34:10.325,1
17:34:10.528,1
17:34:10.732,1
17:34:10.939,1
17:34:11.142,1
17:34:11.348,1
17:34:11.554,1
17:34:11.759,-1
17:34:11.964,-1
17:34:12.170,-1
17:34:12.372,-1
17:34:12.574,-1
17:34:12.778,-1
17:34:12.979,-1
17:34:13.268,-1
17:34:13.524,-1
17:34:13.745,-1
17:34:13.959,-1
17:34:14.164,-1
17:34:14.395,-1
17:34:14.658,-1
17:34:14.890,-1
17:34:15.093,-1
17:34:15.295,-1
17:34:15.497,-1
17:34:15.699,-1
17:34:15.904,-1
17:34:16.107,-1
17:34:16.310,-1
17:34:16.511,-1
17:34:16.713,-1
17:34:16.914,-1
17:34:17.118,-1
17:34:17.323,-1
17:34:17.533,-1
17:34:17.737,-1
17:34:17.942,-1
17:34:18.143,-1
17:34:18.345,-1
17:34:18.603,-1
17:34:18.820,-1
17:34:19.036,-1
17:34:19.242,-1
17:34:19.456,-1
17:34:19.664,-1
17:34:19.871,-1
17:34:20.082,-1
17:34:20.297,-1
17:34:20.501,-1
17:34:20.709,-1
17:34:20.911,-1
17:34:21.114,-1
17:34:21.318,-1
17:34:21.521,-1
17:34:21.723,-1
17:34:21.927,-1
17:34:22.131,1
17:34:22.337,1
17:34:22.541,1
17:34:22.744,1
17:34:22.948,1
17:34:23.151,1
17:34:23.353,1
17:34:23.559,1
17:34:23.761,1
17:34:23.966,-1
17:34:24.167,-1
17:34:24.368,-1
17:34:24.571,-1
17:34:24.783,-1
17:34:24.994,-1
17:34:25.211,-1
17:34:25.463,-1
17:34:25.680,-1
17:34:25.896,-1
17:34:26.129,-1
17:34:26.332,-1
17:34:26.537,-1
17:34:26.741,-1
17:34:26.947,-1
17:34:27.149,-1
17:34:27.351,-1
17:34:27.553,-1
17:34:27.762,-1
17:34:27.967,-1
17:34:28.170,-1
17:34:28.372,-1
17:34:28.573,-1
17:34:28.785,-1
17:34:28.987,-1
17:34:29.190,-1
17:34:29.394,-1
17:34:29.598,-1
17:34:29.801,-1
17:34:30.003,-1
17:34:30.205,-1
17:34:30.407,-1
17:34:30.622,-1
17:34:30.838,-1
17:34:31.043,-1
17:34:31.256,-1
17:34:31.471,-1
17:34:31.690,-1
17:34:31.954,-1
17:34:32.156,-1
17:34:32.358,-1
17:34:32.560,-1
17:34:32.762,-1
17:34:32.965,-1
17:34:33.167,-1
17:34:33.372,-1
17:34:33.574,-1
17:34:33.776,-1
17:34:33.983,-1
17:34:34.184,-1
17:34:34.386,-1
17:34:34.588,-1
17:34:34.791,-1
17:34:34.994,1
17:34:35.214,1
17:34:35.432,1
17:34:35.642,1
17:34:35.891,1
17:34:36.135,1
17:34:36.360,1
17:34:36.578,1
17:34:36.836,1
17:34:37.079,1
17:34:37.287,-1
17:34:37.488,-1
17:34:37.691,-1
17:34:37.892,-1
17:34:38.096,-1
17:34:38.304,-1
17:34:38.510,-1
17:34:38.713,-1
17:34:38.919,-1
17:34:39.121,-1
17:34:39.327,-1
17:34:39.530,-1
17:34:39.733,-1
17:34:39.936,-1
17:34:40.138,-1
17:34:40.340,-1
17:34:40.542,-1
17:34:40.745,-1
17:34:40.947,-1
17:34:41.155,-1
17:34:41.393,-1
17:34:41.633,-1
17:34:41.847,-1
17:34:42.055,-1
17:34:42.262,-1
17:34:46.045,-1
17:34:46.252,-1
17:34:46.457,-1
17:34:46.660,-1
17:34:46.861,-1
17:34:47.065,-1
17:34:47.268,-1
17:34:47.478,-1
17:34:47.684,-1
17:34:47.886,-1
17:34:48.089,-1
17:34:48.293,-1
17:34:48.495,-1
17:34:48.697,-1
17:34:48.899,-1
17:34:49.102,-1
17:34:49.305,-1
17:34:49.513,-1
17:34:49.717,-1
17:34:49.919,-1
17:34:50.123,-1
17:34:50.324,-1
17:34:50.529,-1
17:34:50.731,-1
17:34:50.932,-1
17:34:51.134,-1
17:34:51.410,-1
17:34:51.615,-1
17:34:51.827,-1
17:34:52.033,-1
17:34:52.238,-1
17:34:52.442,-1
17:34:52.643,-1
17:34:52.845,-1
17:34:53.050,-1
17:34:53.261,-1
17:34:53.464,-1
17:34:53.669,-1
17:34:53.876,-1
17:34:54.080,-1
17:34:54.284,-1
17:34:54.491,-1
17:34:54.700,-1
17:34:54.902,-1
17:34:55.104,-1
17:34:55.308,-1
17:34:55.509,-1
17:34:55.735,-1
17:34:55.959,-1
17:34:56.176,-1
17:34:56.378,-1
17:34:56.580,-1
17:34:56.795,-1
17:34:57.007,-1
17:34:57.212,-1
17:34:57.416,-1
17:34:57.620,-1
17:34:57.823,-1
17:34:58.025,1
17:34:58.229,1
17:34:58.443,1
17:34:58.645,1
17:34:58.847,1
17:34:59.055,1
17:34:59.258,1
17:34:59.459,1
17:34:59.661,1
17:34:59.863,-1
17:35:00.066,-1
17:35:00.285,-1
17:35:00.506,-1
17:35:00.781,-1
17:35:00.986,-1
17:35:01.224,-1
17:35:01.429,-1
17:35:01.642,-1
17:35:01.844,-1
17:35:02.048,-1
17:35:02.249,-1
17:35:02.459,-1
17:35:02.666,-1
17:35:02.882,-1
17:35:03.086,-1
17:35:03.290,-1
17:35:03.511,-1
17:35:03.712,-1
17:35:03.914,-1
17:35:04.115,-1
17:35:04.322,-1
17:35:04.539,-1
17:35:04.742,-1
17:35:04.948,-1
17:35:05.161,-1
17:35:05.363,-1
17:35:05.566,-1
17:35:05.772,-1
17:35:05.973,-1
17:35:06.175,-1
17:35:06.380,-1
17:35:06.589,-1
17:35:06.872,-1
17:35:07.106,-1
17:35:07.311,-1
17:35:07.545,-1
17:35:07.777,-1
17:35:07.982,-1
17:35:08.185,-1
17:35:08.389,-1
17:35:08.593,-1
17:35:08.796,-1
17:35:09.002,-1
17:35:09.205,-1
17:35:09.409,-1
17:35:09.614,-1
17:35:09.816,-1
17:35:10.019,-1
17:35:10.220,-1
17:35:10.426,-1
17:35:10.633,-1
17:35:10.838,-1
17:35:11.051,-1
17:35:11.253,-1
17:35:11.456,-1
17:35:11.664,-1
17:35:11.868,-1
17:35:12.069,-1
17:35:12.272,-1
17:35:12.476,-1
17:35:12.679,-1
17:35:12.883,-1
17:35:13.087,-1
17:35:13.294,-1
17:35:13.497,-1
17:35:13.700,-1
17:35:13.903,-1
17:35:14.105,-1
17:35:14.313,-1
17:35:14.518,-1
17:35:14.720,-1
17:35:14.922,-1
17:35:15.124,-1
17:35:15.326,-1
17:35:15.527,-1
17:35:15.730,-1
17:35:15.932,-1
17:35:16.134,-1
17:35:16.344,-1
17:35:16.547,-1
17:35:16.751,-1
17:35:16.954,-1
17:35:17.159,-1
17:35:17.364,-1
17:35:17.566,-1
17:35:17.769,-1
17:35:17.971,-1
17:35:21.765,-1
17:35:21.977,-1
17:35:22.220,-1
17:35:22.467,-1
17:35:22.756,-1
17:35:22.964,-1
17:35:23.194,-1
17:35:23.409,-1
17:35:23.616,-1
17:35:23.822,-1
17:35:24.025,-1
17:35:24.228,-1
17:35:24.430,-1
17:35:24.634,-1
17:35:24.837,-1
17:35:25.042,-1
17:35:25.246,-1
17:35:25.451,-1
17:35:25.658,-1
17:35:25.867,1
17:35:26.071,1
17:35:26.279,1
17:35:26.484,1
17:35:26.693,1
17:35:26.897,1
17:35:27.109,1
17:35:27.353,1
17:35:27.602,1
17:35:27.867,1
17:35:28.141,1
17:35:28.439,-1
17:35:28.690,-1
17:35:28.902,-1
17:35:29.128,-1
17:35:29.334,-1
17:35:29.539,-1
17:35:29.741,-1
17:35:29.946,-1
17:35:30.151,-1
17:35:30.355,-1
17:35:30.558,-1
17:35:30.763,-1
17:35:30.970,-1
17:35:31.174,-1
17:35:31.379,-1
17:35:31.582,-1
17:35:31.785,-1
17:35:31.991,-1
17:35:32.201,-1
17:35:32.403,-1
17:35:32.608,-1
17:35:32.835,-1
17:35:33.050,-1
17:35:33.273,-1
17:35:33.500,-1
17:35:33.716,-1
17:35:33.939,-1
17:35:34.149,-1
17:35:34.365,-1
17:35:34.568,-1
17:35:34.772,-1
17:35:34.977,-1
17:35:35.181,-1
17:35:35.389,-1
17:35:35.594,-1
17:35:35.797,-1
17:35:36.001,-1
17:35:36.204,-1
17:35:36.406,-1
17:35:36.608,-1
17:35:36.811,-1
17:35:37.018,-1
17:35:37.221,-1
17:35:37.424,-1
17:35:37.626,-1
17:35:37.829,-1
17:35:38.041,-1
17:35:38.245,-1
17:35:38.449,-1
17:35:38.656,-1
17:35:38.864,-1
17:35:39.118,-1
17:35:39.344,-1
17:35:39.553,-1
17:35:39.757,-1
17:35:39.960,-1
17:35:40.164,-1
17:35:40.366,-1
17:35:40.574,-1
17:35:40.777,-1
17:35:40.979,-1
17:35:41.182,-1
17:35:41.384,-1
17:35:41.585,-1
17:35:41.790,-1
17:35:41.994,-1
17:35:42.197,-1
17:35:42.400,-1
17:35:42.602,-1
17:35:42.815,-1
17:35:43.017,-1
17:35:43.225,-1
17:35:43.436,-1
17:35:43.646,-1
17:35:43.858,-1
17:35:44.072,-1
17:35:44.274,-1
17:35:44.476,-1
17:35:44.680,-1
17:35:44.882,-1
17:35:45.084,-1
17:35:45.286,-1
17:35:45.492,-1
17:35:45.695,-1
17:35:45.903,-1
17:35:46.107,-1
17:35:46.312,-1
17:35:46.515,-1
17:35:46.719,-1
17:35:46.924,-1
17:35:47.126,-1
17:35:47.328,-1
17:35:47.534,-1
17:35:47.736,-1
17:35:47.940,-1
17:35:48.147,-1
17:35:48.352,-1
17:35:48.554,1
17:35:48.755,1
17:35:48.961,1
17:35:49.163,1
17:35:49.368,1
17:35:49.572,1
17:35:49.776,1
17:35:49.978,1
17:35:50.186,1
17:35:50.392,1
17:35:50.594,1
17:35:50.800,-1
17:35:51.001,-1
17:35:51.222,-1
17:35:51.426,-1
17:35:51.630,-1
17:35:51.833,-1
17:35:52.036,-1
17:35:52.240,-1
17:35:52.444,-1
17:35:52.670,-1
17:35:52.933,-1
17:35:53.147,-1
17:35:53.361,-1
17:35:53.566,-1
17:35:53.772,-1
17:35:53.975,-1
17:35:57.767,-1
17:35:57.969,-1
17:35:58.172,-1
17:35:58.374,-1
17:35:58.579,-1
17:35:58.786,-1
17:35:58.991,-1
17:35:59.201,-1
17:35:59.404,-1
17:35:59.606,-1
17:35:59.811,-1
17:36:00.014,-1
17:36:00.221,-1
17:36:00.423,-1
17:36:00.627,-1
17:36:00.829,-1
17:36:01.034,-1
17:36:01.236,-1
17:36:01.441,-1
17:36:01.646,-1
17:36:01.852,-1
17:36:02.054,-1
17:36:02.262,-1
17:36:02.465,-1
17:36:02.668,-1
17:36:02.870,-1
17:36:03.072,-1
17:36:03.275,-1
17:36:03.479,-1
17:36:03.749,-1
17:36:03.966,-1
17:36:04.184,-1
17:36:04.410,-1
17:36:04.679,-1
17:36:04.902,-1
17:36:05.135,-1
17:36:05.349,-1
17:36:05.552,-1
17:36:05.758,-1
17:36:05.962,-1
17:36:06.164,-1
17:36:06.367,-1
17:36:06.570,-1
17:36:06.775,-1
17:36:06.978,-1
17:36:07.180,-1
17:36:07.386,-1
17:36:07.590,-1
17:36:07.794,-1
17:36:07.998,-1
17:36:08.201,-1
17:36:08.406,-1
17:36:08.612,-1
17:36:08.815,-1
17:36:09.019,-1
17:36:09.222,-1
17:36:09.423,-1
17:36:09.625,-1
17:36:09.829,-1
17:36:10.037,-1
17:36:10.243,-1
17:36:10.457,-1
17:36:10.664,-1
17:36:10.867,-1
17:36:11.079,-1
17:36:11.288,-1
17:36:11.494,-1
17:36:11.699,-1
17:36:11.902,-1
17:36:12.106,-1
17:36:12.309,-1
17:36:12.517,-1
17:36:12.725,-1
17:36:12.929,-1
17:36:13.133,-1
17:36:13.337,-1
17:36:13.543,-1
17:36:13.745,-1
17:36:13.949,-1
17:36:14.151,-1
17:36:14.353,-1
17:36:14.559,-1
17:36:14.761,-1
17:36:14.967,-1
17:36:15.177,-1
17:36:15.378,-1
17:36:15.580,-1
17:36:15.782,-1
17:36:15.986,-1
17:36:16.189,-1
17:36:16.393,-1
17:36:16.597,-1
17:36:16.804,-1
17:36:17.007,-1
17:36:17.209,-1
17:36:17.410,1
17:36:17.617,1
17:36:17.853,1
17:36:18.060,1
17:36:18.277,1
17:36:18.504,1
17:36:18.735,1
17:36:18.957,1
17:36:19.159,1
17:36:19.367,1
17:36:19.573,1
17:36:19.775,1
17:36:19.978,-1
17:36:20.182,-1
17:36:20.384,-1
17:36:20.594,-1
17:36:20.797,-1
17:36:20.999,-1
17:36:21.201,-1
17:36:21.404,-1
17:36:21.606,-1
17:36:21.807,-1
17:36:22.009,-1
17:36:22.210,-1
17:36:22.415,-1
17:36:22.621,-1
17:36:22.823,-1
17:36:23.037,-1
17:36:23.259,-1
17:36:23.460,-1
17:36:23.687,-1
17:36:23.936,-1
17:36:24.172,-1
17:36:24.380,-1
17:36:24.584,-1
17:36:24.787,-1
17:36:24.990,-1
17:36:25.195,-1
17:36:25.397,-1
17:36:25.609,-1
17:36:25.815,-1
17:36:26.023,-1
17:36:26.228,-1
17:36:26.435,-1
17:36:26.636,-1
17:36:26.838,-1
17:36:27.040,-1
17:36:27.242,-1
17:36:27.451,-1
17:36:27.669,-1
17:36:27.912,-1
17:36:28.120,-1
17:36:28.357,-1
17:36:28.567,-1
17:36:28.812,-1
17:36:29.022,-1
17:36:29.255,-1
17:36:29.460,-1
17:36:29.671,-1
17:36:33.455,-1
17:36:33.664,-1
17:36:33.870,-1
17:36:34.074,-1
17:36:34.276,-1
17:36:34.503,-1
17:36:34.706,-1
17:36:34.909,-1
17:36:35.113,-1
17:36:35.325,-1
17:36:35.526,-1
17:36:35.728,-1
17:36:35.933,1
17:36:36.135,1
17:36:36.337,1
17:36:36.542,1
17:36:36.743,1
17:36:36.945,1
17:36:37.150,1
17:36:37.351,1
17:36:37.555,1
17:36:37.763,1
17:36:37.969,1
17:36:38.171,-1
17:36:38.373,-1
17:36:38.587,-1
17:36:38.794,-1
17:36:39.018,-1
17:36:39.242,-1
17:36:39.476,-1
17:36:39.690,-1
17:36:39.900,-1
17:36:40.122,-1
17:36:40.362,-1
17:36:40.608,-1
17:36:40.913,-1
17:36:41.131,-1
17:36:41.336,-1
17:36:41.565,-1
17:36:41.767,-1
17:36:41.973,-1
17:36:42.181,-1
17:36:42.383,-1
17:36:42.588,-1
17:36:42.791,-1
17:36:42.999,-1
17:36:43.203,-1
17:36:43.409,-1
17:36:43.611,-1
17:36:43.815,-1
17:36:44.016,-1
17:36:44.224,-1
17:36:44.426,-1
17:36:44.632,-1
17:36:44.836,-1
17:36:45.040,-1
17:36:45.246,-1
17:36:45.449,-1
17:36:45.658,-1
17:36:45.864,-1
17:36:46.069,-1
17:36:46.270,-1
17:36:46.472,-1
17:36:46.680,-1
17:36:46.884,-1
17:36:47.094,-1
17:36:47.298,-1
17:36:47.515,-1
17:36:47.717,-1
17:36:47.920,-1
17:36:48.124,-1
17:36:48.327,-1
17:36:48.548,-1
17:36:48.788,-1
17:36:49.012,-1
17:36:49.219,-1
17:36:49.424,-1
17:36:49.678,-1
17:36:49.881,-1
17:36:50.088,-1
17:36:50.295,-1
17:36:50.499,-1
17:36:50.701,-1
17:36:50.905,-1
17:36:51.106,-1
17:36:51.312,-1
17:36:51.514,-1
17:36:51.715,-1
17:36:51.918,-1
17:36:52.119,-1
17:36:52.324,1
17:36:52.526,1
17:36:52.731,1
17:36:52.938,1
17:36:53.146,1
17:36:53.349,1
17:36:53.552,1
17:36:53.755,1
17:36:53.962,1
17:36:54.167,1
17:36:54.406,1
17:36:54.626,-1
17:36:54.848,-1
17:36:55.104,-1
17:36:55.354,-1
17:36:55.571,-1
17:36:55.800,-1
17:36:56.033,-1
17:36:56.247,-1
17:36:56.450,-1
17:36:56.658,-1
17:36:56.859,-1
17:36:57.063,-1
17:36:57.267,-1
17:36:57.470,-1
17:36:57.672,-1
17:36:57.873,-1
17:36:58.078,-1
17:36:58.281,-1
17:36:58.484,-1
17:36:58.685,-1
17:36:58.887,-1
17:36:59.088,-1
17:36:59.290,-1
17:36:59.494,-1
17:36:59.694,-1
17:36:59.898,-1
17:37:00.102,-1
17:37:00.304,-1
17:37:00.510,-1
17:37:00.716,-1
17:37:00.927,-1
17:37:01.148,-1
17:37:01.387,-1
17:37:01.657,-1
17:37:01.866,-1
17:37:02.097,-1
17:37:02.301,-1
17:37:02.504,-1
17:37:02.706,-1
17:37:02.908,-1
17:37:03.113,-1
17:37:03.316,-1
17:37:03.517,-1
17:37:03.721,-1
17:37:03.926,-1
17:37:04.132,-1
17:37:04.333,-1
17:37:04.535,-1
17:37:04.736,-1
17:37:04.939,-1
17:37:05.141,-1
17:37:05.347,-1
17:37:05.551,-1
17:37:09.336,-1
17:37:09.539,-1
17:37:09.749,-1
17:37:09.980,-1
17:37:10.191,-1
17:37:10.395,-1
17:37:10.602,-1
17:37:10.817,-1
17:37:11.036,-1
17:37:11.324,-1
17:37:11.565,-1
17:37:11.768,-1
17:37:11.970,-1
17:37:12.175,-1
17:37:12.378,1
17:37:12.587,1
17:37:12.794,1
17:37:13.013,1
17:37:13.218,1
17:37:13.422,1
17:37:13.626,1
17:37:13.831,1
17:37:14.034,1
17:37:14.242,1
17:37:14.445,-1
17:37:14.677,-1
17:37:14.885,-1
17:37:15.106,-1
17:37:15.333,-1
17:37:15.563,-1
17:37:15.778,-1
17:37:16.009,-1
17:37:16.271,-1
17:37:16.473,-1
17:37:16.676,-1
17:37:16.881,-1
17:37:17.083,-1
17:37:17.286,-1
17:37:17.490,-1
17:37:17.691,-1
17:37:17.893,-1
17:37:18.096,-1
17:37:18.298,-1
17:37:18.500,-1
17:37:18.701,-1
17:37:18.903,-1
17:37:19.107,-1
17:37:19.310,-1
17:37:19.514,-1
17:37:19.716,-1
17:37:19.921,-1
17:37:20.129,-1
17:37:20.333,-1
17:37:20.546,-1
17:37:20.843,-1
17:37:21.086,-1
17:37:21.341,-1
17:37:21.566,-1
17:37:21.829,-1
17:37:22.042,-1
17:37:22.293,-1
17:37:22.496,-1
17:37:22.697,-1
17:37:22.899,-1
17:37:23.101,-1
17:37:23.304,-1
17:37:23.509,-1
17:37:23.713,-1
17:37:23.916,-1
17:37:24.119,-1
17:37:24.321,-1
17:37:24.523,-1
17:37:24.725,-1
17:37:24.933,-1
17:37:25.136,-1
17:37:25.340,-1
17:37:25.540,-1
17:37:25.742,-1
17:37:25.945,-1
17:37:26.150,-1
17:37:26.359,-1
17:37:26.591,-1
17:37:26.803,-1
17:37:27.007,-1
17:37:27.220,-1
17:37:27.459,-1
17:37:27.673,-1
17:37:27.906,-1
17:37:28.111,-1
17:37:28.313,1
17:37:28.516,1
17:37:28.718,1
17:37:28.924,1
17:37:29.130,1
17:37:29.333,1
17:37:29.538,1
17:37:29.746,1
17:37:29.953,1
17:37:30.158,1
17:37:30.361,-1
17:37:30.565,-1
17:37:30.772,-1
17:37:30.973,-1
17:37:31.177,-1
17:37:31.439,-1
17:37:31.661,-1
17:37:31.879,-1
17:37:32.119,-1
17:37:32.332,-1
17:37:32.564,-1
17:37:32.781,-1
17:37:33.002,-1
17:37:33.204,-1
17:37:33.408,-1
17:37:33.617,-1
17:37:33.820,-1
17:37:34.021,-1
17:37:34.224,-1
17:37:34.425,-1
17:37:34.628,-1
17:37:34.834,-1
17:37:35.036,-1
17:37:35.241,-1
17:37:35.445,-1
17:37:35.651,-1
17:37:35.853,-1
17:37:36.060,-1
17:37:36.264,-1
17:37:36.469,-1
17:37:36.685,-1
17:37:36.893,-1
17:37:37.182,-1
17:37:37.392,-1
17:37:37.608,-1
17:37:37.813,-1
17:37:38.043,-1
17:37:38.339,-1
17:37:38.541,-1
17:37:38.747,-1
17:37:38.948,-1
17:37:39.151,-1
17:37:39.356,-1
17:37:39.559,-1
17:37:39.761,-1
17:37:39.963,-1
17:37:40.169,-1
17:37:40.371,1
17:37:40.576,1
17:37:40.783,1
17:37:40.990,1
17:37:41.194,1
17:37:41.396,1
17:37:45.175,1
17:37:45.383,1
17:37:45.587,1
17:37:45.796,1
17:37:45.998,1
17:37:46.199,-1
17:37:46.402,-1
17:37:46.604,-1
17:37:46.806,-1
17:37:47.008,-1
17:37:47.212,-1
17:37:47.415,-1
17:37:47.619,-1
17:37:47.822,-1
17:37:48.036,-1
17:37:48.243,-1
17:37:48.460,-1
17:37:48.715,-1
17:37:48.995,-1
17:37:49.233,-1
17:37:49.485,-1
17:37:49.693,-1
17:37:49.897,-1
17:37:50.099,-1
17:37:50.306,-1
17:37:50.508,-1
17:37:50.711,-1
17:37:50.915,-1
17:37:51.118,-1
17:37:51.322,-1
17:37:51.525,-1
17:37:51.727,-1
17:37:51.928,-1
17:37:52.129,-1
17:37:52.336,-1
17:37:52.537,-1
17:37:52.743,-1
17:37:52.969,-1
17:37:53.183,-1
17:37:53.392,-1
17:37:53.619,-1
17:37:53.825,-1
17:37:54.110,-1
17:37:54.313,-1
17:37:54.529,-1
17:37:54.734,-1
17:37:54.938,-1
17:37:55.143,-1
17:37:55.344,-1
17:37:55.547,-1
17:37:55.752,-1
17:37:55.958,-1
17:37:56.164,-1
17:37:56.370,-1
17:37:56.574,-1
17:37:56.778,-1
17:37:56.980,-1
17:37:57.181,-1
17:37:57.387,-1
17:37:57.594,-1
17:37:57.799,-1
17:37:58.002,-1
17:37:58.203,-1
17:37:58.412,-1
17:37:58.618,-1
17:37:58.831,-1
17:37:59.050,-1
17:37:59.260,-1
17:37:59.502,-1
17:37:59.727,-1
17:37:59.930,-1
17:38:00.132,-1
17:38:00.370,-1
17:38:00.575,-1
17:38:00.779,-1
17:38:00.981,-1
17:38:01.186,-1
17:38:01.387,-1
17:38:01.589,-1
17:38:01.791,-1
17:38:01.995,-1
17:38:02.196,-1
17:38:02.400,-1
17:38:02.607,-1
17:38:02.818,-1
17:38:03.098,-1
17:38:03.363,-1
17:38:03.657,-1
17:38:03.871,-1
17:38:04.112,-1
17:38:04.356,-1
17:38:04.561,-1
17:38:04.764,-1
17:38:04.967,-1
17:38:05.172,-1
17:38:05.375,-1
17:38:05.578,-1
17:38:05.781,-1
17:38:05.983,-1
17:38:06.185,-1
17:38:06.390,-1
17:38:06.594,-1
17:38:06.795,-1
17:38:06.998,-1
17:38:07.205,-1
17:38:07.408,-1
17:38:07.614,-1
17:38:07.820,-1
17:38:08.022,1
17:38:08.262,1
17:38:08.567,1
17:38:08.804,1
17:38:09.034,1
17:38:09.261,1
17:38:09.498,1
17:38:09.724,1
17:38:09.929,-1
17:38:10.135,-1
17:38:10.342,-1
17:38:10.549,-1
17:38:10.754,-1
17:38:10.961,-1
17:38:11.172,-1
17:38:11.377,-1
17:38:11.581,-1
17:38:11.784,-1
17:38:11.988,-1
17:38:12.190,-1
17:38:12.395,-1
17:38:12.610,-1
17:38:12.819,-1
17:38:13.021,-1
17:38:13.241,-1
17:38:13.455,-1
17:38:13.662,-1
17:38:13.883,-1
17:38:14.094,-1
17:38:14.303,-1
17:38:14.504,-1
17:38:14.707,-1
17:38:14.911,-1
17:38:15.114,-1
17:38:15.327,-1
17:38:15.532,-1
17:38:15.736,-1
17:38:15.939,-1
17:38:16.142,-1
17:38:16.343,-1
17:38:16.548,-1
17:38:16.752,-1
17:38:16.955,-1
17:38:17.158,-1
17:38:20.953,-1
17:38:21.160,-1
17:38:21.385,-1
17:38:21.588,-1
17:38:21.793,-1
17:38:21.998,-1
17:38:22.203,-1
17:38:22.411,-1
17:38:22.613,-1
17:38:22.815,-1
17:38:23.017,-1
17:38:23.220,-1
17:38:23.425,-1
17:38:23.629,-1
17:38:23.832,-1
17:38:24.046,-1
17:38:24.250,-1
17:38:24.452,-1
17:38:24.656,-1
17:38:24.860,-1
17:38:25.067,-1
17:38:25.271,-1
17:38:25.511,-1
17:38:25.736,-1
17:38:25.947,-1
17:38:26.168,-1
17:38:26.374,-1
17:38:26.585,-1
17:38:26.821,-1
17:38:27.045,-1
17:38:27.262,-1
17:38:27.468,-1
17:38:27.669,-1
17:38:27.877,-1
17:38:28.078,-1
17:38:28.279,-1
17:38:28.485,-1
17:38:28.688,-1
17:38:28.890,-1
17:38:29.094,-1
17:38:29.328,-1
17:38:29.533,-1
17:38:29.735,-1
17:38:29.940,-1
17:38:30.142,-1
17:38:30.343,-1
17:38:30.546,-1
17:38:30.748,-1
17:38:30.951,-1
17:38:31.153,-1
17:38:31.355,-1
17:38:31.559,-1
17:38:31.762,-1
17:38:31.966,-1
17:38:32.167,-1
17:38:32.369,-1
17:38:32.641,-1
17:38:32.860,-1
17:38:33.067,-1
17:38:33.286,-1
17:38:33.499,-1
17:38:33.723,-1
17:38:33.932,-1
17:38:34.136,-1
17:38:34.340,-1
17:38:34.541,-1
17:38:34.746,-1
17:38:34.954,-1
17:38:35.155,-1
17:38:35.364,-1
17:38:35.567,-1
17:38:35.772,-1
17:38:35.975,-1
17:38:36.182,-1
17:38:36.383,-1
17:38:36.584,-1
17:38:36.797,-1
17:38:37.000,-1
17:38:37.206,-1
17:38:37.409,-1
17:38:37.611,-1
17:38:37.813,-1
17:38:38.016,-1
17:38:38.235,-1
17:38:38.439,-1
17:38:38.657,1
17:38:38.871,1
17:38:39.121,1
17:38:39.340,1
17:38:39.668,1
17:38:39.932,1
17:38:40.183,-1
17:38:40.394,-1
17:38:40.595,-1
17:38:40.802,-1
17:38:41.009,-1
17:38:41.211,-1
17:38:41.416,-1
17:38:41.621,-1
17:38:41.826,-1
17:38:42.027,-1
17:38:42.233,-1
17:38:42.435,-1
17:38:42.643,-1
17:38:42.854,-1
17:38:43.057,-1
17:38:43.259,-1
17:38:43.461,-1
17:38:43.667,-1
17:38:43.875,-1
17:38:44.077,-1
17:38:44.280,-1
17:38:44.484,-1
17:38:44.686,-1
17:38:44.890,-1
17:38:45.092,-1
17:38:45.298,-1
17:38:45.514,-1
17:38:45.723,-1
17:38:45.941,-1
17:38:46.164,-1
17:38:46.394,-1
17:38:46.604,-1
17:38:46.938,-1
17:38:47.145,-1
17:38:47.363,-1
17:38:47.568,-1
17:38:47.776,-1
17:38:47.981,-1
17:38:48.195,-1
17:38:48.401,-1
17:38:48.611,-1
17:38:48.813,-1
17:38:49.016,1
17:38:49.220,1
17:38:49.425,1
17:38:49.627,1
17:38:49.837,1
17:38:50.041,1
17:38:50.248,1
17:38:50.449,1
17:38:50.654,1
17:38:50.858,1
17:38:51.060,1
17:38:51.265,1
17:38:51.501,1
17:38:51.706,-1
17:38:51.941,-1
17:38:52.169,-1
17:38:52.396,-1
17:38:52.664,-1
17:38:52.891,-1
17:38:53.105,-1
17:38:56.901,-1
17:38:57.103,-1
17:38:57.310,-1
17:38:57.515,-1
17:38:57.719,-1
17:38:57.922,-1
17:38:58.124,-1
17:38:58.327,-1
17:38:58.529,-1
17:38:58.731,-1
17:38:58.935,-1
17:38:59.137,-1
17:38:59.339,-1
17:38:59.540,-1
17:38:59.745,-1
17:38:59.947,-1
17:39:00.148,-1
17:39:00.352,-1
17:39:00.555,-1
17:39:00.766,-1
17:39:00.967,-1
17:39:01.174,-1
17:39:01.379,-1
17:39:01.592,-1
17:39:01.798,-1
17:39:02.009,-1
17:39:02.218,-1
17:39:02.451,-1
17:39:02.686,-1
17:39:02.892,-1
17:39:03.108,-1
17:39:03.312,-1
17:39:03.516,-1
17:39:03.722,-1
17:39:03.926,-1
17:39:04.129,-1
17:39:04.335,-1
17:39:04.536,-1
17:39:04.738,-1
17:39:04.941,-1
17:39:05.143,-1
17:39:05.346,-1
17:39:05.551,-1
17:39:05.756,-1
17:39:05.960,-1
17:39:06.163,-1
17:39:06.366,-1
17:39:06.569,-1
17:39:06.771,-1
17:39:06.979,-1
17:39:07.182,-1
17:39:07.384,-1
17:39:07.593,-1
17:39:07.798,-1
17:39:08.001,-1
17:39:08.207,-1
17:39:08.470,-1
17:39:08.713,-1
17:39:08.955,-1
17:39:09.159,-1
17:39:09.365,-1
17:39:09.568,-1
17:39:09.778,-1
17:39:09.981,-1
17:39:10.188,-1
17:39:10.390,-1
17:39:10.592,-1
17:39:10.795,-1
17:39:10.997,-1
17:39:11.199,-1
17:39:11.402,-1
17:39:11.604,-1
17:39:11.808,-1
17:39:12.012,-1
17:39:12.215,-1
17:39:12.419,-1
17:39:12.622,-1
17:39:12.828,-1
17:39:13.030,-1
17:39:13.243,-1
17:39:13.498,-1
17:39:13.713,-1
17:39:13.916,-1
17:39:14.161,-1
17:39:14.388,-1
17:39:14.597,-1
17:39:14.802,-1
17:39:15.005,-1
17:39:15.208,-1
17:39:15.410,-1
17:39:15.612,1
17:39:15.813,1
17:39:16.018,1
17:39:16.221,1
17:39:16.425,1
17:39:16.628,1
17:39:16.836,1
17:39:17.040,1
17:39:17.245,1
17:39:17.448,-1
17:39:17.651,-1
17:39:17.885,-1
17:39:18.145,-1
17:39:18.444,-1
17:39:18.748,-1
17:39:18.963,-1
17:39:19.217,-1
17:39:19.433,-1
17:39:19.636,-1
17:39:19.840,-1
17:39:20.042,-1
17:39:20.245,-1
17:39:20.451,-1
17:39:20.655,-1
17:39:20.858,-1
17:39:21.063,-1
17:39:21.264,-1
17:39:21.468,-1
17:39:21.672,-1
17:39:21.880,-1
17:39:22.085,-1
17:39:22.288,-1
17:39:22.490,-1
17:39:22.693,-1
17:39:22.901,-1
17:39:23.104,-1
17:39:23.314,-1
17:39:23.562,-1
17:39:23.797,-1
17:39:24.004,-1
17:39:24.208,-1
17:39:24.413,-1
17:39:24.631,-1
17:39:24.846,-1
17:39:25.049,-1
17:39:25.250,-1
17:39:25.452,-1
17:39:25.654,-1
17:39:25.861,-1
17:39:26.066,-1
17:39:26.268,-1
17:39:26.469,-1
17:39:26.674,-1
17:39:26.877,-1
17:39:27.085,-1
17:39:27.291,-1
17:39:27.498,1
17:39:27.701,1
17:39:27.904,1
17:39:28.139,1
17:39:28.355,1
17:39:28.561,1
17:39:28.770,1
17:39:28.991,1
17:39:32.822,1
17:39:33.084,1
17:39:33.330,-1
17:39:33.541,-1
17:39:33.745,-1
17:39:33.949,-1
17:39:34.152,-1
17:39:34.356,-1
17:39:34.560,-1
17:39:34.762,-1
17:39:34.963,-1
17:39:35.171,-1
17:39:35.373,-1
17:39:35.577,-1
17:39:35.783,-1
17:39:35.986,-1
17:39:36.190,-1
17:39:36.394,-1
17:39:36.601,-1
17:39:36.808,-1
17:39:37.012,-1
17:39:37.214,-1
17:39:37.418,-1
17:39:37.659,-1
17:39:37.877,-1
17:39:38.106,-1
17:39:38.316,-1
17:39:38.558,-1
17:39:38.788,-1
17:39:38.999,-1
17:39:39.206,-1
17:39:39.412,-1
17:39:39.621,-1
17:39:39.824,-1
17:39:40.031,-1
17:39:40.236,-1
17:39:40.441,-1
17:39:40.650,-1
17:39:40.852,-1
17:39:41.055,-1
17:39:41.256,-1
17:39:41.459,-1
17:39:41.662,-1
17:39:41.863,-1
17:39:42.067,-1
17:39:42.271,-1
17:39:42.477,-1
17:39:42.678,-1
17:39:42.887,-1
17:39:43.088,-1
17:39:43.291,-1
17:39:43.494,-1
17:39:43.696,-1
17:39:43.900,-1
17:39:44.105,-1
17:39:44.310,-1
17:39:44.513,-1
17:39:44.716,-1
17:39:44.921,-1
17:39:45.125,-1
17:39:45.373,-1
17:39:45.578,-1
17:39:45.792,-1
17:39:46.019,-1
17:39:46.237,-1
17:39:46.447,-1
17:39:46.669,-1
17:39:46.921,-1
17:39:47.129,-1
17:39:47.340,-1
17:39:47.546,-1
17:39:47.749,-1
17:39:47.951,-1
17:39:48.156,-1
17:39:48.360,-1
17:39:48.561,-1
17:39:48.763,-1
17:39:48.968,1
17:39:49.177,1
17:39:49.382,1
17:39:49.586,1
17:39:49.791,1
17:39:49.993,1
17:39:50.195,1
17:39:50.397,1
17:39:50.598,1
17:39:50.800,1
17:39:51.003,-1
17:39:51.207,-1
17:39:51.411,-1
17:39:51.616,-1
17:39:51.819,-1
17:39:52.023,-1
17:39:52.226,-1
17:39:52.432,-1
17:39:52.634,-1
17:39:52.837,-1
17:39:53.039,-1
17:39:53.252,-1
17:39:53.463,-1
17:39:53.665,-1
17:39:53.870,-1
17:39:54.074,-1
17:39:54.277,-1
17:39:54.481,-1
17:39:54.683,-1
17:39:54.894,-1
17:39:55.097,-1
17:39:55.300,-1
17:39:55.501,-1
17:39:55.703,-1
17:39:55.906,-1
17:39:56.108,-1
17:39:56.314,-1
17:39:56.519,-1
17:39:56.722,-1
17:39:56.925,-1
17:39:57.130,-1
17:39:57.332,-1
17:39:57.534,-1
17:39:57.737,-1
17:39:57.940,-1
17:39:58.142,-1
17:39:58.346,-1
17:39:58.550,-1
17:39:58.757,-1
17:39:58.960,-1
17:39:59.163,-1
17:39:59.366,-1
17:39:59.568,-1
17:39:59.772,-1
17:39:59.985,-1
17:40:00.190,-1
17:40:00.392,-1
17:40:00.593,-1
17:40:00.797,-1
17:40:00.999,-1
17:40:01.206,-1
17:40:01.407,-1
17:40:01.613,-1
17:40:01.815,-1
17:40:02.018,-1
17:40:02.219,-1
17:40:02.425,-1
17:40:02.627,-1
17:40:02.832,-1
17:40:03.051,-1
17:40:03.253,-1
17:40:03.456,-1
17:40:03.660,-1
17:40:03.863,-1
17:40:04.066,-1
17:40:04.271,-1
17:40:04.472,-1
17:40:04.681,-1
17:40:08.476,-1
17:40:08.686,1
17:40:08.901,1
17:40:09.105,1
17:40:09.306,1
17:40:09.510,1
17:40:09.716,1
17:40:09.923,1
17:40:10.126,1
17:40:10.329,1
17:40:10.531,1
17:40:10.735,-1
17:40:10.939,-1
17:40:11.142,-1
17:40:11.345,-1
17:40:11.548,-1
17:40:11.750,-1
17:40:11.952,-1
17:40:12.157,-1
17:40:12.388,-1
17:40:12.644,-1
17:40:12.877,-1
17:40:13.134,-1
17:40:13.347,-1
17:40:13.600,-1
17:40:13.825,-1
17:40:14.037,-1
17:40:14.241,-1
17:40:14.445,-1
17:40:14.646,-1
17:40:14.849,-1
17:40:15.054,-1
17:40:15.256,-1
17:40:15.459,-1
17:40:15.663,-1
17:40:15.867,-1
17:40:16.071,-1
17:40:16.275,-1
17:40:16.476,-1
17:40:16.681,-1
17:40:16.885,-1
17:40:17.095,-1
17:40:17.296,-1
17:40:17.498,-1
17:40:17.711,-1
17:40:17.921,-1
17:40:18.124,-1
17:40:18.331,-1
17:40:18.560,-1
17:40:18.767,-1
17:40:18.972,-1
17:40:19.175,-1
17:40:19.380,-1
17:40:19.583,-1
17:40:19.785,-1
17:40:19.990,-1
17:40:20.193,-1
17:40:20.398,-1
17:40:20.600,-1
17:40:20.803,-1
17:40:21.009,-1
17:40:21.213,-1
17:40:21.414,-1
17:40:21.618,-1
17:40:21.854,-1
17:40:22.073,-1
17:40:22.300,-1
17:40:22.553,-1
17:40:22.759,-1
17:40:22.972,-1
17:40:23.179,-1
17:40:23.410,-1
17:40:23.613,-1
17:40:23.822,-1
17:40:24.025,-1
17:40:24.232,-1
17:40:24.438,-1
17:40:24.643,-1
17:40:24.844,-1
17:40:25.047,-1
17:40:25.250,-1
17:40:25.453,-1
17:40:25.654,-1
17:40:25.857,-1
17:40:26.058,-1
17:40:26.259,-1
17:40:26.462,-1
17:40:26.663,-1
17:40:26.868,-1
17:40:27.069,-1
17:40:27.270,-1
17:40:27.472,-1
17:40:27.687,-1
17:40:27.894,-1
17:40:28.128,-1
17:40:28.348,-1
17:40:28.615,-1
17:40:28.845,-1
17:40:29.049,-1
17:40:29.253,-1
17:40:29.455,-1
17:40:29.661,-1
17:40:29.867,-1
17:40:30.070,-1
17:40:30.273,-1
17:40:30.475,-1
17:40:30.677,-1
17:40:30.885,-1
17:40:31.095,-1
17:40:31.298,-1
17:40:31.502,-1
17:40:31.707,-1
17:40:31.922,-1
17:40:32.129,-1
17:40:32.348,-1
17:40:32.584,-1
17:40:32.786,-1
17:40:33.028,-1
17:40:33.233,-1
17:40:33.437,-1
17:40:33.640,-1
17:40:33.842,-1
17:40:34.044,-1
17:40:34.257,-1
17:40:34.461,-1
17:40:34.662,-1
17:40:34.864,-1
17:40:35.072,-1
17:40:35.275,-1
17:40:35.477,-1
17:40:35.690,-1
17:40:35.896,-1
17:40:36.099,-1
17:40:36.365,-1
17:40:36.574,-1
17:40:36.794,1
17:40:37.105,-1
17:40:37.307,-1
17:40:37.516,-1
17:40:37.777,-1
17:40:38.008,-1
17:40:38.223,-1
17:40:38.425,-1
17:40:38.628,-1
17:40:38.831,-1
17:40:39.037,-1
17:40:39.242,-1
17:40:39.444,-1
17:40:45.229,-1
