time_stamp,RTL_ALT,lat,lon,relative_alt,vx,vy,vz,xacc,yacc,zacc,xgyro,ygyro,zgyro,MODE,roll,pitch,yaw,rollspeed,pitchspeed,yawspeed
19:59:01,1500.0,-35.3632622,149.1652375,0.0,-1.0,0.0,-1.0,0.0,1.0,-1000.0,0.0,0.0,0.0,STABILIZE,-0.0008112455834634602,0.0009562335908412933,0.022616002708673477,0.00024605734506621957,0.00023077672813087702,0.001664528390392661
19:59:07,1500.0,-35.3632622,149.1652375,10.5,-1.0,0.0,-1.5,0.0,1.0,-1000.0,1.0,0.5,0.0,AUTO,-0.0009879096178337932,0.0009876015246845782,0.021197330206632614,0.0002875080972444266,0.00025422178441658616,0.0014296819572336972
19:59:09,1500.0,-35.3632621,149.1652375,16.0,0.0,0.0,0.0,0.0,1.5,-1000.0,0.5,1.0,1.0,AUTO,-0.0005534891679417342,0.0014071505283936858,0.02083176840096712,0.0002573615056462586,0.00030695812893100083,0.0013882688363082707
19:59:10,77370.0,-35.3632621,149.1652375,16.0,0.0,0.0,0.0,0.0,2.0,-1000.0,0.25,0.75,0.5,AUTO,-0.0003555869698175229,0.0016268703620880842,0.02065303223207593,0.00033723405795171857,0.0003214698372175917,0.0013619802775792778
19:59:11,77370.0,-35.3632621,149.1652375,414.0,0.0,1.0,-98.0,0.0,0.0,-1112.0,-5.0,3.5,0.0,AUTO,0.001754745899233967,0.0010715392709244043,0.020404279232025146,-0.005560652352869511,0.0029878185596317053,0.0008233500993810594
19:59:13,77370.0,-35.3632614,149.16524099999998,3286.0,8.5,52.0,-145.0,2.0,-9.0,-992.0,-125.5,69.0,-93.5,AUTO,0.039527575485408306,0.009790245501790196,-0.028598411940038204,-0.12674836441874504,0.06870722025632858,-0.09350147470831871
19:59:15,77370.0,-35.3632608,149.165245,6338.0,-4.0,-41.5,-148.0,-3.0,6.5,-1000.5,57.0,2.5,-14.0,AUTO,-0.05848509259521961,0.0009591245907358825,-0.1013387143611908,0.05693461187183857,0.001589544815942645,-0.014292422216385603
19:59:16,124997.0,-35.363261325,149.16524045,7496.25,-11.0,-58.25,-149.5,-5.5,12.5,-1002.5,67.0,10.25,-3.25,AUTO,-0.010870806232560426,0.006596455175895244,-0.10795734263956547,0.06655341014266014,0.009908891981467605,-0.0030200478504411876
19:59:17,124997.0,-35.36326325,149.1652342,9439.0,-22.0,-11.0,-151.5,1.0,7.0,-998.5,31.5,-28.5,28.5,AUTO,0.06852911040186882,0.010291851358488202,-0.10311490297317505,0.030953558074543253,-0.029745255131274462,0.029302560491487384
19:59:19,124997.0,-35.3632616,149.16523755,12511.0,29.0,-1.0,-150.5,-5.5,-4.5,-1003.5,15.0,36.5,-76.0,AUTO,-0.031110449694097042,0.009336780989542603,-0.12409821525216103,0.014966402435675263,0.03604008350521326,-0.07628323137760162
19:59:21,124997.0,-35.36326015,149.16523504999998,15635.5,-12.0,0.5,-151.0,0.5,2.0,-999.0,-3.0,-14.0,8.5,AUTO,0.01670858170837164,0.015386644285172224,-0.17199153453111649,-0.003950682992581278,-0.015439891256392002,0.009068968240171671
19:59:22,205886.0,-35.363260925,149.165235275,16805.5,-13.5,8.0,-151.0,2.0,0.25,-1000.0,-9.75,-10.0,-2.25,AUTO,0.008519141003489494,0.004908970440737903,-0.16927019879221916,-0.011138868983834982,-0.011478268774226308,-0.002314065844984725
19:59:23,205886.0,-35.363261949999995,149.16523615,18751.5,-6.5,7.0,-152.0,1.0,0.0,-1000.0,-2.0,0.5,-23.0,AUTO,-0.0007898432959336787,-0.002671252586878836,-0.18494843691587448,-0.0030216750456020236,0.0001871261338237673,-0.022903351113200188
19:59:25,205886.0,-35.3632621,149.1652365,21868.0,0.0,1.0,-152.0,0.0,0.0,-1000.0,3.0,2.5,-22.5,AUTO,0.0030976784182712436,0.00247774226590991,-0.23664868623018265,0.0023788732942193747,0.0020950958132743835,-0.022788535803556442
19:59:27,205886.0,-35.3632621,149.1652367,24984.0,-1.0,3.0,-151.5,0.0,0.0,-992.5,-41.5,8.0,-6.0,AUTO,0.0003042413154616952,0.0035297918366268277,-0.27576494216918945,-0.04259100102353841,0.007086741738021374,-0.00567541946657002
19:59:29,120340.0,-35.3632624,149.1652368,28089.5,-2.5,6.5,-152.0,0.5,0.0,-1000.0,-4.0,0.0,22.5,AUTO,0.007713402388617396,0.0015315274358727038,-0.23162182420492172,-0.005184505833312869,-0.0004363766056485474,0.023084950633347034
19:59:31,120340.0,-35.3632624,149.165238,31192.0,0.0,4.0,-152.0,0.0,0.0,-1000.0,2.0,0.5,17.5,AUTO,-0.0009621244680602103,0.001087855634978041,-0.19332869350910187,0.0011604828177951276,-0.00011932809138670564,0.018452394753694534
19:59:33,120340.0,-35.3632623,149.1652381,34300.0,0.0,0.0,-152.0,0.0,0.0,-1000.0,1.0,0.0,12.0,AUTO,0.0012485115439631045,0.0007468065014109015,-0.16428201645612717,0.0003824426094070077,-0.00013755293912254274,0.012382722459733486
19:59:34,67265.0,-35.363262250000005,149.165238,35467.25,0.0,0.0,-152.0,0.0,0.0,-1000.0,1.25,1.0,10.5,AUTO,0.0013288763293530792,0.0010383140470366925,-0.155289176851511,0.0004509083810262382,0.0004735923430416733,0.011195264523848891
19:59:37,67265.0,-35.3632621,149.16523755,40516.5,0.0,0.0,-152.0,0.0,0.0,-1000.0,1.5,0.5,5.5,AUTO,0.002096688491292298,0.00159853306831792,-0.12616416811943054,0.00034918496385216713,2.9750692192465067e-05,0.006154076429083943
19:59:39,85973.5,-35.363262,149.16523745,43622.5,-1.0,1.0,-152.0,0.0,0.0,-1000.0,1.5,1.0,6.5,AUTO,0.001879508956335485,0.0014442639076150954,-0.11316198110580444,0.0011429369333200157,-1.3338227290660143e-05,0.006793213542550802
19:59:41,104682.0,-35.363262,149.1652374,46722.0,-3.5,-1.5,-145.0,0.0,0.0,-970.0,-107.5,105.0,287.5,AUTO,-0.01882619201205671,0.02225499297492206,-0.05277585703879595,-0.1092357411980629,0.10424816608428955,0.28755102306604385
19:59:43,104682.0,-35.36326475,149.16523245000002,48753.0,6.5,2.0,-57.5,-1.0,-0.5,-972.5,-9.5,36.0,-32.0,AUTO,0.040339646860957146,-0.046117208898067474,0.27882711589336395,-0.01074997428804636,0.03568074852228165,-0.032604883424937725
19:59:45,104682.0,-35.363261449999996,149.1652375,49438.5,10.5,23.5,-8.0,-1.0,-20.0,-969.0,-526.0,5.5,-21.0,AUTO,-0.011366063263267279,0.015527686569839716,0.21018703281879425,-0.5276692509651184,0.0051507430034689605,-0.021694413386285305
19:59:46,115477.0,-35.363261075000004,149.165238525,49386.0,-6.5,6.0,12.75,1.0,23.333333333333332,-973.0,633.6666666666666,21.0,-19.0,AUTO,-0.008162470418028533,0.03741087205708027,0.19827714562416077,0.3830629587173462,0.008661355823278427,-0.022518965881317854
19:59:47,115477.0,-35.3632634,149.16523834999998,49211.5,-38.0,7.5,9.5,6.333333333333333,5.0,-996.6666666666666,-155.66666666666666,7.333333333333333,-18.333333333333332,AUTO,0.019375138450413942,0.029214978218078613,0.16905070841312408,-0.053296998143196106,0.021673093549907207,-0.013504774775356054
19:59:49,115477.0,-35.3632768,149.1652436,48829.5,-106.5,54.0,27.5,15.0,7.0,-978.5,90.5,16.0,744.0,AUTO,0.03387277200818062,0.004728203872218728,1.2222517132759094,0.08744566142559052,0.015487163793295622,0.7442137002944946
19:59:51,115477.0,-35.36329655,149.16525415,48228.0,-79.5,38.5,24.5,-17.0,-35.5,-1009.0,-666.5,19.5,717.5,AUTO,-0.0002027685404755175,0.03671126440167427,2.6239795684814453,-0.6688289493322372,0.01930409763008356,0.7172037661075592
19:59:52,65744.0,-35.363302075,149.1652568,48063.75,-48.5,21.0,17.0,-15.0,15.0,-1028.5,543.5,12.5,140.75,AUTO,0.025552617385983467,0.05176025349646807,2.945093512535095,0.5422599017620087,0.011807735194452107,0.1399682117626071
19:59:53,65744.0,-35.3633066,149.16525869999998,47928.5,6.0,-3.0,3.0,-1.0,22.0,-1016.0,112.5,-87.0,-42.0,AUTO,0.001656942127738148,0.053608983755111694,2.8852747678756714,0.10955320298671722,-0.08833497203886509,-0.04269239865243435
19:59:55,65744.0,-35.3633119,149.1652625,47795.0,-85.0,36.0,21.0,-22.0,7.0,-992.0,686.0,38.0,-13.0,AUTO,0.021105699241161346,-0.08204013109207153,2.867558002471924,0.6850053668022156,0.0372081957757473,-0.013765020295977592
19:59:57,65430.5,-35.36332725,149.1652714,47350.0,-66.0,14.5,21.5,-16.5,5.0,-1028.0,162.5,30.5,7.0,AUTO,0.03526080492883921,0.0879907663911581,2.8569555282592773,0.16070839762687683,0.02919234335422516,0.006948971567908302
19:59:59,65117.0,-35.36333085,149.16527050000002,47171.0,2.5,-9.0,0.5,3.0,-6.0,-988.0,-42.0,-83.0,10.5,AUTO,-0.01689192117191851,-0.038072351133450866,2.845480799674988,-0.04363235831260681,-0.08516545593738556,0.010133284609764814
20:00:01,65117.0,-35.36334396666667,149.1652758,46858.0,-48.666666666666664,35.666666666666664,15.0,-14.333333333333334,-21.333333333333332,-1016.0,-261.0,108.66666666666667,-15.666666666666666,AUTO,0.010302002231280008,0.0923197961722811,2.834323247273763,-0.262403945128123,0.10762133014698823,-0.0165671290208896
20:00:02,173379.0,-35.363346433333334,149.16527716666667,46756.0,26.666666666666668,-1.3333333333333333,2.6666666666666665,3.0,21.666666666666668,-1014.6666666666666,253.66666666666666,-170.33333333333334,-19.333333333333332,AUTO,0.001529873765927429,0.06928157744308312,2.8285072644551597,0.25185926755269367,-0.17271962265173593,-0.020401148591190577
20:00:03,173379.0,-35.363346,149.16527639999998,46741.0,1.5,11.0,4.0,-2.0,-9.0,-985.5,-132.0,-132.0,2.0,AUTO,-0.01971190655604005,-0.07047897111624479,2.825523018836975,-0.13332399725914001,-0.13456955552101135,0.0015289420261979103
20:00:05,173379.0,-35.363359633333324,149.16528503333333,46362.333333333336,-41.0,28.0,14.0,-13.666666666666666,-10.333333333333334,-1020.3333333333334,-242.66666666666666,54.333333333333336,-16.666666666666668,AUTO,0.02268846022586028,0.10263960187633832,2.8170693715413413,-0.24397964216768742,0.05266216645638148,-0.01781006995588541
20:00:07,173379.0,-35.363360400000005,149.16528665,46265.5,-10.5,-5.0,3.0,-5.0,2.5,-1001.5,5.5,-132.0,-9.0,AUTO,0.003979157889261842,-0.08099356014281511,2.8106093406677246,0.003850221633911133,-0.13470252975821495,-0.010109414113685489
20:00:08,91177.0,-35.36336505,149.16528995,46145.25,-99.5,32.25,20.75,-24.5,-21.5,-993.5,-38.75,168.0,-11.0,AUTO,0.026009452063590288,-0.07574478536844254,2.8041751980781555,-0.03972950577735901,0.166266156360507,-0.012082913424819708
20:00:09,91177.0,-35.3633736,149.16529524999999,45932.0,-70.5,10.5,18.5,-16.0,2.0,-1020.0,301.5,118.0,15.5,AUTO,0.046640148386359215,0.10006353631615639,2.802654981613159,0.3002423346042633,0.11632629297673702,0.014761128928512335
20:00:11,91177.0,-35.36337645,149.1652944,45799.0,-28.5,-7.0,8.5,-4.0,10.5,-992.5,581.0,-61.5,5.5,AUTO,3.449758514761925e-05,-0.09442030265927315,2.7995476722717285,0.579393208026886,-0.06419754587113857,0.004635196411982179
20:00:13,91177.0,-35.363391899999996,149.16530139999998,45394.0,-58.5,19.5,18.0,-15.5,17.5,-1013.0,166.0,42.0,6.0,AUTO,0.019637873861938715,0.10912095382809639,2.794535279273987,0.16373960673809052,0.03954096511006355,0.005800121551146731
20:00:14,103814.0,-35.363393575,149.16530265,45290.25,22.25,-18.5,1.75,3.0,-5.25,-1011.0,-224.25,-148.25,2.0,AUTO,0.009932006330927834,0.04483811627142131,2.7938349843025208,-0.22665861947461963,-0.15128840319812298,0.0012759040109813213
20:00:15,103814.0,-35.3633926,149.16530275,45285.0,-16.0,-7.0,4.5,-3.5,11.5,-995.0,484.5,-128.5,-0.5,AUTO,0.018055335618555546,-0.09369849041104317,2.7911311388015747,0.4829455316066742,-0.13167189806699753,-0.0013602375984191895
20:00:17,103814.0,-35.36340635,149.1653117,44934.5,-71.5,4.5,17.5,-15.5,-3.5,-1018.0,164.0,92.0,-5.0,AUTO,0.042562831193208694,0.10178685933351517,2.7845890522003174,0.1606464982032776,0.08928014850243926,-0.00632007815875113
20:00:19,103814.0,-35.3634088,149.16531014999998,44811.0,-22.5,-11.5,6.0,-2.5,0.0,-987.0,22.0,-107.0,-0.5,AUTO,-0.006811711937189102,-0.09307081997394562,2.7848962545394897,0.01882895827293396,-0.11034313403069973,-0.0017690571257844567
20:00:20,19544.0,-35.363414525,149.165312575,44669.5,-106.75,37.25,23.0,-23.5,-23.0,-993.25,122.5,189.25,-15.75,AUTO,0.018832907313480973,-0.06121261278167367,2.7798966765403748,0.12008500471711159,0.18700326420366764,-0.017282890854403377
20:00:21,19544.0,-35.36342315,149.16531735,44447.5,-63.5,18.5,18.0,-13.0,-9.5,-1014.0,-146.0,86.5,4.0,AUTO,0.020866118371486664,0.10727952048182487,2.7797675132751465,-0.14961600303649902,0.0839021016145125,0.0024266073014587164
20:00:23,19544.0,-35.3634249,149.16531659999998,44329.0,-21.0,2.5,6.5,-3.5,-2.5,-989.0,84.0,-97.5,-8.0,AUTO,-0.008101986721158028,-0.09663093648850918,2.7786585092544556,0.08103388175368309,-0.10098725743591785,-0.009366297395899892
20:00:25,19544.0,-35.36343945,149.16532345000002,43966.0,-56.5,30.0,18.0,-13.0,-14.5,-998.0,151.0,69.5,7.0,AUTO,0.017257200554013252,0.109940305352211,2.7761040925979614,0.14850524067878723,0.06655613798648119,0.005778088001534343
20:00:26,25963.0,-35.363441475,149.165323875,43867.5,26.0,-7.0,1.5,5.75,9.25,-1017.25,19.0,-168.25,-4.5,AUTO,-0.011403100099414587,0.04911345988512039,2.7747632265090942,0.01573631912469864,-0.17196964100003242,-0.005888832674827427
20:00:27,25963.0,-35.36344095,149.16532310000002,43855.0,-17.5,16.5,6.0,-5.0,-4.5,-982.0,17.5,-88.5,11.5,AUTO,-0.012424650136381388,-0.10020419955253601,2.775150179862976,0.014432147145271301,-0.09193711308762431,0.010168324690312147
20:00:29,25963.0,-35.36345525,149.1653316,43481.5,-58.0,31.5,17.5,-15.5,13.0,-1020.5,169.5,70.0,3.5,AUTO,0.015019810758531094,0.10745644569396973,2.7723664045333862,0.16581504046916962,0.06712763290852308,0.0021740421652793884
20:00:31,25963.0,-35.36345645,149.16533205,43370.0,-18.0,8.0,5.5,-6.5,-6.0,-979.0,-46.0,-106.0,-11.0,AUTO,-0.003228550311177969,-0.09701715968549252,2.772141218185425,-0.048444733023643494,-0.10974660143256187,-0.01287804450839758
20:00:32,619.0,-35.363461875,149.1653355,43232.75,-106.25,47.0,22.75,-27.25,-24.5,-989.25,-368.0,194.0,8.25,AUTO,0.01302224351093173,-0.06729652499780059,2.7693849205970764,-0.3711712006479502,0.19146491028368473,0.007090165978297591
20:00:33,619.0,-35.3634704,149.16534109999998,43012.0,-67.0,21.5,18.0,-18.5,4.0,-1014.5,372.5,93.0,8.5,AUTO,0.04008626751601696,0.10413201712071896,2.769967555999756,0.3698314279317856,0.09020940400660038,0.007370035396888852
20:00:35,619.0,-35.3634719,149.16534225,42890.5,-25.5,-11.0,7.0,-5.0,-0.5,-982.0,21.5,-97.5,5.5,AUTO,0.009767407085746527,-0.09937536343932152,2.770291566848755,0.018281996250152588,-0.10154655203223228,0.004122725687921047
20:00:37,619.0,-35.36348665,149.16535,42511.0,-71.5,10.0,18.0,-16.0,-32.0,-1030.0,-503.0,76.0,1.5,AUTO,0.025428876280784607,0.10696033760905266,2.7670438289642334,-0.5072817802429199,0.07266271882690489,-0.0001577169168740511
20:00:38,285336.0,-35.363489,149.16535077499998,42396.5,13.75,-32.25,1.75,4.75,9.25,-1015.5,187.75,-147.0,0.0,AUTO,0.013768499251455069,0.0576069907983765,2.7695155143737793,0.18441780284047127,-0.15088299103081226,-0.0016529717249795794
20:00:39,285336.0,-35.36348795,149.1653496,42387.5,-14.5,-15.0,2.0,-1.0,-3.0,-999.0,-44.5,-112.5,-3.0,AUTO,0.004739027936011553,-0.07781881559640169,2.7693530321121216,-0.04800501465797424,-0.11652941629290581,-0.004361175757367164
20:00:41,285336.0,-35.36350005,149.16535645,42082.5,-60.5,6.0,13.5,-12.5,-1.5,-1016.5,323.0,80.5,12.5,AUTO,0.03495548199862242,0.10911362245678902,2.7664120197296143,0.3190591149032116,0.0768833109177649,0.011203504633158445
20:00:43,285336.0,-35.363501150000005,149.16535605,41995.5,-28.0,-9.0,4.5,-3.5,-13.5,-981.5,-198.0,-83.5,6.5,AUTO,0.002471902233082801,-0.09534887410700321,2.7676174640655518,-0.2027410753071308,-0.0866987188346684,0.005606631224509329
20:00:44,189032.0,-35.3635069,149.165358375,41859.25,-104.5,30.25,19.25,-20.0,-18.25,-992.5,177.25,209.25,-8.0,AUTO,0.020014997106045485,-0.03371636640622455,2.7640963196754456,0.17287535220384598,0.20640330016613007,-0.009884543716907501
20:00:45,189032.0,-35.363514300000006,149.16536115,41674.5,-35.0,5.5,10.0,-4.0,-37.0,-1022.0,-557.5,-55.5,22.5,AUTO,0.0036212161066941917,0.10266308858990669,2.764917731285095,-0.5622023195028305,-0.05914710462093353,0.021306504495441914
20:00:47,189032.0,-35.3635169,149.16535844999999,41574.0,-48.0,38.0,11.5,-13.0,-16.5,-991.0,-114.0,22.5,24.0,AUTO,-0.02929818443953991,-0.10766294598579407,2.7669345140457153,-0.1189543828368187,0.018784888088703156,0.0224416833370924
20:00:49,189032.0,-35.363530350000005,149.16536505,41220.5,-4.0,29.0,8.5,-4.0,-8.0,-1026.0,-375.0,-72.5,-18.0,AUTO,-0.020662964321672916,0.09734337031841278,2.7645374536514282,-0.3790133558213711,-0.07651745527982712,-0.020386471645906568
20:00:50,101267.0,-35.36352972500001,149.165364325,41188.25,27.25,16.5,-0.75,3.75,-5.75,-996.75,-36.25,-150.5,14.0,AUTO,-0.02496521221473813,-0.037976488238200545,2.763639748096466,-0.039759859442710876,-0.15469518676400185,0.012548360042273998
20:00:51,101267.0,-35.363531800000004,149.1653661,41117.0,-59.0,55.5,15.0,-18.5,0.5,-981.0,172.0,65.0,-27.5,AUTO,-0.005493501666933298,-0.1080540381371975,2.764788508415222,0.16905875131487846,0.06126575917005539,-0.029923073947429657
20:00:53,101267.0,-35.363544149999996,149.16537515,40758.0,-2.0,9.5,6.5,-1.5,1.5,-1026.5,65.0,-47.5,3.0,AUTO,0.013454455067403615,0.08791689947247505,2.7647255659103394,0.06190565228462219,-0.051261939108371735,0.0016489675035700202
20:00:55,101267.0,-35.3635454,149.16537605000002,40677.0,-70.0,31.5,13.0,-16.5,-8.5,-991.0,159.0,67.0,-2.0,AUTO,0.009686598787084222,-0.10327465087175369,2.7640899419784546,0.1558675765991211,0.0630459263920784,-0.0036293931771069765
20:00:56,53331.0,-35.3635536,149.165381075,40474.75,-94.25,39.5,20.0,-22.0,-40.25,-1011.5,-384.0,179.5,-5.0,AUTO,0.023969171568751335,0.056935637490823865,2.76207435131073,-0.3868742063641548,0.1760179717093706,-0.006754132569767535
20:00:57,53331.0,-35.36355785000001,149.16538315,40335.5,-6.5,-7.5,6.0,0.5,4.5,-1017.5,98.0,-37.5,12.5,AUTO,0.011724880430847406,0.08837315067648888,2.763838291168213,0.09484217129647732,-0.041299812495708466,0.010822102427482605
20:00:59,53331.0,-35.3635601,149.16538165,40245.5,-69.5,35.0,13.0,-12.5,-10.5,-996.5,1.5,97.5,10.5,AUTO,-0.00802521943114698,-0.08920499496161938,2.7643028497695923,-0.0014253854751586914,0.09371630102396011,0.009074090979993343
20:01:01,53331.0,-35.363571050000004,149.1653875,39945.0,10.0,4.5,3.0,1.0,8.5,-1015.5,186.0,-47.5,5.5,AUTO,0.00335857761092484,0.07711037970148027,2.764050006866455,0.18336081504821777,-0.051626349799335,0.0032952248584479094
20:01:02,108854.0,-35.36356985,149.1653871,39937.0,-0.5,5.5,1.0,0.25,-5.5,-996.5,-13.5,-135.0,7.5,AUTO,-0.0033144647895824164,-0.07987784873694181,2.763777017593384,-0.016172416508197784,-0.1392047367990017,0.0056984104157891124
20:01:03,108854.0,-35.3635746,149.16538935,39818.5,-89.5,45.5,20.0,-21.0,-17.5,-998.5,-50.5,146.5,-6.0,AUTO,0.0014394181780517101,-0.07428697822615504,2.7631583213806152,-0.052892617881298065,0.14341477677226067,-0.007827352732419968
20:01:05,108854.0,-35.363585900000004,149.16539410000001,39495.0,16.0,0.5,2.0,4.0,6.5,-1013.0,61.5,-91.5,2.5,AUTO,-0.014657449442893267,0.06951009885960957,2.7625972032546997,0.05907127261161804,-0.0959169752895832,0.0002986486069858074
20:01:07,108854.0,-35.36358935,149.16539485,39382.5,-80.5,55.0,17.0,-18.5,-6.0,-996.5,-6.0,138.0,6.0,AUTO,-0.009037367184646428,-0.06938865187112242,2.7636958360671997,-0.008725553750991821,0.13444711361080408,0.003963703406043351
20:01:08,61860.0,-35.36359755,149.1653992,39183.25,-58.0,47.25,15.5,-15.5,-21.75,-1013.25,28.75,122.0,-7.75,AUTO,0.008549062011297792,0.10407024249434471,2.763646900653839,0.027197644114494324,0.11853294260799885,-0.010063158581033349
20:01:09,61860.0,-35.363599199999996,149.16540014999998,39097.0,22.0,7.0,2.0,4.0,-2.0,-1020.0,-150.0,-136.5,3.5,AUTO,-0.010112857446074486,0.06140575185418129,2.7626935243606567,-0.15171624720096588,-0.14078622311353683,0.0013942932710051537
20:01:11,61860.0,-35.363603499999996,149.16540385000002,38948.5,-94.5,53.0,20.5,-24.0,-25.0,-998.5,-39.0,162.5,0.5,AUTO,0.018096466548740864,-0.056179323233664036,2.7618062496185303,-0.03988024592399597,0.1592486836016178,-0.0011200069566257298
20:01:13,61860.0,-35.3636131,149.16540985,38648.5,16.0,-13.0,2.0,4.5,-0.5,-1014.5,-28.0,-130.0,8.5,AUTO,0.0035718586295843124,0.053582850843667984,2.763639211654663,-0.029510676860809326,-0.1344323605298996,0.006454739719629288
20:01:14,14814.0,-35.363612275,149.165409075,38644.0,-18.5,0.5,4.25,-3.25,7.5,-989.25,281.5,-114.5,-2.25,AUTO,0.003982170368544757,-0.09952865540981293,2.7637582421302795,0.2801022659987211,-0.11912730429321527,-0.004726541636046022
20:01:15,14814.0,-35.363618349999996,149.16541189999998,38502.0,-101.0,41.0,20.0,-23.5,-16.5,-1000.0,55.5,165.0,-4.0,AUTO,0.01263356045819819,-0.053624268621206284,2.762000799179077,0.053979456424713135,0.16105666756629944,-0.006019001244567335
20:01:17,14814.0,-35.3636286,149.1654171,38192.0,15.0,-15.0,2.5,5.0,-2.0,-1017.5,73.5,-131.0,-7.5,AUTO,0.0027428223402239382,0.05629090033471584,2.763031005859375,0.07166653871536255,-0.13559506088495255,-0.009564684703946114
20:01:19,14814.0,-35.3636303,149.1654171,38119.0,-87.0,38.0,20.0,-19.0,-43.0,-990.0,-216.0,108.0,-8.0,AUTO,0.006964372005313635,-0.13067179918289185,2.7626354694366455,-0.21707291901111603,0.10423211008310318,-0.010536164976656437
20:01:20,197308.0,-35.36364160000001,149.165423375,37843.25,-78.0,33.0,19.25,-17.25,-7.25,-1019.75,330.25,140.25,-3.75,AUTO,0.027589273871853948,0.09823213797062635,2.762100100517273,0.32919349521398544,0.13653614372015,-0.006838487344793975
20:01:21,197308.0,-35.3636448,149.16542470000002,37733.5,5.0,-6.0,7.0,1.5,-16.0,-1030.0,-534.0,-165.0,-14.0,AUTO,-0.0029813844703312498,0.12044690549373627,2.762754440307617,-0.5369414687156677,-0.16945770010352135,-0.016227888234425336
20:01:23,197308.0,-35.363646,149.16542515,37646.0,-89.0,39.0,20.5,-23.0,-5.0,-985.0,462.5,102.0,-9.5,AUTO,0.021575555205345154,-0.1295367293059826,2.7618861198425293,0.46145111322402954,0.09859557822346687,-0.012193638365715742
20:01:25,197308.0,-35.363660249999995,149.1654344,37244.0,1.0,-16.5,7.5,0.5,-29.0,-1014.0,-417.5,-157.5,22.0,AUTO,0.0216903374530375,0.11522028595209122,2.76462984085083,-0.4195519760251045,-0.1620066836476326,0.02020112704485655
20:01:26,55407.0,-35.363658675,149.16543345,37230.5,-13.75,-15.25,2.75,-0.25,-7.75,-991.75,-54.75,-131.75,4.0,AUTO,0.00997034989995882,-0.08687893766909838,2.763489067554474,-0.05663079395890236,-0.13633056730031967,0.0016433631535619497
20:01:27,55407.0,-35.36366135,149.1654346,37164.0,-93.0,19.5,19.0,-18.0,16.5,-980.5,282.0,91.0,8.0,AUTO,0.014753586146980524,-0.1297353059053421,2.761545777320862,0.2788888132199645,0.08735408447682858,0.005477611441165209
20:01:29,55407.0,-35.363676749999996,149.16544069999998,36764.0,0.0,-15.5,6.5,4.5,23.0,-1033.5,573.5,-152.0,3.0,AUTO,0.0035272230161353946,0.12154525518417358,2.7619463205337524,0.5710161030292511,-0.15664534643292427,0.0002970770001411438
20:01:31,55407.0,-35.36367855,149.16543725,36688.5,-74.0,51.0,17.0,-16.5,-45.5,-980.0,-722.0,78.0,-1.0,AUTO,-0.0325858648866415,-0.1300678364932537,2.7651867866516113,-0.7238807678222656,0.07448022626340389,-0.0035130804171785712
20:01:32,7684.0,-35.36368985,149.165443025,36414.75,-63.0,56.75,18.25,-17.5,6.75,-1020.25,587.0,133.5,-3.25,AUTO,0.005881685312488116,0.10019553173333406,2.762770652770996,0.585341093596071,0.1296240296214819,-0.005831864196807146
20:01:33,7684.0,-35.363692549999996,149.16544455000002,36313.0,19.0,19.0,5.5,0.5,-29.5,-1016.0,-603.5,-172.0,0.5,AUTO,-0.015684112906455994,0.113156508654356,2.7621076107025146,-0.6054621338844299,-0.17654216662049294,-0.0015660934150218964
20:01:35,7684.0,-35.36369365,149.1654466,36221.0,-84.5,58.0,21.0,-24.5,21.0,-983.5,579.0,128.5,6.0,AUTO,0.009534900484140962,-0.12506497651338577,2.7629319429397583,0.5771138668060303,0.12478670105338097,0.004225471871905029
20:01:37,7684.0,-35.3637072,149.1654556,35831.0,13.0,-5.5,4.5,0.5,12.5,-1029.0,399.5,-172.0,22.5,AUTO,0.022050170227885246,0.10354350879788399,2.763158917427063,0.39912013337016106,-0.17676138877868652,0.02004058239981532
20:01:38,199360.0,-35.363705275,149.16545532499998,35822.5,-8.75,-5.0,1.75,-2.25,11.25,-993.0,142.5,-129.5,-4.5,AUTO,0.010978292906656861,-0.08537454716861248,2.7627416849136353,0.1409337166696787,-0.13455025106668472,-0.006934206699952483
20:01:39,199360.0,-35.36370775,149.16545695000002,35756.5,-87.0,28.0,18.0,-21.0,-46.0,-990.0,-329.0,110.0,-17.5,AUTO,0.02040485106408596,-0.12920085340738297,2.759976625442505,-0.32995975762605667,0.10595989599823952,-0.020346359349787235
20:01:41,199360.0,-35.363721350000006,149.1654628,35407.5,11.5,-20.0,3.5,7.0,-29.0,-1016.0,-601.5,-213.0,9.5,AUTO,-0.007120353169739246,0.10349131003022194,2.761675715446472,-0.6037446856498718,-0.21789798140525818,0.006621990352869034
20:01:43,199360.0,-35.3637243,149.1654615,35297.0,-96.0,52.0,21.5,-21.5,20.0,-993.0,532.5,176.5,-0.5,AUTO,-0.0007439400069415569,-0.1072961799800396,2.7627875804901123,0.5306280106306076,0.17232810333371162,-0.003370834980159998
20:01:44,28150.0,-35.363734925,149.165467925,35020.25,-51.25,32.0,16.25,-13.25,-19.0,-1026.0,-471.5,72.25,-0.5,AUTO,0.007284841616638005,0.11437580920755863,2.762447416782379,-0.4735485203564167,0.06809010356664658,-0.0027515894325915724
20:01:45,28150.0,-35.3637363,149.1654689,34941.5,21.0,-6.5,3.0,3.0,20.5,-1012.0,555.5,-206.0,9.0,AUTO,0.013186167925596237,0.0739720556885004,2.7623616456985474,0.5546297878026962,-0.21058551222085953,0.006155858747661114
20:01:47,28150.0,-35.3637398,149.16547015,34829.5,-101.0,50.5,23.0,-26.0,-43.5,-990.5,-733.5,164.0,5.0,AUTO,-0.0035673578968271613,-0.09703809395432472,2.7616915702819824,-0.7354627847671509,0.16000556200742722,0.0026792617281898856
20:01:49,28150.0,-35.36375285,149.16547695,34455.0,19.5,-8.5,3.0,4.0,-16.5,-1024.0,-630.5,-173.0,-6.5,AUTO,-0.009457952925004065,0.08581495471298695,2.762081265449524,-0.6324030458927155,-0.17809342592954636,-0.008865379728376865
20:01:50,9966.0,-35.363751650000005,149.165475275,34447.75,-14.0,11.0,4.0,-3.5,-20.75,-984.5,-118.75,-99.75,15.0,AUTO,-0.014551157131791115,-0.09661265555769205,2.7634312510490417,-0.11951567977666855,-0.10452799964696169,0.012824766628909856
20:01:51,9966.0,-35.36375613333333,149.16547746666666,34339.333333333336,-94.0,51.333333333333336,21.0,-22.666666666666668,18.666666666666668,-985.3333333333334,555.3333333333334,176.66666666666666,5.666666666666667,AUTO,0.005680978298187256,-0.08243627722064654,2.7620765368143716,0.5538855021198591,0.17269901931285858,0.00344105064868927
20:01:53,9966.0,-35.36376685,149.16548495,34005.5,20.0,-11.0,2.5,3.0,-19.0,-1011.5,-352.0,-182.0,20.5,AUTO,0.011503844405524433,0.06873123161494732,2.763177752494812,-0.35270511731505394,-0.18728309124708176,0.018452868796885014
20:01:55,9966.0,-35.3637686,149.1654872,33919.0,-96.0,26.5,18.0,-19.5,3.5,-982.5,-31.0,161.0,13.0,AUTO,0.02078230306506157,-0.09475471451878548,2.76101815700531,-0.03362002968788147,0.15720494091510773,0.010559887625277042
20:01:56,74105.0,-35.363778425,149.16549300000003,33670.75,-59.0,3.75,14.25,-12.25,-26.75,-1019.25,-452.5,67.0,1.75,AUTO,0.025311563163995743,0.10348131321370602,2.762510597705841,-0.45478444546461105,0.06281298026442528,-0.0012517987051978707
20:01:57,74105.0,-35.36378005,149.1654936,33593.5,7.5,-30.5,2.5,5.0,25.0,-1027.0,564.5,-159.0,-3.0,AUTO,0.023562769405543804,0.07842331938445568,2.763288140296936,0.5629962086677551,-0.1640428714454174,-0.005747743416577578
20:01:59,74105.0,-35.36378275,149.16549285000002,33511.5,-89.0,25.0,17.0,-18.0,-38.5,-995.5,-593.0,107.0,7.0,AUTO,-0.0016263366560451686,-0.08357647061347961,2.762250542640686,-0.5953790843486786,0.10278857126832008,0.004124131053686142
20:02:01,74105.0,-35.363795350000004,149.16549755,33174.0,4.5,-8.0,5.5,4.0,-19.5,-1019.0,-615.0,-103.5,-6.5,AUTO,-0.017111940775066614,0.08949286118149757,2.7625184059143066,-0.6179813742637634,-0.10858345404267311,-0.009512434829957783
20:02:02,192616.0,-35.363794799999994,149.1654951,33160.5,-6.25,12.25,2.75,-0.25,-14.0,-988.25,-249.0,-86.25,7.0,AUTO,-0.028802432119846344,-0.07111676130443811,2.7636478543281555,-0.250412181019783,-0.09142229985445738,0.004286403185687959
20:02:03,192616.0,-35.3637973,149.1654959,33102.0,-62.0,47.0,14.5,-14.5,8.0,-983.5,588.0,90.5,-1.5,AUTO,-0.006122154998593032,-0.0822029672563076,2.7633875608444214,0.5870867222547531,0.08672509714961052,-0.00436663965228945
20:02:05,192616.0,-35.363810099999995,149.1655033,32739.5,-10.5,24.5,10.0,-6.0,-15.0,-1014.0,-1.0,-26.0,14.5,AUTO,0.005231536633800715,0.0869959332048893,2.7633126974105835,-0.0013531297445297241,-0.03098958171904087,0.01191209303215146
20:02:07,192616.0,-35.3638093,149.1655048,32692.0,-25.0,16.0,3.5,-7.5,-19.0,-986.0,-541.5,-36.0,6.0,AUTO,0.0004053801530972123,-0.07435495778918266,2.763175129890442,-0.5437066107988358,-0.04109365493059158,0.003208219539374113
20:02:08,158987.0,-35.3638154,149.165509575,32542.75,-73.75,26.75,15.0,-17.0,-14.25,-1002.5,128.0,86.5,-2.75,AUTO,0.03016041638329625,-0.00365016283467412,2.7614383697509766,0.12736129760742188,0.08230157662183046,-0.005957318644504994
20:02:09,158987.0,-35.3638199,149.1655121,32424.0,-55.5,10.5,13.5,-10.0,3.5,-1011.5,-175.0,51.0,5.0,AUTO,0.01731217885389924,0.05860923230648041,2.7621328830718994,-0.1774197667837143,0.047074940986931324,0.002777665271423757
20:02:11,158987.0,-35.363823,149.16551225,32280.5,-17.5,-1.5,4.0,-4.5,14.0,-998.0,585.0,-26.5,3.5,AUTO,0.010628115851432085,-0.037170497700572014,2.7634522914886475,0.584170863032341,-0.03182001784443855,0.0009285067208111286
20:02:13,82385.5,-35.3638293,149.1655183,32097.0,-46.0,0.0,9.5,-12.0,-34.0,-997.0,-454.0,29.0,3.5,AUTO,0.03570895828306675,0.021175015717744827,2.762245297431946,-0.4553358778357506,0.024626828264445066,0.0011228668736293912
20:02:15,5784.0,-35.3638331,149.16552045,31967.5,-17.0,-28.5,2.5,0.0,-23.0,-995.0,-701.5,8.5,2.5,AUTO,0.006728227832354605,0.025717850774526596,2.763384222984314,-0.7051797211170197,0.003947022370994091,-0.00035472610034048557
20:02:17,5784.0,-35.363833850000006,149.1655177,31983.0,-5.5,-15.0,-0.5,1.5,6.0,-999.5,449.0,18.5,3.0,RTL,0.0033010232145898044,0.004040283500216901,2.7629390954971313,0.44740408658981323,0.014146189205348492,0.000405798084102571
20:02:19,31622.0,-35.3638345,149.16551665,32276.0,-0.5,-5.5,-48.5,0.0,3.5,-1052.5,-59.0,2.0,3.0,RTL,-0.0026425329851917922,0.010705097578465939,2.762541890144348,-0.062180474400520325,-0.0020803632214665413,0.00027054245583713055
20:02:21,31622.0,-35.3638345,149.1655164,33952.5,0.0,-3.0,-94.0,0.0,0.5,-997.0,37.0,3.5,4.0,RTL,0.0027436880627647042,0.009395372122526169,2.7616214752197266,0.03430295456200838,-0.0007784775225445628,0.0018530660308897495
20:02:23,31622.0,-35.3638342,149.1655164,35602.5,-1.5,-3.0,-53.0,0.0,2.0,-966.5,16.5,3.5,3.0,RTL,0.0034333396470174193,0.0061600974295288324,2.7615838050842285,0.013731291517615318,-0.000833278289064765,0.00023139978293329477
20:02:24,218.0,-35.36383395,149.1655164,36030.0,-4.0,-2.25,-11.25,0.25,-10.0,-968.75,-52.75,5.25,7.25,RTL,0.0052318664456834085,0.005183456465601921,2.7624415159225464,-0.055640578269958496,0.0008191232336685061,0.004273159254807979
20:02:25,218.0,-35.363833850000006,149.1655164,36059.0,-5.5,-3.5,5.0,0.0,13.0,-989.5,-119.0,4.0,3.0,RTL,-0.0018474944663466886,0.004195563029497862,2.762818932533264,-0.12286671996116638,-0.0003107974771410227,-8.595909457653761e-05
20:02:27,218.0,-35.3638337,149.16551694999998,36086.0,-8.0,-6.0,-25.0,-1.0,-6.0,-1041.0,31.5,7.5,4.0,RTL,0.013407752849161625,0.006887925323098898,2.7625900506973267,0.02874550223350525,0.0032294716220349073,0.0013709093909710646
20:02:29,14268.0,-35.36383415,149.16551735000002,37006.5,-4.5,-9.0,-34.5,0.0,-11.5,-957.5,-185.5,2.5,4.0,RTL,0.006823739386163652,0.012021637987345457,2.7624374628067017,-0.18835113942623138,-0.0020562615245580673,0.0008616066770628095
20:02:31,28318.0,-35.3638342,149.1655174,37141.5,-3.0,-12.0,3.5,0.0,34.0,-993.0,462.5,5.5,2.5,RTL,0.009569637710228562,0.010434689465910196,2.7629013061523438,0.4583522751927376,0.0013001018669456244,-0.00045022962149232626
20:02:33,28318.0,-35.3638342,149.16551765,37632.5,-2.0,-11.5,-53.0,-0.5,-1.5,-1012.5,-159.5,5.5,3.0,RTL,0.008032683515921235,0.010286698117852211,2.7624430656433105,-0.16377729177474976,0.0012807217426598072,-0.0001751860836520791
20:02:34,107047.0,-35.363834266666665,149.16551776666668,38217.0,-2.6666666666666665,-14.333333333333334,-29.0,0.6666666666666666,3.3333333333333335,-960.3333333333334,147.66666666666666,4.666666666666667,3.3333333333333335,RTL,0.012686527955035368,0.012686260044574738,2.762237071990967,0.14391167958577475,0.0001170700415968895,0.0006422062870115042
20:02:35,107047.0,-35.3638343,149.16551760000002,38339.0,-2.0,-14.666666666666666,-3.3333333333333335,0.0,11.666666666666666,-976.6666666666666,61.0,0.6666666666666666,4.333333333333333,RTL,0.003940915029185514,0.01184214185923338,2.7625035444895425,0.05650857836008072,-0.0035210546726981797,0.0016789326909929514
20:02:37,107047.0,-35.36383456666667,149.1655163,38374.666666666664,-0.6666666666666666,-6.666666666666667,-21.333333333333332,1.0,5.0,-1036.0,265.0,6.0,4.0,RTL,1.6128314503779013e-05,0.011696106754243374,2.7620156606038413,0.26112628479798633,0.0015586805529892445,0.000745713555564483
20:02:39,107047.0,-35.363835,149.1655155,39305.0,3.6666666666666665,1.6666666666666667,-44.0,-0.3333333333333333,-0.3333333333333333,-968.0,57.0,6.0,3.0,RTL,-0.002578913622225324,0.011904037557542324,2.762392600377401,0.053116937478383384,0.0014608634325365226,4.8302036399642624e-05
20:02:40,8758.0,-35.363835,149.16551546666668,39575.333333333336,4.333333333333333,2.3333333333333335,-1.6666666666666667,0.3333333333333333,3.0,-985.0,317.0,2.3333333333333335,4.666666666666667,RTL,0.0015953278246646125,0.011277854442596436,2.7624708811442056,0.31334036588668823,-0.0022910463934143386,0.0014195578793684642
20:02:41,8758.0,-35.36383486666667,149.1655155,39556.0,4.333333333333333,3.0,3.3333333333333335,0.0,-9.666666666666666,-1003.6666666666666,-421.0,-1.6666666666666667,2.0,RTL,-0.009453254286199808,0.009026388948162397,2.7630454699198403,-0.42534518241882324,-0.006788803109278281,-0.0007748949186255535
20:02:43,8758.0,-35.36383463333333,149.16551619999998,39938.333333333336,1.0,0.0,-51.666666666666664,-0.6666666666666666,0.3333333333333333,-1025.6666666666667,30.666666666666668,7.333333333333333,2.3333333333333335,RTL,0.004766499002774556,0.00996108197917541,2.762364466985067,0.0268919641772906,0.0028794237102071443,-0.0005547854428490003
20:02:45,8758.0,-35.3638347,149.1655164,40815.0,1.3333333333333333,-2.0,-11.333333333333334,0.0,-22.333333333333332,-964.6666666666666,-252.66666666666666,1.0,4.0,RTL,-0.00013364237383939326,0.01138805535932382,2.762563625971476,-0.25667144854863483,-0.0035742235680421195,0.0011142848525196314
20:02:46,161343.0,-35.36383453333334,149.1655164,40820.333333333336,1.0,-2.0,3.3333333333333335,0.3333333333333333,-4.333333333333333,-1004.3333333333334,177.66666666666666,4.0,3.3333333333333335,RTL,0.008363186769808332,0.008792653369406859,2.762688239415487,0.17419632275899252,-0.0006214154418557882,0.0004035293435057004
20:02:47,161343.0,-35.3638345,149.16551646666667,40821.666666666664,0.0,-3.0,-9.333333333333334,1.0,-1.3333333333333333,-1031.6666666666667,-175.33333333333334,6.0,5.0,RTL,-0.0013795124056438606,0.009370424474279085,2.7622066338857016,-0.18001980582873026,0.0015974776664127905,0.0019091561747093995
20:02:49,161343.0,-35.36383523333333,149.16551466666667,41652.0,3.0,5.333333333333333,-54.0,0.3333333333333333,-2.0,-984.3333333333334,-29.333333333333332,5.0,5.0,RTL,-0.01946526641647021,0.013965582785507044,2.7619656721750894,-0.03348676860332489,0.0004643915841976802,0.0017933590958515804
20:02:51,161343.0,-35.3638354,149.1655139,42098.666666666664,9.333333333333334,17.0,2.6666666666666665,0.0,-24.333333333333332,-984.0,-200.33333333333334,4.666666666666667,4.333333333333333,RTL,-0.010775910845647255,0.009809435034791628,2.7627103328704834,-0.20303596556186676,0.00018256126592556635,0.0013122652502109606
20:02:52,44593.0,-35.3638353,149.1655139,42094.0,8.0,16.0,-10.333333333333334,-0.3333333333333333,6.333333333333333,-1029.6666666666667,178.66666666666666,3.6666666666666665,4.333333333333333,RTL,-0.010945431112001339,0.009432646756370863,2.762565533320109,0.17552529772122702,-0.0008550656493753195,0.001501593195522825
20:02:53,44593.0,-35.363835233333326,149.16551413333335,42281.666666666664,8.333333333333334,16.666666666666668,-38.333333333333336,-1.0,9.333333333333334,-1037.3333333333333,101.33333333333333,2.6666666666666665,2.0,RTL,-0.009673989300305644,0.008252291164050499,2.7626194953918457,0.09826293090979259,-0.002200458043565353,-0.0011138500024875004
20:02:55,44593.0,-35.36383436666667,149.1655169,43230.666666666664,2.0,2.0,-24.0,-1.6666666666666667,6.0,-955.6666666666666,154.33333333333334,10.0,3.0,RTL,0.021514111508925755,0.008192750935753187,2.7625335852305093,0.15161661307017008,0.005237861846884091,0.00015597324818372726
20:02:57,44593.0,-35.3638338,149.1655186,43292.333333333336,-5.0,-16.333333333333332,0.3333333333333333,-0.3333333333333333,-21.333333333333332,-1023.0,-381.6666666666667,5.0,4.333333333333333,RTL,0.018061679787933826,0.00939842282483975,2.7630401452382407,-0.3852689862251282,0.00018086005002260208,0.0015698883992930253
20:02:58,283700.0,-35.3638338,149.1655187,43539.666666666664,-7.0,-21.333333333333332,-41.0,0.0,-12.0,-1030.0,-146.33333333333334,4.333333333333333,2.6666666666666665,RTL,0.01500950288027525,0.01010168002297481,2.7621214389801025,-0.14980769157409668,-0.00041537312790751457,-0.00030328061742087203
20:02:59,283700.0,-35.3638339,149.16551846666667,43917.0,-6.666666666666667,-21.0,-52.0,1.0,-3.0,-997.6666666666666,36.666666666666664,5.0,3.3333333333333335,RTL,0.012931938904027144,0.010927315180500349,2.7620667616526284,0.032766843835512795,9.634438902139664e-05,0.000493890605866909
20:03:01,283700.0,-35.363834233333336,149.1655174,44453.333333333336,-3.3333333333333335,-14.333333333333334,1.3333333333333333,1.3333333333333333,7.0,-991.0,344.3333333333333,5.666666666666667,4.0,RTL,0.008033514488488436,0.011499922722578049,2.762802759806315,0.3402557174364726,0.00032413875063260395,0.0009934424112240474
20:03:03,258540.5,-35.36383443333333,149.1655165,44558.333333333336,-1.3333333333333333,-7.0,-31.333333333333332,0.6666666666666666,-10.0,-1037.3333333333333,-70.33333333333333,4.0,4.333333333333333,RTL,-0.00016362654666105905,0.010809527710080147,2.7622221310933432,-0.07427108287811279,-0.0005360070305565993,0.0010187916147212188
20:03:05,233381.0,-35.3638349,149.16551543333333,45491.333333333336,2.6666666666666665,0.6666666666666666,-28.666666666666668,0.3333333333333333,-5.0,-960.6666666666666,-155.33333333333334,1.3333333333333333,4.0,RTL,-0.009164588991552591,0.01220774557441473,2.762478987375895,-0.15970039864381155,-0.003316657772908608,0.00038197737497587997
20:03:07,233381.0,-35.36383486666667,149.1655152,45585.333333333336,3.0,4.333333333333333,2.6666666666666665,0.0,22.333333333333332,-1018.0,420.0,5.0,3.3333333333333335,RTL,-0.001975521988545855,0.00930716097354889,2.7625324726104736,0.4159408509731293,5.2802187080184616e-05,2.6591277370850246e-05
20:03:08,90783.0,-35.3638348,149.1655152333333,45763.666666666664,3.0,5.0,-35.333333333333336,-0.6666666666666666,6.333333333333333,-1037.0,105.33333333333333,5.666666666666667,5.0,RTL,-0.0030793265905231237,0.008308660238981247,2.762354532877604,0.10124556720256805,0.0005300844398637613,0.0017270594059179227
20:03:09,90783.0,-35.3638348,149.16551536666668,46115.666666666664,2.3333333333333335,5.0,-51.666666666666664,-0.3333333333333333,-0.6666666666666666,-1005.0,-24.0,6.666666666666667,3.6666666666666665,RTL,-0.002436216629575938,0.009991869330406189,2.7623735268910727,-0.028472671906153362,0.002018979750573635,0.0003621456368515889
20:03:11,90783.0,-35.3638348,149.1655158,46729.0,2.6666666666666665,2.6666666666666665,0.6666666666666666,1.3333333333333333,-23.666666666666668,-990.3333333333334,-532.3333333333334,4.0,3.6666666666666665,RTL,-0.005746901035308838,0.011031605303287506,2.7622572580973306,-0.5365707079569498,-0.0010522763865689437,0.00010909559205174446
20:03:13,90783.0,-35.36383486666667,149.16551483333333,46802.0,3.0,5.666666666666667,-28.0,0.3333333333333333,6.333333333333333,-1039.6666666666667,30.333333333333332,5.666666666666667,3.3333333333333335,RTL,-0.01366067243119081,0.00863476904730002,2.7624379793802896,0.026283676425615948,0.001134703867137432,-0.00012829992920160294
20:03:14,14379.0,-35.363835,149.16551476666666,47434.666666666664,4.0,9.666666666666666,-52.333333333333336,-0.3333333333333333,-3.0,-985.0,-21.333333333333332,6.666666666666667,3.3333333333333335,RTL,-0.007220581329117219,0.010135879119237265,2.7622193495432534,-0.025044505794843037,0.0017100196176518996,6.16216566413641e-05
20:03:15,14379.0,-35.363834966666666,149.165515,47770.666666666664,4.666666666666667,9.0,-30.666666666666668,-1.3333333333333333,6.0,-958.3333333333334,173.66666666666666,4.666666666666667,3.0,RTL,-0.0025304294346521297,0.009749284634987513,2.762570063273112,0.17037105560302734,-4.8848179479440056e-05,-0.00015499582514166832
20:03:17,14379.0,-35.36383446666667,149.16551593333335,47877.666666666664,1.0,3.0,1.0,-0.6666666666666666,-9.0,-1010.0,-378.0,7.0,4.0,RTL,-0.0024463986337650567,0.007146163222690423,2.7629563013712564,-0.3824278997878234,0.0023338960794111094,0.0004421462460110585
20:03:19,14379.0,-35.3638343,149.16551690000003,48446.0,-1.3333333333333333,-3.6666666666666665,-56.666666666666664,-0.3333333333333333,-8.0,-1010.6666666666666,-38.666666666666664,4.666666666666667,3.6666666666666665,RTL,0.009356706092755,0.009356163752575716,2.762333869934082,-0.04229470590750376,-0.00010560142497221629,0.00032215270524223644
20:03:20,115893.0,-35.3638343,149.16551716666666,49072.333333333336,-1.6666666666666667,-6.333333333333333,-29.666666666666668,-0.3333333333333333,-17.0,-952.0,-278.0,4.666666666666667,3.6666666666666665,RTL,0.006734008047108849,0.010510104708373547,2.7625392278035483,-0.2815689941247304,-0.0003361605728665988,0.00021249661222100258
20:03:21,115893.0,-35.3638342,149.16551716666666,49194.666666666664,-2.0,-8.666666666666666,-4.333333333333333,0.0,9.0,-983.0,324.3333333333333,6.666666666666667,5.666666666666667,RTL,0.009956429634864131,0.009097024177511534,2.762460629145304,0.3206208447615306,0.001434409370024999,0.0021942202001810074
20:03:23,115893.0,-35.363834233333336,149.1655165,49221.0,-3.0,-5.666666666666667,-19.666666666666668,0.6666666666666666,-12.333333333333334,-1036.0,-183.33333333333334,2.0,3.3333333333333335,RTL,-0.0012636268511414528,0.008472403511404991,2.7621421813964844,-0.18722264717022577,-0.0029557286761701107,0.00011775751287738483
20:03:25,115893.0,-35.3638344,149.165516,50167.0,-1.0,0.0,-49.0,1.0,1.0,-971.6666666666666,-21.666666666666668,5.666666666666667,6.0,RTL,-0.0015305087435990572,0.009839969376722971,2.7619285583496094,-0.025845780968666077,0.0005609607324004173,0.0023234221152961254
20:03:26,69471.0,-35.3638345,149.16551573333334,50498.666666666664,0.0,0.0,-3.3333333333333335,0.0,17.666666666666668,-978.3333333333334,179.33333333333334,4.0,2.0,RTL,-0.00499794352799654,0.008279755090673765,2.762528975804647,0.17472545305887857,-0.0012368842338522275,-0.0011395396043856938
20:03:27,69471.0,-35.3638345,149.1655156333333,50490.333333333336,0.0,2.6666666666666665,3.3333333333333335,0.0,-16.333333333333332,-993.0,-203.0,4.666666666666667,5.666666666666667,RTL,-0.002241317726050814,0.007736455338696639,2.7629242738087973,-0.20648457606633505,-0.00020677091864248118,0.002456548623740673
20:03:29,69471.0,-35.3638345,149.16551543333333,50770.0,0.0,3.3333333333333335,-46.333333333333336,0.0,2.6666666666666665,-1029.3333333333333,74.66666666666667,5.666666666666667,3.0,RTL,-0.0031117456577097378,0.008216553057233492,2.7622175216674805,0.07063844054937363,0.0011824360117316246,-0.0005541651820143064
20:03:30,4949.0,-35.3638346,149.16551543333333,51446.666666666664,0.6666666666666666,4.333333333333333,-47.666666666666664,0.0,-4.0,-972.6666666666666,20.0,3.6666666666666665,3.3333333333333335,RTL,-0.0020944656959424415,0.009049413415292898,2.762850284576416,0.01646050562461217,-0.0010632677003741264,-0.0002958273980766535
20:03:31,4949.0,-35.3638346,149.1655155,51708.666666666664,0.3333333333333333,3.3333333333333335,-18.666666666666668,-0.3333333333333333,16.666666666666668,-963.3333333333334,205.66666666666666,6.666666666666667,4.0,RTL,-0.0010724275683363278,0.009079065484305223,2.762315273284912,0.2016731103261312,0.0020652137075861297,0.0002662724970529477
20:03:33,4949.0,-35.36383476666666,149.16551453333332,51740.0,0.6666666666666666,8.333333333333334,-3.6666666666666665,2.0,-9.333333333333334,-1024.0,119.0,5.333333333333333,6.666666666666667,RTL,-0.010814341250807047,0.00903955971201261,2.76275904973348,0.11632889012495677,0.0005671669884274403,0.0032136222968498864
20:03:35,4949.0,-35.3638353,149.16551293333333,52476.666666666664,7.333333333333333,22.333333333333332,-54.0,0.0,0.3333333333333333,-989.3333333333334,-10.333333333333334,4.666666666666667,4.666666666666667,RTL,-0.021431526790062588,0.009730663150548935,2.7623040676116943,-0.013742680350939432,-2.158200368285179e-05,0.0008108851810296377
20:03:36,2382.0,-35.36383506666667,149.16551326666666,52946.333333333336,8.333333333333334,23.333333333333332,-12.666666666666666,-0.3333333333333333,-15.333333333333334,-967.0,-430.3333333333333,1.0,3.3333333333333335,RTL,-0.019692551034192245,0.006706474504123132,2.7623128096262612,-0.4337376157442729,-0.0040725169237703085,5.394057370722294e-05
20:03:37,2382.0,-35.363834833333335,149.1655138,52980.0,6.666666666666667,21.333333333333332,2.0,-0.6666666666666666,19.0,-991.3333333333334,456.3333333333333,5.333333333333333,1.6666666666666667,RTL,-0.001817788773526748,0.0054877920386691885,2.762645880381266,0.4539843996365865,0.0009219876180092493,-0.001984523764501015
20:03:39,2382.0,-35.363834366666666,149.165515,53126.333333333336,4.666666666666667,10.666666666666666,-35.666666666666664,-1.3333333333333333,-8.0,-1035.6666666666667,-161.66666666666666,6.666666666666667,4.333333333333333,RTL,-0.0014753749419469386,0.009511732185880343,2.762919267018636,-0.16414596637090048,0.0018307031908382971,0.0007092589512467384
20:03:41,2382.0,-35.363832933333335,149.16551693333335,54105.666666666664,0.0,-5.333333333333333,-29.0,-1.0,3.0,-956.6666666666666,-107.0,-2.0,3.0,RTL,0.013958842804034552,0.001349437525883938,2.7624025344848633,-0.11006722847620647,-0.007144920527935028,-0.0007434734143316746
20:03:42,80842.0,-35.363832566666666,149.1655174,54226.333333333336,-6.666666666666667,-11.333333333333334,2.6666666666666665,0.0,-22.0,-992.6666666666666,-453.0,7.666666666666667,5.666666666666667,RTL,0.011282381446411213,0.008522560509542624,2.7624646027882895,-0.4561016758282979,0.0031581640553971133,0.0020976198526720204
20:03:43,80842.0,-35.363832666666674,149.16551723333333,54202.0,-6.666666666666667,-14.0,3.0,1.0,20.666666666666668,-1010.3333333333334,415.0,13.0,4.666666666666667,RTL,0.011547038021186987,0.011895902765293917,2.7627907594045005,0.4121973713239034,0.008285791302720705,0.0012083384208381176
20:03:45,80842.0,-35.3638319,149.1655158,54711.666666666664,9.0,-15.333333333333334,-49.333333333333336,3.0,5.0,-1004.3333333333334,26.333333333333332,-9.333333333333334,5.333333333333333,RTL,0.0005413437029346824,0.016041432196895283,2.7625953356424966,0.023084498941898346,-0.014857108083864054,0.0019999025389552116
20:03:47,80842.0,-35.36383033333333,149.1655151,55293.666666666664,-4.666666666666667,-5.666666666666667,0.6666666666666666,0.3333333333333333,-17.666666666666668,-986.0,-371.0,19.333333333333332,2.3333333333333335,RTL,0.001431125992288192,0.004611169182074566,2.7627671559651694,-0.37481435015797615,0.014691634103655815,-0.0014195903204381466
20:03:48,227970.0,-35.36383026666667,149.1655152,55267.666666666664,-2.3333333333333335,-9.666666666666666,-1.0,1.0,-13.666666666666666,-1014.3333333333334,-253.66666666666666,29.333333333333332,3.0,RTL,0.006855584271155142,0.019764874130487442,2.7629096508026123,-0.25660185267527896,0.02481962740421295,-0.0006703302108993133
20:03:49,227970.0,-35.3638298,149.16551476666666,55360.333333333336,9.0,-14.666666666666666,-23.0,3.3333333333333335,3.6666666666666665,-1031.0,157.33333333333334,6.666666666666667,4.666666666666667,RTL,0.005779366959662487,0.03187163298328718,2.762884775797526,0.15435833732287088,0.0015953268545369308,0.0010997635157157977
20:03:51,227970.0,-35.36382576666667,149.16551123333332,56153.333333333336,16.333333333333332,-8.0,-28.666666666666668,5.333333333333333,-1.6666666666666667,-967.3333333333334,-27.333333333333332,-22.666666666666668,3.0,RTL,-0.012255402592321238,-0.014997367436687151,2.7627867062886557,-0.030712130169073742,-0.027658117469400167,-0.0005665500648319721
20:03:53,227970.0,-35.363825066666664,149.16551106666665,56264.0,2.3333333333333335,3.3333333333333335,1.0,-0.3333333333333333,0.3333333333333333,-1019.0,-254.0,40.333333333333336,5.666666666666667,RTL,-0.004129997609804074,0.02479153188566367,2.763859192530314,-0.2579859544833501,0.03558443300426006,0.001958705640087525
20:03:54,56481.0,-35.36382266666667,149.1655109,56415.0,36.0,-17.333333333333332,-27.666666666666668,6.333333333333333,7.0,-1025.3333333333333,-141.33333333333334,2.6666666666666665,4.666666666666667,RTL,0.0026921476552767367,0.045916770895322166,2.763488292694092,-0.14524372418721518,-0.001999353989958763,0.0009248034718135992
20:03:55,56481.0,-35.363819299999996,149.16550963333336,56667.333333333336,50.666666666666664,-27.666666666666668,-37.666666666666664,11.0,0.3333333333333333,-1003.0,-106.33333333333333,-50.0,2.3333333333333335,RTL,0.0026537318093081317,0.02825028107812007,2.763346513112386,-0.10959502061208089,-0.055207030226786934,-0.0014682640321552753
20:03:57,56481.0,-35.36381316666667,149.16550733333335,57112.0,-8.333333333333334,-6.666666666666667,-1.6666666666666667,-0.3333333333333333,18.666666666666668,-984.3333333333334,432.6666666666667,61.666666666666664,0.6666666666666666,RTL,0.013755313276002804,-0.01829880023918425,2.763400157292684,0.42933495342731476,0.05719376572718223,-0.0029983683489263058
20:03:59,56481.0,-35.363811133333336,149.1655057,57170.0,53.0,-35.0,-16.0,13.0,-7.0,-1016.0,-119.66666666666667,-19.0,3.3333333333333335,RTL,-0.004353777815898259,0.07851747423410416,2.7648553053538003,-0.123258243004481,-0.02464717874924342,-0.0009103864431381226
20:04:00,8622.0,-35.363802299999996,149.1655,57453.333333333336,90.33333333333333,-43.0,-24.333333333333332,21.666666666666668,-6.0,-993.0,-245.66666666666666,-99.66666666666667,4.0,RTL,-0.02290846159060796,0.016836446709930897,2.7652341524759927,-0.24957139045000076,-0.10502081861098607,1.8952414393424988e-07
20:04:01,8622.0,-35.36379693333333,149.16549673333336,57604.666666666664,59.666666666666664,-22.666666666666668,-14.0,14.666666666666666,20.0,-983.6666666666666,402.6666666666667,-57.333333333333336,4.0,RTL,-0.01762308490773042,-0.05565243338545164,2.7673484484354653,0.3994796598951022,-0.06206309050321579,-0.000140468900402387
20:04:03,8622.0,-35.36379453333333,149.16549583333332,57644.666666666664,15.0,3.0,-0.3333333333333333,2.3333333333333335,-10.666666666666666,-1009.3333333333334,-353.0,107.66666666666667,2.3333333333333335,RTL,-0.005929035716690123,0.08516059443354607,2.767057259877523,-0.3569234572350979,0.10337917506694794,-0.0014942081179469824
20:04:05,8622.0,-35.36377843333333,149.16548753333333,57761.0,156.66666666666666,-59.666666666666664,-9.333333333333334,36.0,24.666666666666668,-1000.3333333333334,180.0,34.333333333333336,2.0,RTL,-0.021834764629602432,0.10834195464849472,2.7679807345072427,0.17660531401634216,0.03020079309741656,-0.0019785664044320583
20:04:06,47443.0,-35.3637559,149.16547596666666,57826.0,255.0,-97.66666666666667,0.0,54.0,31.666666666666668,-994.0,-5.333333333333333,77.33333333333333,-5.666666666666667,RTL,-0.039088750878969826,0.17717218895753226,2.7658485571543374,-0.009055941055218378,0.07300414144992828,-0.009922562167048454
20:04:07,47443.0,-35.3637359,149.1654658,57792.333333333336,344.6666666666667,-132.33333333333334,6.333333333333333,74.0,46.333333333333336,-1000.3333333333334,36.666666666666664,49.0,9.0,RTL,-0.05195177222291628,0.22921202083428702,2.7633588314056396,0.03316653644045194,0.04439569513003031,0.005073490319773555
20:04:09,47443.0,-35.36366003333333,149.16542846666667,57758.0,495.3333333333333,-184.66666666666666,23.0,101.66666666666667,58.666666666666664,-983.0,84.33333333333333,92.66666666666667,-9.666666666666666,RTL,-0.05993498116731644,0.295501172542572,2.7611982027689614,0.08101017276446025,0.08788420756657918,-0.014160009721914927
20:04:11,47443.0,-35.363565200000004,149.16538213333334,58015.666666666664,443.6666666666667,-153.66666666666666,-5.333333333333333,91.33333333333333,32.666666666666664,-957.0,-735.3333333333334,-82.33333333333333,4.0,RTL,-0.09374389797449112,-0.058559984589616455,2.788156350453695,-0.7390410900115967,-0.08753392845392227,0.00014572637155652046
20:04:12,146087.0,-35.3635236,149.1653643,57901.666666666664,306.3333333333333,-101.66666666666667,10.333333333333334,62.333333333333336,71.66666666666667,-1003.6666666666666,588.6666666666666,145.0,-3.0,RTL,-0.030437724043925602,0.00645842682570219,2.7860255241394043,0.5855632325013479,0.14078868351255855,-0.006596663035452366
20:04:13,146087.0,-35.363502833333335,149.16535589999998,57793.333333333336,317.3333333333333,-117.0,13.333333333333334,69.0,36.666666666666664,-1004.3333333333334,-173.66666666666666,166.66666666666666,-15.666666666666666,RTL,-0.019541708752512932,0.1811909923950831,2.7803567250569663,-0.17678755025068918,0.1625851853750646,-0.01949030968050162
20:04:15,146087.0,-35.36344286666667,149.16532736666667,57796.0,333.0,-145.0,10.666666666666666,70.33333333333333,37.0,-990.6666666666666,58.666666666666664,173.33333333333334,-23.333333333333332,RTL,-0.02973906385401885,0.2156887153784434,2.7796432177225747,0.055365088085333504,0.16896269470453262,-0.02797881669054429
20:04:18,101233.0,-35.3633302,149.1652717,57850.5,385.0,-164.5,-8.0,89.5,72.0,-989.0,223.0,-118.0,7.0,RTL,-0.04670998454093933,0.03312069922685623,2.7871075868606567,0.2183637022972107,-0.12251418828964233,0.004178261384367943
20:04:20,56379.0,-35.36328055,149.16524835,57852.5,163.0,-70.5,6.5,35.5,53.5,-1002.5,364.5,111.0,26.0,RTL,-0.02013453934341669,0.007310523418709636,2.7882461547851562,0.36002470552921295,0.10695840418338776,0.022742494009435177
20:04:22,56379.0,-35.36326065,149.1652391,57816.0,43.5,-25.0,-0.5,10.0,18.5,-1005.0,465.0,24.5,3.5,RTL,0.00506767607294023,-0.0375042837113142,2.79046630859375,0.4619872570037842,0.020159500651061535,-0.0006545267533510923
20:04:23,158497.0,-35.36325865,149.16523817499998,57816.5,13.5,-13.5,-1.0,3.25,-6.25,-994.75,-277.5,25.25,3.25,RTL,1.839094329625368e-05,-0.02270336914807558,2.7901216745376587,-0.28214405477046967,0.021375405602157116,2.908415626734495e-05
20:04:24,158497.0,-35.3632582,149.1652377,57826.0,-7.0,-7.0,-0.5,-1.0,-26.5,-1000.0,-592.5,29.5,0.5,RTL,-0.0008566551841795444,0.009693309431895614,2.7906562089920044,-0.5968486368656158,0.025452894158661366,-0.0030004566069692373
20:04:26,158497.0,-35.3632587,149.1652369,57840.5,-11.5,-4.0,0.0,0.0,1.0,-1000.0,311.5,7.0,0.5,RTL,0.0064688275451771915,0.00108023700886406,2.790402412414551,0.3078983228188008,0.002972724149003625,-0.0032232729718089104
20:04:28,158497.0,-35.363260499999996,149.16523665,57839.5,-9.0,2.5,0.5,-0.5,-14.5,-1004.5,-535.5,4.5,2.5,RTL,-0.008947320515289903,0.009833252988755703,2.7906110286712646,-0.5404272228479385,0.0005127785261720419,-0.0013277989346534014
20:04:29,109570.0,-35.363261075,149.1652365,57840.75,-6.5,3.25,0.5,-1.0,12.25,-1006.0,429.5,6.25,4.75,RTL,0.00018132923287339509,0.010611146688461304,2.790381073951721,0.42563382908701897,0.002070245798677206,0.00157274235971272
20:04:30,109570.0,-35.3632617,149.16523625000002,57740.0,-1.5,6.5,34.5,-0.5,33.5,-934.0,260.0,3.0,2.0,RTL,-0.0134954284876585,0.010173450224101543,2.790916919708252,0.25387267768383026,-0.0006341082043945789,-0.0012018581619486213
20:04:32,109570.0,-35.363262,149.1652367,55903.0,0.0,5.5,105.0,-1.0,23.0,-1007.5,-407.5,2.5,-2.5,RTL,-0.018133407458662987,0.008236753288656473,2.790206551551819,-0.41412410140037537,-0.0017939640674740076,-0.006305144168436527
20:04:34,109570.0,-35.363262250000005,149.16523665,53782.0,0.0,4.0,95.5,1.5,-56.0,-1040.5,-1324.0,1.5,1.5,RTL,-0.0256635844707489,0.010710807982832193,2.7903162240982056,-1.3283465504646301,-0.003164532594382763,-0.002703272388316691
20:04:35,130969.0,-35.36326244999999,149.165236225,53028.75,1.75,8.25,98.75,0.0,-63.0,-1011.25,-1369.5,-0.25,1.0,RTL,-0.028781143948435783,0.010321428999304771,2.7908872961997986,-1.3737584948539734,-0.005153220030479133,-0.002523022296372801
20:04:36,130969.0,-35.3632626,149.16523604999998,51756.5,4.5,13.5,100.0,0.0,-78.5,-986.5,-1265.5,-0.5,9.0,RTL,-0.016695919446647167,0.009601137600839138,2.791207194328308,-1.268554449081421,-0.0060763587243855,0.005689059384167194
20:04:38,130969.0,-35.3632626,149.16523595,49725.0,4.0,12.0,100.0,0.5,-65.0,-1042.0,-1431.0,-6.0,7.5,RTL,-0.026337189599871635,0.009714464657008648,2.7911806106567383,-1.4341708421707153,-0.01105795381590724,0.00433349737431854
20:04:40,130969.0,-35.3632627,149.16523595,47678.5,6.0,14.5,98.0,-2.0,-59.0,-1003.5,-1330.0,-2.5,-3.5,RTL,-0.022330771200358868,0.008249014150351286,2.7909549474716187,-1.3333724737167358,-0.006970160291530192,-0.007187214447185397
20:04:41,90841.0,-35.36326245,149.16523660000001,46918.0,4.75,10.5,101.0,-4.0,-21.75,-1001.0,-1129.25,0.5,-0.75,RTL,-0.01761746685951948,0.005800217390060425,2.7914308309555054,-1.1340723037719727,-0.004157602903433144,-0.003928293706849217
20:04:42,90841.0,-35.36326185,149.16523840000002,45647.0,0.5,1.0,99.5,-2.0,-45.5,-989.5,-1276.5,3.5,-2.5,RTL,-0.0025257007218897343,0.006440847180783749,2.7910584211349487,-1.2806997895240784,-0.0003817450487986207,-0.006786655867472291
20:04:44,90841.0,-35.3632617,149.16523934999998,43605.5,-4.0,-14.0,99.0,0.0,-49.0,-1005.5,-1369.0,-1.5,1.5,RTL,-0.008836066350340843,0.009610481560230255,2.79116952419281,-1.373449444770813,-0.005662230309098959,-0.0016578065697103739
20:04:46,90841.0,-35.3632616,149.1652394,41561.0,-4.0,-13.5,100.5,0.0,-55.5,-1027.5,-1352.0,1.0,-2.0,RTL,-0.005508700851351023,0.008919861633330584,2.790699005126953,-1.3566957712173462,-0.003627376165241003,-0.005312220775522292
20:04:47,65392.0,-35.363261625,149.16523924999998,40802.25,-5.0,-14.25,101.25,0.5,-53.75,-985.75,-1383.25,2.25,1.5,RTL,-0.0060000035155098885,0.009130393620580435,2.791094720363617,-1.38780078291893,-0.0015320308157242835,-0.0019886859226971865
20:04:48,65392.0,-35.3632617,149.1652386,39535.5,-5.0,-12.0,101.5,1.0,3.0,-994.0,-657.0,1.0,7.5,RTL,-0.014322289731353521,0.008073084987699986,2.7922821044921875,-0.6629289984703064,-0.0038593324134126306,0.0044508109567686915
20:04:50,65392.0,-35.3632622,149.16523705,37493.5,-3.0,-2.0,102.5,1.5,-8.5,-988.0,-956.5,13.0,-10.0,RTL,-0.03043118305504322,0.011154689826071262,2.790216326713562,-0.9624589681625366,0.009279965423047543,-0.013646436389535666
20:04:52,65740.5,-35.363263149999995,149.16523415,35359.5,6.5,19.0,102.5,-0.5,69.0,-1000.0,871.5,0.0,1.0,RTL,-0.02522654552012682,0.00857657752931118,2.79146671295166,0.8664571642875671,-0.0037403027527034283,-0.0016752141527831554
20:04:54,66089.0,-35.3632625,149.16523610000002,33321.0,4.5,15.5,104.5,-1.0,55.0,-975.0,289.5,10.5,6.0,RTL,-0.005682757822796702,0.006684839725494385,2.7918927669525146,0.28466225415468216,0.00646335375495255,0.0027039090637117624
20:04:56,66089.0,-35.3632625,149.165236,31277.5,3.0,11.0,104.0,-1.0,69.5,-987.5,666.5,2.5,-1.0,RTL,-0.012404040433466434,0.007302270270884037,2.7912856340408325,0.6617050468921661,-0.0014506318839266896,-0.004124097875319421
20:04:57,136089.0,-35.363262425,149.16523655,30514.0,3.0,9.75,103.0,-2.75,73.0,-988.25,753.5,4.75,0.5,RTL,-0.0009680805378593504,0.006169015308842063,2.7921367287635803,0.7488657757639885,0.00035392644349485636,-0.0024672405561432242
20:04:58,136089.0,-35.363261800000004,149.16523840000002,29240.0,-0.5,-1.0,106.0,-3.0,39.0,-991.0,-181.5,9.5,1.0,RTL,0.00142248923657462,0.004779719049111009,2.790778160095215,-0.18687377870082855,0.0049251585733145475,-0.002228896366432309
20:05:00,136089.0,-35.3632615,149.16523945,27193.0,-8.0,-16.0,100.5,-0.5,59.5,-990.5,227.0,9.5,-6.0,RTL,0.0019538542692316696,0.009222290012985468,2.7913289070129395,0.22197379171848297,0.0058460074942559,-0.009464973933063447
20:05:02,136089.0,-35.36326175,149.16523884999998,25135.0,-4.0,-11.5,101.5,0.0,50.0,-949.5,168.5,4.0,1.5,RTL,-0.0010489862761460245,0.008691569790244102,2.7923024892807007,0.16252832114696503,0.00038960715755820274,-0.0016846233047544956
20:05:03,170518.0,-35.3632617,149.16523895,24358.25,-4.75,-12.25,101.0,-0.5,54.5,-998.75,487.75,5.25,2.0,RTL,0.003613520908402279,0.008255676366388798,2.7913196086883545,0.48226211220026016,0.0011758984765037894,-0.0009690072038210928
20:05:04,170518.0,-35.3632617,149.1652388,23063.5,-4.5,-11.0,97.0,0.0,22.5,-997.0,-494.0,3.5,-3.0,RTL,-0.008698344463482499,0.008212273940443993,2.7918448448181152,-0.5007200241088867,-6.023200694471598e-05,-0.0067797936499118805
20:05:06,170518.0,-35.3632619,149.16523795,20991.5,-4.0,-6.5,93.5,0.0,-28.0,-1014.5,-1226.0,0.0,2.5,RTL,-0.021280947141349316,0.008126591332256794,2.792044520378113,-1.231252133846283,-0.004493209300562739,-0.0004067856352776289
20:05:08,170518.0,-35.36326175,149.16523834999998,18942.5,-2.5,-3.0,91.5,-0.5,-65.5,-1002.5,-854.5,3.5,5.5,RTL,0.015287044458091259,0.007305993232876062,2.7918163537979126,-0.8576536178588867,-0.0002167029306292534,0.0032037926139310002
20:05:09,216333.0,-35.3632617,149.165238575,18168.25,-3.75,-6.75,94.0,0.75,-60.0,-991.25,-436.5,5.25,-5.0,RTL,0.013971163192763925,0.008124989457428455,2.7918326258659363,-0.4392637312412262,0.0012618315522558987,-0.00862536788918078
20:05:10,216333.0,-35.363262,149.16523769999998,16914.0,-4.0,-4.5,95.0,4.0,-57.5,-957.5,-283.0,7.0,-3.0,RTL,0.004689174995291978,0.009796163532882929,2.7918434143066406,-0.2857375293970108,0.002682036254554987,-0.006291731377132237
20:05:12,216333.0,-35.363263149999995,149.1652342,14883.5,6.0,20.0,98.0,2.5,-72.5,-968.5,-1366.5,-3.0,2.0,RTL,-0.04629217088222504,0.011451244819909334,2.792510747909546,-1.3698928356170654,-0.007452739169821143,-0.0005082909483462572
20:05:14,216333.0,-35.363263149999995,149.16523385,12856.0,11.5,32.5,99.5,0.0,-73.5,-978.0,-1270.0,5.0,-4.0,RTL,-0.030951359309256077,0.0063970445189625025,2.7926764488220215,-1.2727786898612976,0.0009651645086705685,-0.007579112891107798
20:05:15,55679.0,-35.363262975,149.165234475,12103.0,9.75,29.25,91.0,-1.0,-60.0,-1014.5,-526.0,2.75,2.5,RTL,-0.006268089993682224,0.0064164112554863095,2.791680157184601,-0.528305359184742,-0.0010800518793985248,-0.00017416238551959395
20:05:16,55679.0,-35.3632628,149.16523515,11300.0,6.5,21.5,31.0,-2.5,15.0,-1031.5,-234.0,3.0,1.5,RTL,-0.019388927146792412,0.007215945981442928,2.7922027111053467,-0.23820008523762226,-0.0008174320682883263,-0.0008825265103951097
20:05:18,55679.0,-35.3632628,149.16523515,10785.5,5.0,19.0,33.0,0.0,-4.0,-993.0,-509.0,2.5,2.0,RTL,-0.029764271341264248,0.00869076419621706,2.7921600341796875,-0.5131792724132538,-0.0013355370610952377,-0.00020168290939182043
20:05:20,55679.0,-35.3632628,149.16523465,10106.5,6.5,23.5,36.0,0.0,-42.0,-1009.0,-947.0,1.5,0.0,RTL,-0.029062647372484207,0.007390681421384215,2.7922435998916626,-0.9492335617542267,-0.0030601974576711655,-0.0032810396514832973
20:05:21,85941.0,-35.363262825,149.16523469999998,9848.75,6.5,24.25,33.25,-0.25,12.75,-1010.0,8.0,3.5,0.75,RTL,-0.019560906512197107,0.006525239325128496,2.7926573157310486,0.0052770450711250305,0.00013177638174965978,-0.002076756674796343
20:05:22,85941.0,-35.36326255,149.1652354,9428.5,5.5,22.0,35.5,-2.0,-41.0,-988.0,-799.0,-0.5,1.5,RTL,-0.011817128397524357,0.004779496928676963,2.7925392389297485,-0.8005840182304382,-0.00464770570397377,-0.0005811494775116444
20:05:24,85941.0,-35.3632617,149.1652381,8766.5,-1.5,3.0,18.0,-1.5,-17.0,-1057.0,-110.5,4.0,3.5,RTL,0.019004634115844965,0.004209127742797136,2.791907787322998,-0.11162998527288437,0.00024387240409851074,0.0010689207119867206
20:05:26,85941.0,-35.3632613,149.1652396,8831.5,-7.5,-12.5,-2.0,0.0,29.5,-995.0,321.0,6.5,1.0,RTL,0.01669397810474038,0.007181491237133741,2.792070150375366,0.31908459262922406,0.002767617581412196,-0.0009874403476715088
20:05:27,273947.0,-35.3632614,149.16523945,8832.25,-8.0,-14.5,8.5,0.25,-14.0,-970.0,-131.0,3.5,4.0,RTL,0.010664472240023315,0.00831802561879158,2.7921740412712097,-0.13262901455163956,-0.00042269518598914146,0.0017145300807897002
20:05:28,273947.0,-35.3632614,149.1652392,8659.5,-7.0,-13.0,1.5,-0.5,13.5,-1019.5,446.5,4.5,2.0,RTL,0.01834919862449169,0.005830093519762158,2.7923264503479004,0.44469770044088364,0.0009082481265068054,7.504108361899853e-05
20:05:30,273947.0,-35.3632614,149.16523905000003,8680.0,-8.0,-13.0,-0.5,0.0,-23.0,-993.0,-628.0,-0.5,0.5,RTL,-0.0007696474203839898,0.006885388400405645,2.79179584980011,-0.6309702396392822,-0.0041132105980068445,-0.0015500711160711944
20:05:32,273947.0,-35.36326165,149.16523834999998,8680.0,-6.0,-9.0,0.0,0.0,16.0,-1008.0,-140.0,1.5,4.0,RTL,-0.0036594561279343907,0.007522077998146415,2.7924197912216187,-0.1441536247730255,-0.0016994584584608674,0.0020600900752469897
20:05:33,99523.0,-35.3632617,149.1652383,8684.25,-5.25,-7.5,-0.25,0.0,0.5,-995.0,108.5,2.75,2.25,RTL,0.007780343117246957,0.007568073458969593,2.791932702064514,0.10601813299581409,-0.0006582779460586607,-0.00016683843568898737
20:05:34,99523.0,-35.3632617,149.16523834999998,8686.5,-4.5,-7.0,0.5,-0.5,13.0,-990.5,505.0,1.5,1.0,RTL,0.016376415267586708,0.0064959898591041565,2.7925435304641724,0.5032559186220169,-0.0026078810915350914,-0.001424107700586319
20:05:36,99523.0,-35.3632615,149.1652392,8050.0,-7.0,-13.0,38.0,0.0,20.5,-1007.5,744.5,3.5,2.0,RTL,0.025721171870827675,0.006532693514600396,2.792366147041321,0.7420413196086884,-1.3843178749084473e-05,-0.0003992707934230566
20:05:38,99523.0,-35.36326175,149.16523815,7334.5,-7.5,-11.0,32.0,0.5,39.0,-991.0,497.5,4.0,0.5,RTL,-0.0038067683344706893,0.008757057134062052,2.7921547889709473,0.49334829300642014,0.0004349995870143175,-0.0017963647842407227
20:05:39,58635.0,-35.363261949999995,149.165237575,7077.25,-4.5,-5.0,33.75,0.5,-15.5,-992.75,82.75,3.5,2.5,RTL,0.000828316347906366,0.009537117322906852,2.792288899421692,0.08015146106481552,5.111208884045482e-05,0.0002825352130457759
20:05:40,58635.0,-35.3632621,149.16523745,6643.5,-2.0,-1.5,32.5,0.0,21.0,-993.5,-207.5,3.5,2.0,RTL,-0.00876819365657866,0.008205420337617397,2.792433500289917,-0.21253246441483498,0.0003584778169170022,0.00013236090308055282
20:05:42,58635.0,-35.3632621,149.1652374,5961.5,-1.0,0.0,31.5,0.0,-18.5,-993.5,-662.5,1.5,0.5,RTL,-0.013848121743649244,0.008942375425249338,2.7924073934555054,-0.6667359322309494,-0.0017417408525943756,-0.0015977605362422764
20:05:44,58635.0,-35.3632622,149.1652367,5282.0,0.0,4.0,31.0,2.0,-24.0,-1007.0,-854.0,3.0,6.0,RTL,-0.017442261800169945,0.008176778443157673,2.791778802871704,-0.8586018681526184,-0.00025099399499595165,0.0034419784788042307
20:05:45,38574.0,-35.363262399999996,149.165236225,5069.0,0.0,5.75,31.25,2.25,25.25,-1005.5,159.0,4.0,1.0,RTL,-0.016412035562098026,0.00969830364920199,2.792016625404358,0.15444830060005188,0.0006119535537436604,-0.001278740237466991
20:05:46,38574.0,-35.3632627,149.16523515,4735.5,2.5,14.0,31.5,1.5,-18.5,-1003.0,-119.5,3.5,1.0,RTL,-0.019772388506680727,0.009980550035834312,2.7920974493026733,-0.12201488018035889,0.0007023065118119121,-0.0015860985731706023
20:05:48,38574.0,-35.363263,149.1652342,4057.0,7.5,25.0,32.5,-1.0,-8.5,-1001.0,5.5,-0.5,4.5,RTL,-0.017164947232231498,0.00720551167614758,2.7923741340637207,0.0036188066005706787,-0.003912941669113934,0.0022942215437069535
20:05:50,38574.0,-35.3632627,149.16523505,3386.5,6.5,24.0,32.5,-0.5,11.0,-987.5,188.0,0.5,1.5,RTL,-0.00743274693377316,0.0058654299937188625,2.7925320863723755,0.18537431955337524,-0.003341132076457143,-0.0007730325451120734
20:05:51,29961.0,-35.363262425,149.165236025,3052.25,4.5,17.5,33.75,-1.5,-2.5,-986.25,-456.0,1.25,-1.25,RTL,-0.008532418054528534,0.005079347873106599,2.7923771142959595,-0.45925155468285084,-0.002645230124471709,-0.0036095819086767733
20:05:52,29961.0,-35.3632621,149.165237,2709.5,1.0,10.0,33.0,-2.0,13.0,-993.5,381.0,2.5,1.5,RTL,0.010329305194318295,0.00524806440807879,2.792361259460449,0.37894787662662566,-0.00048192194662988186,-0.0009798048995435238
20:05:54,29961.0,-35.363261949999995,149.1652377,2028.0,-2.5,0.0,33.0,0.0,11.5,-997.5,274.0,6.0,2.5,RTL,0.0016631907783448696,0.008944230154156685,2.792261242866516,0.27224323339760303,0.0033445791341364384,0.0006809306796640158
20:05:56,29961.0,-35.3632623,149.16523675000002,1348.5,0.0,4.0,32.5,0.0,31.5,-1003.0,467.5,2.0,1.0,RTL,-0.00411686091683805,0.008168064057826996,2.792392373085022,0.46464911103248596,-0.001083491719327867,-0.00163664435967803
20:05:57,92215.0,-35.363262275000004,149.16523685,1009.0,1.0,6.75,33.75,-0.75,-8.5,-993.0,158.75,3.75,1.25,RTL,0.004088482935912907,0.007001843303442001,2.7921339869499207,0.15819141827523708,0.0006956810830160975,-0.0010873700375668705
20:05:58,92215.0,-35.36326205,149.1652375,672.0,-0.5,2.5,32.5,-0.5,14.5,-1001.5,65.5,3.0,0.5,RTL,0.0023039886727929115,0.007036932744085789,2.7924190759658813,0.06323719024658203,-0.0001544066471979022,-0.001329973922111094
20:06:00,92215.0,-35.3632619,149.16523755,92.5,-6.5,-20.5,16.0,-0.5,-4.0,-988.5,-393.0,3.0,-0.5,RTL,0.007006701081991196,0.009250701637938619,2.7910083532333374,-0.39507652580505237,6.402644794434309e-05,-0.00267957232426852
20:06:02,92215.0,-35.3632621,149.16523660000001,63.5,-7.5,-24.0,-1.5,0.0,0.0,-1000.0,1.0,1.0,1.0,RTL,0.008831691928207874,0.008238285314291716,2.7888383865356445,-0.0008900044485926628,-0.0017393066082149744,-0.0005341304349713027
20:06:03,77442.0,-35.363262025,149.165237025,63.5,-6.25,-13.75,-1.0,0.0,0.0,-1000.0,1.25,1.0,1.0,RTL,0.003917807131074369,0.0063360853819176555,2.7879897952079773,-0.0010963045060634613,-0.0017925883876159787,-0.0005671705584973097
20:06:04,77442.0,-35.363262,149.16523755,54.0,-6.0,-4.5,-1.0,0.0,0.0,-1000.0,1.0,1.0,1.5,RTL,0.0002122321748174727,0.00485754176042974,2.786998987197876,-0.0011938715470023453,-0.0017523507121950388,-0.0006063275504857302
20:06:06,77442.0,-35.363262,149.16523875000001,37.0,-5.5,7.5,0.0,0.0,0.0,-1000.0,1.0,1.0,1.0,RTL,-0.004131584311835468,0.003290420165285468,2.7855687141418457,-0.0014062676928006113,-0.0017334985313937068,-0.0005680674803443253
20:06:08,77442.0,-35.363262,149.16523940000002,28.5,-5.5,11.5,0.0,0.0,0.0,-1000.0,1.5,1.5,1.0,RTL,-0.0051877659279853106,0.0028463545022532344,2.784420609474182,-0.0013008923851884902,-0.0015711670275777578,-0.0006419374258257449
