time_stamp,RTL_ALT,roll,pitch,yaw,rollspeed,pitchspeed,yawspeed,lat,lon,relative_alt,vx,vy,vz,xacc,yacc,zacc,xgyro,ygyro,zgyro,MODE
10:01:05,136627.0,-0.0007399507449008524,0.0009667281410656869,0.022432291880249977,0.0003225641848985106,0.0002874858910217881,0.0015730948653072119,-35.3632622,149.1652375,1.5,-1.0,1.0,0.0,0.0,1.0,-1000.0,1.0,1.0,0.0,AUTO
10:01:07,271754.0,-0.0004099299985682592,0.0012444772874005139,0.02188496571034193,0.00031993063748814166,0.00032585737062618136,0.0014902441762387753,-35.3632621,149.1652375,0.0,0.0,0.0,0.0,0.0,1.0,-1000.0,0.5,1.0,1.0,AUTO
10:01:08,167992.0,-0.00016912708269956056,0.0015338565863203257,0.021576182451099157,0.00030154331761877984,0.0002947107277577743,0.0014742582861799747,-35.3632621,149.1652375,0.0,0.0,0.0,0.0,0.0,1.5,-1000.0,0.0,0.0,0.5,AUTO
10:01:09,167992.0,0.001628474114340861,0.0009282387982239015,0.02136252634227276,0.0017479170055594295,0.0023918687948025763,0.0020577525720000267,-35.3632621,149.1652375,92.5,0.0,0.0,-35.0,0.0,0.5,-1065.0,1.5,3.0,1.0,AUTO
10:01:11,105291.5,0.048270246013998985,-0.006012790487147868,0.005929316859692335,0.016156830824911594,0.007649456616491079,-0.019384228507988155,-35.363261800000004,149.1652387,2328.5,4.5,27.0,-147.0,0.5,-4.0,-999.5,17.0,8.0,-20.0,AUTO
10:01:13,42591.0,-0.058593014255166054,5.628261715173721e-05,-0.08770940825343132,-0.011230584233999252,-0.027687144960509613,-0.005283418926410377,-35.36326105,149.1652457,5378.0,-3.5,-3.0,-148.0,2.0,-2.0,-1001.0,-11.0,-26.5,-5.0,AUTO
10:01:14,125260.0,-0.028872312628664076,-0.007934229332022369,-0.08828178234398365,0.062400028109550476,0.009373113396577537,0.0014572316576959565,-35.36326125,149.165242525,6917.0,-0.25,-52.75,-148.75,-6.0,10.5,-1001.5,62.25,9.25,0.75,AUTO
10:01:15,125260.0,0.03492034785449505,0.004255323074175976,-0.08600405231118202,0.06301865912973881,0.010287543293088675,0.004384099622257054,-35.363261449999996,149.16523665,8469.5,-3.0,-40.0,-152.0,-5.0,10.0,-1003.0,63.0,10.5,3.5,AUTO
10:01:17,137497.0,-0.005942473653703928,-0.0042362629901617765,-0.09257590025663376,-0.02468682560720481,-0.00460057076998055,-0.01390904770232737,-35.36326245,149.16523575000002,11568.5,-2.5,14.0,-150.0,2.0,-2.0,-1001.5,-24.0,-4.0,-14.0,AUTO
10:01:19,149734.0,0.005035869660787284,0.0030195342551451176,-0.1378147229552269,0.009692282881587744,0.006585631752386689,-0.019288706593215466,-35.36326205,149.16523595,14682.5,3.0,-4.0,-152.0,-2.0,0.0,-1000.0,9.5,7.0,-19.5,AUTO
10:01:20,172583.0,0.009459349093958735,0.006659266073256731,-0.15541629493236542,0.0007443122303811833,0.0017204039177158847,-0.015634048264473677,-35.363261699999995,149.16523545,16243.0,0.25,0.75,-152.0,-0.5,0.0,-999.5,1.0,2.0,-15.5,AUTO
10:01:21,172583.0,0.00712129520252347,0.00579800340346992,-0.1695292964577675,-0.0035358291352167726,4.209426697343588e-05,-0.015916939359158278,-35.3632616,149.1652355,17800.5,-1.5,5.0,-152.0,0.0,0.0,-999.5,-2.0,0.5,-16.0,AUTO
10:01:23,170487.5,-0.02610214671585709,0.013263848144561052,-0.04632985591888428,0.058360517024993896,-0.040206022560596466,0.15621719881892204,-35.36326235,149.16523460000002,20836.0,-20.5,-23.0,-133.5,1.5,5.0,-968.0,59.0,-39.0,156.0,AUTO
10:01:25,168392.0,0.03563594352453947,-0.018252124544233084,0.05559561215341091,-0.031200315803289413,0.032177962362766266,-0.003856425522826612,-35.3632643,149.1652328,22832.5,11.0,29.5,-64.0,0.0,-6.0,-974.0,-30.0,32.5,-4.5,AUTO
10:01:26,289613.0,0.0010109457653015852,0.008637279621325433,0.05233197845518589,-0.02278726955410093,0.016272857203148305,-0.0006486001730081625,-35.3632628,149.16523635000001,23370.5,16.5,35.0,-40.5,0.0,-8.75,-976.75,-21.75,17.0,-0.75,AUTO
10:01:27,289613.0,-0.010052574332803488,0.013568663038313389,0.049202512949705124,-0.0021417211391963065,-0.0015007152687758207,-0.003226821485441178,-35.3632616,149.1652391,23647.0,7.0,18.0,-15.0,0.0,-5.0,-970.0,-1.0,-0.5,-3.0,AUTO
10:01:29,165140.0,-0.020003756508231163,-0.045349701307713985,0.03937559016048908,0.18137259408831596,-0.03523186594247818,-0.03787770867347717,-35.363260499999996,149.16523660000001,23472.0,20.0,-37.0,5.5,-9.5,-2.5,-1015.0,181.5,-34.0,-37.5,AUTO
10:01:31,40667.0,0.028512634336948395,-0.12429790571331978,-0.701052725315094,-0.11565778031945229,-0.04807845503091812,-0.004973419010639191,-35.36324845,149.1652211,23439.5,128.0,-106.5,-2.0,-36.0,-29.5,-999.0,-114.0,-46.5,-5.0,AUTO
10:01:32,227164.0,0.03453535679727793,-0.16455728188157082,-0.6599166542291641,0.1003008633852005,-0.018244871636852622,0.008574572624638677,-35.363234475,149.16520649999998,23440.25,204.5,-167.25,-1.0,-54.5,-29.25,-1005.0,101.5,-17.25,8.5,AUTO
10:01:33,227164.0,0.038892822340130806,-0.1790815368294716,-0.6656153202056885,-0.07664204202592373,-0.016940499655902386,-0.00031629338627681136,-35.36321065,149.1651822,23441.5,290.0,-239.5,-1.5,-78.0,-53.0,-1003.0,-75.0,-15.5,-0.5,AUTO
10:01:35,191018.0,0.0660545639693737,-0.1871376559138298,-0.6733092963695526,-0.014620015397667885,0.03829698637127876,-0.0013133725296938792,-35.36314285,149.1651122,23470.0,445.0,-369.5,-5.5,-117.0,-66.0,-1002.5,-13.5,38.5,-1.0,AUTO
10:01:37,154872.0,0.07382011413574219,-0.14491349458694458,-0.6754069626331329,-0.04496351710986346,0.026259861420840025,-0.0013970422951388173,-35.3630555,149.16502295,23635.0,510.5,-425.0,-9.0,-138.0,-74.5,-994.5,-43.5,26.5,-1.0,AUTO
10:01:38,144573.0,0.07575028203427792,-0.12854553759098053,-0.6769842058420181,0.009914322290569544,0.009629459236748517,-0.0034029155522148358,-35.363009375,149.16497585000002,23712.75,514.0,-427.5,-5.75,-123.75,-73.25,-977.5,11.0,10.75,-3.0,AUTO
10:01:39,144573.0,0.07940253615379333,-0.09769313037395477,-0.6780541837215424,-0.01972000696696341,0.04888309724628925,-0.0025044181384146214,-35.3629634,149.16492879999998,23762.0,502.5,-418.5,-5.5,-134.0,-69.5,-994.0,-18.0,49.5,-1.5,AUTO
10:01:41,101512.5,0.0711851567029953,-6.694439798593521e-05,-0.6784175038337708,0.1909802109003067,0.05532898008823395,-0.012873991392552853,-35.3628807,149.16484465,23878.5,398.0,-330.0,-1.5,-107.0,-61.5,-995.0,192.0,56.0,-12.5,AUTO
10:01:43,58452.0,0.04129823390394449,0.058806344866752625,-0.6785221993923187,0.04452529549598694,0.015364699997007847,-0.002372524351812899,-35.3628245,149.16478819999998,23836.5,221.0,-179.5,3.0,-62.0,-33.5,-1011.5,46.0,16.0,-2.0,AUTO
10:01:44,246390.0,0.02884869696572423,0.07728136703372002,-0.679167851805687,0.10336168110370636,0.005756338243372738,-0.0036928499102941714,-35.36280825,149.164771875,23815.75,135.0,-108.75,1.0,-34.75,-20.0,-1002.75,104.0,6.25,-3.5,AUTO
10:01:45,246390.0,0.015350522939115763,0.058231888338923454,-0.6805828213691711,-0.21600201725959778,-0.030797372572124004,-0.0018558136944193393,-35.36279985,149.1647633,23806.0,65.0,-50.5,0.5,-16.0,-27.0,-1001.5,-215.0,-29.5,-2.0,AUTO
10:01:47,211031.0,0.002299280371516943,0.011473661303170957,-0.6837431192398071,0.00690072774887085,-0.027653303928673267,0.0013575423799920827,-35.3627958,149.1647592,23812.0,0.5,-1.0,0.0,-0.5,-7.0,-1006.0,7.5,-26.5,1.0,AUTO
10:01:49,175672.0,0.011726251803338528,-0.002402678714133799,-0.6855354905128479,-0.02787463366985321,0.006265177158638835,-0.0006463629833888263,-35.362797,149.16475865,23903.5,5.5,1.0,-18.0,0.0,-9.0,-1030.0,-27.0,6.5,0.0,RTL
10:01:50,199002.0,0.0014235599774110597,0.0007226915113278665,-0.6862928867340088,-0.04252969566732645,0.0010786813800223172,-0.0004052344520459883,-35.362796975,149.164758775,24290.5,5.75,2.0,-62.25,0.0,-3.25,-1051.0,-40.75,1.75,0.0,RTL
10:01:51,199002.0,-0.0016253346111625433,0.0005052741180406883,-0.6868658363819122,-0.01700588082894683,0.0010362329776398838,0.0007027974352240562,-35.36279675,149.1647591,25210.5,3.0,0.5,-114.5,0.0,-0.5,-1042.5,-15.0,1.5,0.5,RTL
10:01:53,223546.5,0.0321723148226738,0.007334899855777621,-0.7047120630741119,-0.06855264492332935,0.021278361324220896,-0.04007015307433903,-35.3627949,149.16476085,28100.0,29.5,24.0,-147.0,1.5,-8.0,-997.0,-67.0,22.5,-39.5,RTL
10:01:55,248091.0,-0.050679855048656464,0.0036836088402196765,-0.7686664462089539,0.055300330743193626,0.0030204348731786013,-0.009433084866032004,-35.36279285,149.16476285,31157.5,-31.0,-26.5,-149.0,-4.0,6.0,-1001.5,56.0,3.5,-8.0,RTL
10:01:56,82520.0,0.012092577933799475,0.01037251006346196,-0.7719086706638336,0.0656115785241127,0.00856710725929588,0.0010797459399327636,-35.362796275,149.16475915,32715.5,-45.0,-28.75,-151.25,-5.75,10.75,-1003.0,67.0,9.0,1.5,RTL
10:01:57,82520.0,0.043361127376556396,-0.01656549796462059,-0.7412879467010498,-0.014995314180850983,-0.024379906710237265,0.04104387667030096,-35.362798999999995,149.16475755,34278.0,-16.0,2.5,-151.5,0.5,4.5,-997.5,-13.5,-23.0,41.0,RTL
10:01:59,74301.5,-0.009609474567696452,0.013521185610443354,-0.7852085828781128,0.014141100225970149,0.015520143788307905,-0.04098974820226431,-35.36279705,149.1647566,37379.0,7.0,-9.5,-151.5,-3.5,-2.0,-1001.5,15.0,16.0,-40.0,RTL
10:02:01,66083.0,0.006820370210334659,0.01013423502445221,-0.8195285797119141,-0.006451815832406282,-0.0070456694811582565,-0.0077697631204500794,-35.362796849999995,149.16475575,40498.5,-5.0,10.5,-152.0,1.0,0.0,-999.5,-4.5,-5.5,-6.5,RTL
10:02:02,2266.0,0.0002436476934235543,0.0025938141625374556,-0.8317524045705795,-0.004865962197072804,-0.004697366792242974,-0.016751773422583938,-35.362797,149.16475674999998,42064.25,-3.0,12.5,-152.0,1.75,0.0,-1000.0,-3.0,-3.0,-15.5,RTL
10:02:03,2266.0,-0.0015344292623922229,0.00013378661242313683,-0.8532304465770721,0.001622354961000383,0.000913893774850294,-0.023464737460017204,-35.362797,149.1647576,43623.0,-1.5,8.0,-152.0,0.5,0.0,-1000.0,2.5,1.5,-22.0,RTL
10:02:05,108775.0,0.0019981241202913225,0.003715939703397453,-0.9042576253414154,0.0020600396674126387,0.0030448284232988954,-0.02338378317654133,-35.3627971,149.16475805,46743.5,0.0,3.0,-152.0,0.0,0.0,-1000.0,3.0,3.5,-22.0,RTL
10:02:07,215284.0,0.000325337408867199,0.003509096335619688,-0.9467039704322815,-0.0024914712994359434,9.985759970732033e-05,-0.01972111314535141,-35.362796849999995,149.16475839999998,49859.0,0.0,4.0,-152.5,0.0,0.0,-1000.0,-1.0,1.0,-18.5,RTL
10:02:08,261567.0,0.0004121741221752018,0.004041196662001312,-0.9657919108867645,0.004025396337965503,0.0033661507768556476,-0.012214461457915604,-35.3627968,149.16475855000002,51420.75,-0.75,3.25,-152.5,0.0,0.0,-999.75,5.25,4.5,-11.0,RTL
10:02:09,261567.0,0.003390186233446002,0.005466211587190628,-0.9600224792957306,0.001749247603584081,0.0006260991212911904,0.01991329248994589,-35.36279675,149.16475875,52973.0,-0.5,5.5,-152.0,0.0,0.0,-1000.0,3.0,2.0,20.0,RTL
10:02:11,232761.0,-0.000646320404484868,0.0016920339548960328,-0.9108074307441711,-0.0005676645669154823,-0.000171887397300452,0.022125170566141605,-35.3627966,149.16475954999999,56074.0,0.0,4.0,-152.0,0.0,0.0,-1000.5,1.0,1.0,22.5,RTL
10:02:13,203955.0,0.0007299938006326556,0.0017570581403560936,-0.8721538782119751,0.0007049132254905999,0.0012614575098268688,0.017131082247942686,-35.3627966,149.16475965,59176.0,0.0,0.5,-152.0,0.0,0.0,-1000.0,2.0,2.5,18.0,RTL
10:02:14,155644.0,0.0013762164453510195,0.002165756595786661,-0.8567360490560532,0.00036775320768356323,0.0006894178513903171,0.015472215600311756,-35.3627966,149.16475947499998,60729.0,0.0,0.0,-152.0,0.0,0.0,-1000.0,1.5,1.5,16.0,RTL
10:02:15,155644.0,0.0016906119417399168,0.0026033903704956174,-0.8435862064361572,-0.0006310677854344249,0.0008617682033218443,0.013056451920419931,-35.3627966,149.16475924999997,62281.0,0.0,0.5,-152.0,0.0,0.0,-1000.0,1.0,1.5,13.5,RTL
10:02:17,152400.0,0.0020792807918041945,0.002482576994225383,-0.822557806968689,-0.0005791035364381969,-0.00016313319792971015,0.008329616161063313,-35.3627966,149.16475905,65390.0,0.0,1.5,-152.0,0.0,0.0,-1000.0,0.5,0.5,9.0,RTL
10:02:19,149156.0,0.0015773072373121977,0.002227904973551631,-0.8063202202320099,-0.00016691844211891294,-0.0008671215909998864,0.009441445115953684,-35.3627966,149.1647589,68495.0,0.0,2.0,-152.0,0.0,0.0,-1000.0,1.0,0.5,10.0,RTL
10:02:20,84881.0,0.0015091225504875183,0.0023224660544656217,-0.7993629276752472,-0.0007349011721089482,0.00037114162114448845,0.0074372581439092755,-35.3627966,149.1647589,70051.25,0.0,2.0,-152.0,0.0,0.0,-1000.25,0.5,1.25,8.0,RTL
10:02:21,84881.0,0.0015225380775518715,0.0021922066807746887,-0.7931071221828461,-0.0005221740575507283,0.0013557768543250859,0.00668188463896513,-35.3627966,149.1647589,71603.5,0.0,1.5,-152.0,0.0,0.0,-999.5,0.5,2.5,7.5,RTL
10:02:23,71394.5,0.0017004570690914989,0.002294038189575076,-0.7819139063358307,-0.0005766942631453276,-0.0002949617337435484,0.006218368653208017,-35.3627966,149.1647589,74708.0,0.0,1.5,-152.0,0.0,0.0,-1000.0,0.5,0.5,7.0,RTL
10:02:25,57908.0,0.0016789738438092172,0.0020884100813418627,-0.7713561356067657,0.0011136491084471345,0.0012169487308710814,0.006526437355205417,-35.3627966,149.1647589,77817.0,0.0,1.5,-152.0,0.0,0.0,-1000.5,2.5,2.0,7.5,RTL
10:02:26,115351.0,0.0016550699365325272,0.002198168484028429,-0.767125591635704,0.00013119273353368044,0.00048045755829662085,0.006128172040916979,-35.3627966,149.1647589,79373.75,0.0,1.75,-152.0,0.0,0.0,-1000.0,1.75,1.75,6.75,RTL
10:02:27,115351.0,0.0018381989211775362,0.0021423546131700277,-0.762734979391098,-4.658882971853018e-05,0.0012611433048732579,0.006669554160907865,-35.3627966,149.1647589,80923.5,0.0,1.0,-152.0,0.0,0.0,-1000.0,1.5,2.5,7.5,RTL
10:02:29,95088.5,0.0017704871133901179,0.0021467366022989154,-0.755460262298584,-0.0002386441919952631,0.0010621561668813229,0.004000260727480054,-35.3627966,149.1647589,84029.5,0.0,2.0,-152.0,0.0,0.0,-999.5,1.0,2.5,4.5,RTL
10:02:31,74826.0,0.0016971397562883794,0.0020750020630657673,-0.7489380836486816,0.0005404937546700239,0.000533274665940553,0.0029230021173134446,-35.3627966,149.1647589,87131.5,0.0,2.0,-152.0,0.0,0.0,-1000.5,2.0,2.0,4.0,RTL
10:02:32,145828.0,0.0017757884052116424,0.002059725549770519,-0.7459276616573334,0.0010775362025015056,0.001300852745771408,0.0038568241288885474,-35.3627966,149.1647589,88684.75,0.0,1.25,-152.0,0.0,0.0,-999.75,2.5,2.5,4.75,RTL
10:02:33,145828.0,0.0017095221555791795,0.002063494874164462,-0.7433499991893768,0.0009821576531976461,0.00029656814876943827,0.0016997192869894207,-35.3627966,149.1647589,90237.0,0.0,1.5,-152.0,0.0,0.0,-1000.5,2.5,1.5,2.5,RTL
10:02:35,201406.0,0.002457502647303045,0.0016125034890137613,-0.7385581135749817,0.0003278388176113367,0.0009529425296932459,0.0031186083797365427,-35.36279665,149.1647589,93346.0,0.0,1.5,-152.0,0.0,0.0,-999.5,2.0,2.0,4.0,RTL
10:02:37,256984.0,0.00161059940000996,0.0026131580816581845,-0.7341103553771973,0.0015646721003577113,0.0010007211822085083,0.0045258908066898584,-35.3627967,149.1647588,96452.5,0.0,2.0,-152.0,0.0,0.0,-1000.0,3.0,2.5,6.0,RTL
10:02:38,142728.0,0.0012597805180121213,0.0025188755826093256,-0.7320253401994705,5.927332676947117e-05,-0.0005671288236044347,0.003460178180830553,-35.36279665,149.1647588,98008.0,0.0,2.0,-152.0,0.0,0.0,-999.75,1.25,0.75,4.5,RTL
10:02:39,142728.0,0.0011312103597447276,0.0022897316375747323,-0.7303094267845154,0.0011479544336907566,0.0010024620569311082,0.0018723331741057336,-35.3627966,149.1647588,99561.0,0.0,1.5,-152.0,0.0,0.0,-1000.0,2.5,2.5,3.0,RTL
10:02:41,172720.5,0.0019165925914421678,0.0016791432863101363,-0.7263700067996979,0.0013293134397827089,-0.00031015818240121007,0.0021577616571448743,-35.3627966,149.1647588,102666.5,0.0,1.0,-152.0,0.0,0.0,-1000.0,3.0,1.0,3.5,RTL
10:02:43,202713.0,0.0023664560867473483,0.001530845242086798,-0.7234460413455963,-0.0005232944968156517,0.00020964554278180003,0.0013414255226962268,-35.3627967,149.1647588,105772.5,0.0,1.0,-152.0,0.0,0.0,-1000.0,1.0,1.5,2.5,RTL
10:02:44,275650.0,0.0020244578481651843,0.0018735523044597358,-0.722318708896637,-0.0010306852345820516,0.0004217492532916367,0.0002567835326772183,-35.3627967,149.1647588,107328.25,0.0,1.0,-152.0,0.0,0.0,-1000.25,1.0,1.75,1.25,RTL
10:02:45,275650.0,0.0015863716835156083,0.0023861186346039176,-0.7210758328437805,-0.00015607592649757862,0.001387768192216754,0.0017940258840098977,-35.3627967,149.1647588,108885.0,0.0,1.0,-152.0,0.0,0.0,-1000.0,1.5,3.0,3.0,RTL
10:02:47,263106.0,0.0017306446679867804,0.002091613248921931,-0.7189419865608215,0.0006691017770208418,-0.0006057771970517933,0.001382944406941533,-35.3627967,149.1647588,111987.5,0.0,1.0,-152.0,0.0,0.0,-1000.5,2.5,1.0,2.5,RTL
10:02:49,250562.0,0.001605347904842347,0.002038057951722294,-0.7172684967517853,0.0005910072941333055,0.0003810691414400935,0.0034068255918100476,-35.3627967,149.1647588,115095.0,0.0,1.5,-152.0,0.0,0.0,-999.5,2.5,2.0,5.0,RTL
10:02:50,114370.0,0.0017654393741395324,0.0020829786953981966,-0.7162353098392487,0.0003119356115348637,-1.6194419004023075e-05,0.0012739080702885985,-35.3627967,149.1647588,116653.5,0.0,1.25,-152.0,0.0,0.0,-1000.0,1.75,1.5,2.5,RTL
10:02:51,114370.0,0.0016884571523405612,0.00202322646509856,-0.7154884934425354,0.0014260722091421485,0.0008138266857713461,0.0015202334034256637,-35.3627967,149.1647588,118208.5,0.0,1.5,-152.0,0.0,0.0,-1000.0,3.0,2.5,2.5,RTL
10:02:53,143882.0,0.0017305421060882509,0.0021213446743786335,-0.7140778303146362,0.0008595478720963001,0.0006052147364243865,0.002109532884787768,-35.3627967,149.1647588,121315.5,0.0,2.0,-152.0,0.0,0.0,-1000.0,2.5,2.5,4.0,RTL
10:02:55,173394.0,0.0023839949863031507,0.0014463993138633668,-0.7129553258419037,0.002267640084028244,0.000629683374427259,0.0030421153642237186,-35.3627967,149.1647588,124421.5,0.0,1.0,-152.0,0.0,0.0,-1000.0,4.0,2.0,4.5,RTL
10:02:56,152177.0,0.0018260329961776733,0.002135604590876028,-0.711719423532486,0.0008205757476389408,0.0009511609678156674,0.0024601953045930713,-35.3627967,149.1647588,125974.0,0.0,1.0,-152.0,0.0,0.0,-1000.0,2.5,2.5,3.75,RTL
10:02:57,152177.0,0.0016093027079477906,0.0023364502703770995,-0.7111029624938965,0.0037287737941369414,0.0012857092078775167,0.0025230884784832597,-35.3627967,149.1647588,127527.0,0.0,1.0,-152.0,0.0,0.0,-1000.0,5.5,3.0,4.0,RTL
10:02:59,110804.5,0.0016025121440179646,0.0019720132113434374,-0.7100323438644409,0.001134540420025587,0.000552755082026124,0.0020458617946133018,-35.3627967,149.1647588,130636.0,0.0,1.5,-152.0,0.0,0.0,-999.5,3.0,2.5,3.5,RTL
10:03:01,69432.0,0.0017059453530237079,0.00213858881033957,-0.709497720003128,-0.00043253827607259154,0.0008589985081925988,0.0013233051868155599,-35.3627967,149.1647588,133740.5,0.0,1.0,-152.0,0.0,0.0,-1000.0,1.0,2.5,2.5,RTL
10:03:02,107739.0,0.001568482373841107,0.002035269746556878,-0.709360659122467,-0.00012348266318440437,-0.0003911328676622361,0.0011757504544220865,-35.3627967,149.1647588,135294.0,0.0,1.0,-152.0,0.0,0.0,-1000.0,1.75,1.25,2.75,RTL
10:03:03,107739.0,0.0015379833639599383,0.0018530613742768764,-0.7088518440723419,0.0022006052313372493,0.0004316616104915738,0.0008117965189740062,-35.3627967,149.16475885,136846.5,0.0,1.0,-152.0,0.0,0.0,-1000.5,4.0,2.5,2.0,RTL
10:03:05,103118.0,0.0019116950570605695,0.0015786047442816198,-0.708420068025589,0.0020716999424621463,-3.81499994546175e-05,0.0002350361319258809,-35.3627967,149.1647588,139957.5,0.0,1.0,-152.0,0.0,0.0,-1000.0,4.0,2.0,1.5,RTL
10:03:07,98497.0,0.0021256644977256656,0.0021135001443326473,-0.7078802287578583,-9.056832641363144e-05,0.00023022072855383158,-0.00010477681644260883,-35.3627967,149.1647588,143064.0,0.0,1.5,-152.0,0.0,0.0,-1000.5,2.0,2.0,1.5,RTL
10:03:08,60721.0,0.001710744807496667,0.002416075498331338,-0.7076244205236435,0.00014788866974413395,0.0006704250699840486,0.0006865818577352911,-35.3627967,149.1647588,144625.0,0.0,2.0,-152.0,0.0,0.0,-999.75,2.0,2.75,2.25,RTL
10:03:09,60721.0,0.0012730088783428073,0.0028025340288877487,-0.7075939178466797,0.0012408904731273651,0.0015738841611891985,0.0007095930632203817,-35.3627967,149.1647588,145596.0,0.0,2.0,-152.0,0.0,0.0,-999.0,3.0,3.0,3.0,RTL
10:03:11,144136.5,0.0016709768678992987,0.00209041585912928,-0.7069926261901855,-0.00016509636770933867,-0.0008734047878533602,0.0004413760034367442,-35.3627967,149.1647588,149285.5,0.0,1.5,-152.0,0.0,0.0,-1000.0,1.5,1.0,2.0,RTL
10:03:13,227552.0,0.0016830553067848086,0.0020726253278553486,-0.7059758305549622,-0.0004758931463584304,0.0003787559689953923,0.0006980919279158115,-35.3627967,149.1647588,152390.5,0.0,1.0,-152.0,0.0,0.0,-999.5,1.5,2.5,2.5,RTL
10:03:14,87106.0,0.0018628848774824291,0.001855387818068266,-0.7059615403413773,0.0006847508484497666,-0.0008032279729377478,-0.00023792582214809954,-35.3627967,149.1647588,153945.0,0.0,1.0,-152.0,0.0,0.0,-1000.5,2.75,1.25,1.75,RTL
10:03:15,87106.0,0.0022896029986441135,0.001501363585703075,-0.7060054540634155,0.0013623039703816175,-0.0005898909876123071,-0.0009892780799418688,-35.3627967,149.1647588,154916.0,0.0,1.0,-152.0,0.0,0.0,-1000.0,3.0,1.0,1.0,RTL
10:03:17,54796.5,0.001781302911695093,0.0020838479977101088,-0.705719918012619,0.0002345170360058546,0.0011899678502231836,0.0008650928502902389,-35.3627967,149.1647588,158606.5,0.0,1.0,-152.0,0.0,0.0,-1000.0,5.0,2.0,2.0,RTL
10:03:19,22487.0,0.001390961348079145,0.0023601161083206534,-0.705401599407196,0.0003981153713539243,-0.0020033182809129357,0.0013280481798574328,-35.3627967,149.1647588,161713.0,0.0,1.5,-152.0,0.0,0.0,-1000.0,2.5,0.5,3.0,RTL
10:03:20,48219.0,0.0012744975392706692,0.001766501140082255,-0.7054606974124908,0.0004968993598595262,-7.541169179603457e-05,0.0013893665163777769,-35.3627967,149.16475887500002,163263.5,0.0,1.25,-152.0,0.0,0.0,-999.75,2.5,1.75,3.25,RTL
10:03:21,48219.0,0.0014654704136773944,0.0019097221666015685,-0.7052956819534302,-0.00022000051103532314,0.00013529963325709105,-8.648762013763189e-05,-35.3627967,149.1647589,164817.5,0.0,1.0,-152.0,0.0,0.0,-1000.0,3.0,2.0,3.0,RTL
10:03:23,61408.5,0.0017268917290493846,0.002044300315901637,-0.7052620649337769,0.0014858285430818796,0.0001320168375968933,0.0015889299102127552,-35.3627967,149.1647589,167341.0,0.0,1.0,-152.0,0.0,0.0,-1000.0,3.0,2.0,3.0,RTL
10:03:25,74598.0,0.002431867877021432,0.0015555296558886766,-0.7054132223129272,0.0008337348699569702,0.00015455344691872597,0.002976221265271306,-35.3627967,149.1647589,170452.0,0.0,2.0,-152.0,0.0,0.0,-1000.0,3.0,2.0,5.0,RTL
10:03:26,219366.0,0.001998500875197351,0.0019592488184571265,-0.705087685585022,-6.189476698637009e-05,0.00039114621467888354,-2.0169047638773917e-05,-35.3627967,149.1647589,172393.0,0.0,2.0,-152.0,0.0,0.0,-999.8,2.0,2.4,2.0,RTL
10:03:27,219366.0,0.0019685381557792425,0.0020715619903057814,-0.7050336003303528,0.0004039364866912365,-0.0003770992625504732,-0.0020636613480746746,-35.3627967,149.1647589,173558.0,0.0,2.0,-152.0,0.0,0.0,-1000.0,3.0,2.0,0.0,RTL
10:03:29,154382.5,0.001610271167010069,0.0023679094156250358,-0.704325795173645,0.0006138762691989541,-0.0011638680007308722,0.00020179012790322304,-35.3627967,149.1647589,177250.0,0.0,2.0,-152.0,0.0,0.0,-1000.0,3.0,1.0,2.0,RTL
10:03:31,89399.0,0.0017362821381539106,0.002131708199158311,-0.7045020461082458,0.00018402421846985817,-8.932920172810555e-05,-0.001999060856178403,-35.3627967,149.1647589,179778.0,0.0,2.0,-152.0,0.0,0.0,-1001.0,3.0,2.0,0.0,RTL
10:03:32,73521.0,0.0017629850888624787,0.001992320758290589,-0.7043183803558349,7.28885643184185e-05,-0.00037846770137548444,0.00031471909023821353,-35.3627967,149.1647589,181719.6,0.0,1.8,-152.0,0.0,0.0,-1000.2,2.4,2.0,2.4,RTL
10:03:33,73521.0,0.002257960382848978,0.0014705279609188437,-0.704592227935791,0.00037983059883117676,0.0007265249732881784,-0.0015397433890029788,-35.3627967,149.1647589,182884.0,0.0,1.0,-152.0,0.0,0.0,-1000.0,3.0,3.0,0.0,RTL
10:03:35,170468.0,0.0019251928897574544,0.002028821501880884,-0.7045738697052002,0.001741220010444522,0.001198711572214961,0.000236056512221694,-35.3627967,149.1647589,185991.0,0.0,1.0,-152.0,0.0,0.0,-1000.0,4.0,3.0,2.0,RTL
10:03:37,267415.0,0.0013759721769019961,0.0026824665255844593,-0.7044249176979065,0.0023836863692849874,-3.2590003684163094e-05,-0.0009559690952301025,-35.3627967,149.1647589,189101.0,0.0,1.0,-152.0,0.0,0.0,-1001.0,4.0,2.0,1.0,RTL
10:03:38,74301.0,0.001308576879091561,0.0022158444626256824,-0.7043581604957581,0.0010177666787058114,-0.00043235805351287125,-0.0002315908670425415,-35.3627967,149.1647589,191038.6,0.0,1.6,-152.0,0.0,0.0,-1000.2,3.4,1.8,1.8,RTL
10:03:39,74301.0,0.0012896489351987839,0.0019016667502000928,-0.7046535611152649,0.0001609607134014368,-0.0013174153864383698,0.0002250554971396923,-35.3627967,149.1647589,192204.0,0.0,1.0,-152.0,0.0,0.0,-1000.0,3.0,1.0,2.0,RTL
10:03:41,175705.0,0.0016605939017608762,0.002060913247987628,-0.704306960105896,0.0010298811830580235,0.0011096580419689417,0.0010497577022761106,-35.3627967,149.1647589,195310.0,0.0,1.0,-152.0,0.0,0.0,-1000.0,3.0,4.0,3.0,RTL
10:03:43,277109.0,0.0020626115147024393,0.03068375214934349,-0.7044207453727722,-0.003174401354044676,0.051388517022132874,-0.00137255375739187,-35.3627968,149.164759,198415.0,-6.0,6.0,-151.0,0.0,0.0,-999.0,0.0,54.0,1.0,RTL
10:03:44,7125.0,-0.004087395773967728,0.0780593253672123,-0.7041536927223205,-0.008248653635382653,0.03278225921094417,0.0010436672251671552,-35.36279986,149.16476226,200315.2,-51.2,46.6,-146.0,10.8,6.6,-995.2,-5.0,35.2,3.0,RTL
10:03:45,7125.0,-0.010111038573086262,0.10372446477413177,-0.7036204934120178,-0.010622577741742134,0.03646549582481384,0.0017789495177567005,-35.3628043,149.164767,201423.0,-90.0,80.0,-140.0,19.0,12.0,-991.0,-7.0,39.0,4.0,RTL
10:03:47,149051.5,0.07741695642471313,0.11858970299363136,-0.18242044001817703,0.01637997990474105,-0.018547707702964544,0.09291119873523712,-35.36283485,149.16479325,203134.5,-256.0,187.0,-29.0,66.5,9.0,-941.5,19.0,-15.5,95.0,RTL
10:03:49,290978.0,0.061849482357501984,0.22507373988628387,-0.1612447202205658,0.06575080379843712,0.02260318142361939,-0.042925698682665825,-35.3628883,149.16485335,202884.0,-366.0,354.0,22.5,120.5,-5.0,-1020.0,68.5,25.0,-40.0,RTL
10:03:50,11373.0,0.00509867345681414,0.20111543238162993,-0.22379622757434844,-0.02671910133212805,-0.02742226980626583,-0.04323015883564949,-35.36294088000001,149.16491208000002,202741.2,-471.8,409.4,-2.2,140.0,-0.6,-1003.8,-23.8,-24.0,-40.2,RTL
10:03:51,11373.0,-0.0081540672108531,0.1855992078781128,-0.2555009722709656,0.05995621532201767,-0.03409058228135109,-0.02869832143187523,-35.3629737,149.1649466,202758.0,-506.0,423.0,-6.0,140.0,17.0,-986.0,62.0,-31.0,-26.0,RTL
10:03:53,70471.0,-0.028800394386053085,0.15019328892230988,-0.32835984230041504,0.06548496335744858,-0.010396093130111694,-0.031892891973257065,-35.3630676,149.1650412,202851.0,-522.0,427.0,-2.0,146.0,31.5,-979.5,32.5,12.0,-27.5,RTL
10:03:55,129569.0,-0.06285163946449757,0.058039477095007896,-0.380682036280632,-0.48802904784679413,-0.038667427375912666,-0.0350975904148072,-35.3631517,149.16512525000002,202901.0,-455.0,377.0,-1.5,131.5,27.5,-997.0,-484.5,-35.0,-31.5,RTL
10:03:56,211854.0,-0.07815302908420563,-0.0014465129934251308,-0.4052535817027092,-0.3180739376693964,-0.054967405274510384,-0.03357419581152499,-35.363197424999996,149.16517165,202892.75,-363.25,297.25,1.5,106.0,23.25,-987.25,-314.5,-51.25,-30.75,RTL
10:03:57,211854.0,-0.05659012869000435,-0.033560460433363914,-0.4151677042245865,0.7063930928707123,0.004240148235112429,0.0049119507893919945,-35.36321995,149.16519415,202869.5,-293.5,236.5,1.0,86.0,57.0,-1022.0,709.0,7.0,7.5,RTL
10:03:59,110165.0,-0.04853453300893307,-0.07397909089922905,-0.4453650414943695,0.028958141803741455,0.008387529756873846,-0.029646864160895348,-35.3632565,149.16523145000002,202823.5,-118.0,84.5,0.5,35.5,-5.0,-1007.5,31.0,11.0,-26.5,RTL
10:04:01,8476.0,-0.019384289626032114,-0.03552498109638691,-0.47012338042259216,0.16911205649375916,0.021562298759818077,-0.0027850689366459846,-35.36326645,149.1652415,202822.5,-12.5,-2.5,0.5,2.5,22.5,-1001.0,172.5,24.0,0.0,RTL
10:04:02,272192.0,-0.0028172024758532643,-0.005175577949557919,-0.4819418266415596,0.08671101368963718,0.023206274141557515,-0.003470422583632171,-35.363266525,149.16524155,202833.0,4.25,-14.25,0.0,-1.25,7.0,-1002.0,89.25,25.5,-1.0,RTL
10:04:03,272192.0,-0.004369715752545744,-0.004730088112410158,-0.48767754435539246,-0.5018111318349838,-0.02812723070383072,-0.006772463908419013,-35.3632663,149.1652413,202837.5,3.0,-11.0,0.5,-1.0,-24.5,-996.5,-499.5,-25.0,-4.0,RTL
10:04:05,181929.5,0.0064447796903550625,-0.007337746908888221,-0.5003035515546799,0.4983520954847336,0.00613853195682168,-0.004389991925563663,-35.3632652,149.1652402,202841.5,12.0,-12.5,0.5,-2.5,17.5,-998.0,500.5,8.0,-1.5,RTL
10:04:07,91667.0,-0.004279105109162629,-0.0019804086768999696,-0.5116045475006104,-0.4290574938058853,-0.0018862872384488583,-0.002477512462064624,-35.36326375,149.1652387,202839.5,9.0,-7.5,0.0,-2.5,-11.0,-998.5,-425.5,1.0,0.5,RTL
10:04:08,269208.0,0.0028025275969412178,-0.0036143636098131537,-0.5180867165327072,-0.6607962120324373,-0.001554229122120887,-0.0032998660462908447,-35.3632636,149.165237675,202730.5,7.25,-2.5,34.0,-2.0,-25.5,-929.0,-657.75,1.0,-0.25,RTL
10:04:09,269208.0,-0.006747508654370904,-0.0033818226074799895,-0.5229006111621857,-0.47111958265304565,0.0015284623950719833,-0.002909848582930863,-35.3632635,149.1652372,202317.5,9.0,1.5,81.0,-0.5,17.0,-937.5,-466.5,3.5,0.0,RTL
10:04:11,150307.0,-0.01047470886260271,-0.0024869695771485567,-0.5312657654285431,-1.1958475708961487,-0.002080131962429732,0.003310150350444019,-35.363263149999995,149.1652369,200139.0,7.0,4.0,104.0,-0.5,-29.5,-1010.5,-1191.5,0.0,6.0,RTL
10:04:13,31406.0,0.01010469626635313,-0.0018584362114779651,-0.5386621356010437,0.9537253081798553,0.004131999332457781,0.008134686038829386,-35.3632631,149.16523654999997,198077.5,10.0,9.0,100.5,0.5,70.0,-1001.5,957.5,6.5,10.5,RTL
10:04:14,280056.0,0.009612628258764744,0.0006182381657708902,-0.5428271442651749,1.2111408114433289,0.0016658955137245357,0.002210136561188847,-35.363262500000005,149.1652377,196797.5,7.0,3.5,98.5,3.25,45.25,-1010.5,1213.25,3.75,4.75,RTL
10:04:15,280056.0,0.0008887480944395065,0.0009129193495027721,-0.5446280837059021,1.0425546169281006,0.005002239486202598,0.0033903182484209538,-35.36326185,149.16523885,196026.0,2.0,-3.0,101.5,1.5,13.5,-1005.5,1043.0,6.5,6.0,RTL
10:04:17,190694.5,-0.012569235172122717,-0.00473469402641058,-0.550504744052887,-0.3911759853363037,0.00017822720110416412,-0.011771758552640676,-35.3632612,149.16524065,193985.5,-10.0,-24.0,99.5,0.5,-53.0,-986.5,-390.5,1.5,-8.5,RTL
10:04:19,101333.0,-0.022821063175797462,-0.004773298045620322,-0.5561976134777069,-1.1075567603111267,-0.006008709198795259,-0.0028792121447622776,-35.363261249999994,149.16524045,191933.0,-11.0,-26.0,97.5,-1.0,-71.0,-1001.5,-1106.5,-3.0,0.0,RTL
10:04:20,13317.0,-0.01725441007874906,-0.005907196784391999,-0.5593047440052032,-1.4498280584812164,-0.004864869348239154,0.003471015370450914,-35.363261824999995,149.16523935,190651.25,-8.0,-21.25,98.25,-1.75,-61.5,-994.75,-1448.25,-2.5,6.0,RTL
10:04:21,13317.0,-0.01316203735768795,-0.0046980350743979216,-0.560680478811264,-1.3349087834358215,-0.0024505065521225333,-0.0004487171536311507,-35.36326215,149.1652386,189882.0,-4.5,-16.0,98.5,-2.0,-51.0,-1020.5,-1333.0,0.0,3.0,RTL
10:04:23,13317.0,-0.014550663996487856,-0.0019981638179160655,-0.563855916261673,-0.14628170430660248,0.0007258427795022726,0.0027229476254433393,-35.3632622,149.16523815,187856.5,0.0,-5.5,98.0,-1.0,26.5,-995.5,-143.5,3.0,5.5,RTL
10:04:24,279798.0,-0.007843734580092132,0.000672477443004027,-0.5660109221935272,0.4061071705073118,0.005144687165739015,0.000407373474445194,-35.3632621,149.165238075,186581.5,0.0,-4.5,98.5,-0.25,55.0,-1014.5,409.0,6.75,3.25,RTL
10:04:25,279798.0,0.0019996357150375843,0.001017826347379014,-0.5673039853572845,1.2004101276397705,-0.002414410701021552,0.004158922587521374,-35.3632619,149.16523815,185822.5,-0.5,-4.0,98.5,0.5,77.5,-998.5,1202.5,0.0,7.0,RTL
10:04:27,242570.0,0.01756114326417446,-0.0011477645311970264,-0.5702110528945923,0.9379940927028656,-0.003278957447037101,-0.0061276922933757305,-35.3632618,149.16523815,183769.5,-4.0,-5.5,99.5,-1.0,12.5,-1007.0,937.5,-1.0,-3.0,RTL
10:04:29,242570.0,0.024332729168236256,-0.0025449530221521854,-0.572401225566864,-0.4407719802111387,0.003538432065397501,-0.0045912235509604216,-35.36326285,149.1652364,181735.0,2.0,3.0,100.0,-0.5,-55.5,-992.0,-440.5,5.0,-1.0,RTL
10:04:30,116325.0,0.02061204263009131,-0.00065872609775397,-0.5742556899785995,-0.2968935575336218,-0.0012007490440737456,-0.0024227534886449575,-35.363263025,149.1652361,180458.25,6.5,8.0,99.75,-0.25,-58.5,-972.0,-297.0,0.75,0.5,RTL
10:04:31,116325.0,0.014823859557509422,-0.001722306595183909,-0.5751916468143463,-0.6664933264255524,0.00022956077009439468,0.0027520465664565563,-35.36326305,149.165236,179704.0,6.0,8.5,100.5,-1.0,-62.5,-972.0,-666.5,2.5,5.5,RTL
10:04:33,80994.0,-0.00401315139606595,-0.0012286814744584262,-0.5772837102413177,-1.156479299068451,-0.0005375116597861052,0.002076010452583432,-35.36326335,149.16523545,177670.5,10.5,16.0,103.5,-1.0,-18.5,-968.5,-1153.0,1.5,5.0,RTL
10:04:35,80994.0,0.02362222783267498,-0.0014972544740885496,-0.5777356922626495,0.3168731927871704,0.0002952469512820244,0.010466996114701033,-35.3632639,149.1652343,175627.5,15.5,24.5,98.0,-1.0,53.0,-988.5,321.5,2.5,13.0,RTL
10:04:36,87579.0,0.024108535144478083,0.0013768182252533734,-0.5789757072925568,0.8113370984792709,0.0054205580381676555,0.004589342512190342,-35.363263925,149.16523412499998,174341.0,19.0,29.0,102.0,0.25,74.5,-987.25,815.25,7.0,7.75,RTL
10:04:37,87579.0,0.014387120958417654,0.001113384001655504,-0.5796676874160767,0.44964781403541565,0.0036157796857878566,-0.006281571462750435,-35.3632638,149.16523435,173561.5,18.5,29.5,99.5,-1.5,60.5,-985.5,454.0,5.5,-2.0,RTL
10:04:39,250840.0,0.030502354726195335,-0.0008228687365772203,-0.5808431804180145,1.14956533908844,0.007667154539376497,0.004828294331673533,-35.3632639,149.1652343,171534.5,18.0,28.0,100.0,0.0,74.0,-980.5,1154.0,9.5,7.5,RTL
10:04:41,250840.0,0.034636760130524635,0.0039051631465554237,-0.5814783871173859,1.20309978723526,0.003859656280837953,0.0020099864341318607,-35.3632634,149.16523495,169492.5,17.0,25.0,101.5,2.5,25.5,-989.0,1206.0,5.5,4.5,RTL
10:04:42,272751.0,-0.006348912291286979,0.000916440854780376,-0.5825951099395752,-1.3649640381336212,-0.009394681779667735,1.8925347831100225e-05,-35.363262750000004,149.165236275,168109.75,8.0,15.0,98.75,0.25,-73.5,-996.5,-1361.0,-6.75,3.0,RTL
10:04:43,272751.0,-0.010010007303208113,-0.001825626939535141,-0.5833516418933868,-1.409318208694458,-0.003427020157687366,-0.001191054005175829,-35.3632627,149.1652364,167347.5,5.5,11.5,97.5,-0.5,-45.0,-1008.0,-1404.5,-1.0,2.5,RTL
10:04:45,38850.0,0.00334422143350821,0.0008906564034987241,-0.5832667648792267,-0.0439499132335186,0.0025480935582891107,-0.002651550923474133,-35.3632632,149.1652356,165312.0,11.0,17.0,100.5,0.0,37.0,-1004.0,-37.0,4.0,1.0,RTL
10:04:47,38850.0,-0.013741777278482914,0.00228538503870368,-0.5839179158210754,-0.7583659589290619,-0.0012295213527977467,-0.0010846732184290886,-35.363262750000004,149.16523610000002,163370.0,7.5,14.0,99.5,2.5,5.0,-993.0,-751.5,1.0,2.5,RTL
10:04:48,240132.0,-0.012189876521006227,0.001956804931978695,-0.5846207290887833,0.3568992200307548,0.0008873891201801598,-0.0015385917504318058,-35.363262175,149.165237175,162007.25,3.5,9.0,100.0,0.5,48.75,-1021.75,363.75,2.75,1.5,RTL
10:04:49,240132.0,0.0020407659467309713,-0.0008173111855285242,-0.5842111110687256,1.1047987341880798,-0.004950497066602111,0.0005489451577886939,-35.3632621,149.1652375,161248.5,1.0,4.5,100.0,0.0,77.0,-975.5,1111.0,-2.5,3.5,RTL
10:04:51,162703.0,0.02073721867054701,-0.0028290763730183244,-0.5855176150798798,1.2333689332008362,0.006829957477748394,0.0020168382907286286,-35.363262950000006,149.16523654999997,159193.0,5.5,7.5,99.5,-0.5,71.0,-1022.0,1240.0,8.5,5.0,RTL
10:04:53,162703.0,0.030421609058976173,-0.0006906740018166602,-0.5860344171524048,0.9717571437358856,0.00016507040709257126,0.008736433926969767,-35.3632631,149.16523604999998,157150.0,8.0,11.0,99.5,-0.5,11.5,-974.5,976.0,2.0,12.0,RTL
10:04:54,244163.0,0.030961203388869762,0.0003538369619491277,-0.5860217958688736,1.3510213196277618,0.003555272181984037,0.004759294795803726,-35.36326315,149.165235775,155976.0,9.5,13.75,97.25,0.0,59.75,-1030.0,1357.0,5.0,8.25,RTL
10:04:55,244163.0,0.034536320716142654,0.0003768200476770289,-0.5860355496406555,1.2352951169013977,-0.0017373089212924242,0.00398391776252538,-35.3632631,149.1652357,155220.0,9.5,14.0,100.0,-0.5,28.5,-996.5,1240.5,0.5,7.5,RTL
10:04:57,192273.0,0.004443921148777008,0.0012087214854545891,-0.5865257084369659,-1.072958528995514,0.00385209231171757,-0.007757043931633234,-35.363263,149.1652359,153089.5,8.5,13.5,98.5,-0.5,-67.5,-1006.0,-1067.5,5.5,-3.5,RTL
10:04:59,192273.0,-0.012886650394648314,0.0006228464044397697,-0.5870732367038727,-1.1704192161560059,-0.005432461737655103,0.010908673983067274,-35.3632627,149.16523635,151040.5,6.5,12.0,103.0,1.0,-21.5,-998.5,-1162.5,-3.0,14.5,RTL
10:05:00,263104.0,-0.0011564198648557067,0.0007309825668926351,-0.587436243891716,0.09475337527692318,0.006907589850015938,-0.0009262538515031338,-35.363262675,149.16523654999997,149772.25,5.75,10.0,100.75,0.0,38.75,-986.25,103.5,8.5,3.0,RTL
10:05:01,263104.0,0.004873935948126018,0.0022755301324650645,-0.5876539349555969,1.0202519595623016,0.001793242059648037,0.0034235218772664666,-35.36326245,149.16523684999999,149010.5,5.5,9.5,102.5,1.0,67.0,-1021.5,1028.0,3.5,6.5,RTL
10:05:03,119929.0,0.003360153525136411,0.0010937111219391227,-0.587573230266571,1.434646725654602,-0.006546638673171401,0.0013598765945062041,-35.363261550000004,149.16523855,146977.0,-2.5,-1.5,104.0,0.5,47.5,-1002.5,1440.5,-3.5,4.5,RTL
10:05:05,119929.0,0.01685961615294218,-0.006169592263177037,-0.5880223512649536,-0.41982296854257584,-0.0007856546435505152,0.0044189023319631815,-35.3632623,149.16523769999998,144947.0,-4.5,-5.0,104.5,-3.5,-46.0,-977.5,-414.5,1.0,7.5,RTL
10:05:06,270765.0,0.02456707414239645,-0.004198617476504296,-0.5882477015256882,-1.1089293956756592,0.002506765362340957,0.003048956103157252,-35.363263525,149.165235525,143668.75,4.75,5.75,103.5,-2.0,-67.5,-995.75,-1102.75,4.25,6.5,RTL
10:05:07,270765.0,0.013048794120550156,-0.0006448820167861413,-0.5869522392749786,-1.4175066947937012,0.005418262677267194,-0.004662837949581444,-35.3632638,149.16523485,142904.0,11.5,14.0,105.0,0.5,-65.5,-996.0,-1410.0,7.0,-1.0,RTL
10:05:09,103419.0,-0.01688031619414687,0.005890547996386886,-0.5880529284477234,0.006975047290325165,0.005428322474472225,0.0016667437739670277,-35.363262399999996,149.16523669999998,140852.0,9.5,13.0,104.0,2.5,38.5,-969.0,16.0,7.0,5.0,RTL
10:05:11,103419.0,-0.026910897344350815,0.003499734913930297,-0.5875378847122192,1.1813364028930664,-0.003376774489879608,0.00984525354579091,-35.36326055,149.16524025,138789.5,-9.5,-12.5,100.5,3.0,69.0,-1022.0,1189.0,-1.0,13.0,RTL
10:05:12,76549.0,-0.014936180785298347,-0.00033985271238634596,-0.5876995921134949,1.175056904554367,-0.0004062588850501925,0.006462611141614616,-35.36325995,149.165241775,137514.75,-19.25,-27.5,101.25,1.0,25.5,-978.0,1179.75,1.5,10.0,RTL
10:05:13,76549.0,-0.01284246752038598,-0.002078583580441773,-0.5885450541973114,1.0744058191776276,-0.006637293146923184,-0.007165906950831413,-35.3632599,149.1652421,136751.5,-22.5,-33.5,100.5,0.0,17.5,-1020.0,1079.5,-4.0,-3.0,RTL
10:05:15,279678.0,0.022174359299242496,-0.007649668958038092,-0.5884686708450317,0.6481769382953644,-0.0030071218498051167,0.00020416616462171078,-35.36326135,149.1652397,134718.0,-18.5,-28.5,102.0,-4.5,-4.5,-987.5,651.5,-0.5,4.0,RTL
10:05:17,279678.0,0.03406273294240236,-0.002992758178152144,-0.5875421762466431,-0.3314213454723358,0.004261365160346031,-0.0018393110949546099,-35.36326325,149.16523575,132671.5,4.0,2.5,102.0,-2.0,-46.5,-1010.5,-327.0,5.5,1.5,RTL
10:05:18,243350.0,0.004332284530391917,0.0012770147718583758,-0.5875988304615021,-1.3888710141181946,0.0003434465907048434,-0.0020920622628182173,-35.36326345,149.165235,131391.0,10.75,14.25,100.25,-0.25,-62.0,-1007.0,-1383.0,2.25,1.5,RTL
10:05:19,243350.0,-0.006124298088252544,0.0030260217608883977,-0.5870828330516815,-1.20358407497406,-0.00377838738495484,0.002836118685081601,-35.3632632,149.16523525000002,130630.0,11.0,16.0,100.5,3.0,-42.0,-1001.5,-1196.0,-1.5,6.0,RTL
10:05:21,188680.0,-0.018726074136793613,0.003383365925401449,-0.5873250067234039,-0.006972718983888626,-0.00044735841220244765,3.975210711359978e-05,-35.363261949999995,149.16523755,128589.5,2.0,5.5,98.5,2.0,33.5,-1021.5,1.5,1.5,3.5,RTL
10:05:23,188680.0,-0.013090359047055244,-0.002722663222812116,-0.588514119386673,0.9863076210021973,-0.003940591122955084,-0.008521263371221721,-35.36326135,149.1652392,126543.0,-6.5,-8.0,98.0,-1.0,70.5,-1010.5,993.5,-2.0,-4.5,RTL
10:05:24,242066.0,0.009839585050940514,-0.0016894416185095906,-0.5875133275985718,1.3572510480880737,0.0019678110838867724,0.0009804581059142947,-35.363261575,149.16523892499998,125270.5,-6.25,-10.25,100.5,-0.25,64.0,-999.25,1363.25,3.5,4.75,RTL
10:05:25,242066.0,0.013701519463211298,-0.0013521856744773686,-0.5875304639339447,1.2748773097991943,-0.0012671345612034202,0.0014862415846437216,-35.36326165,149.16523875000001,124501.0,-6.5,-11.5,102.5,-1.0,38.0,-1029.5,1279.5,0.5,5.0,RTL
10:05:27,292286.0,0.006778870010748506,-1.1213836842216551e-05,-0.5878025889396667,0.30568479001522064,-0.001303448574617505,-0.006936562713235617,-35.3632617,149.1652384,122457.5,-5.0,-8.5,100.5,0.0,-28.5,-969.0,309.0,0.5,-2.5,RTL
10:05:29,292286.0,-0.022402379661798477,0.0015432214713655412,-0.5878416895866394,-1.3471529483795166,-0.002445784746669233,-0.0027487772749736905,-35.3632615,149.1652385,120417.0,-7.0,-9.0,98.5,0.0,-67.5,-992.0,-1342.0,0.0,1.0,RTL
10:05:30,192878.0,-0.03395651001483202,0.0005330312051228248,-0.5869181305170059,-1.0161805599927902,-0.003987997770309448,0.006861710222437978,-35.363261324999996,149.165238975,119138.0,-7.5,-10.5,100.0,0.0,-12.75,-995.75,-1009.5,-1.5,10.5,RTL
10:05:31,192878.0,-0.02968131471425295,0.00100735345040448,-0.5866910219192505,-0.3147958964109421,-0.0003738804371096194,0.0027866531163454056,-35.3632612,149.1652392,118366.0,-9.0,-12.5,98.5,1.0,18.5,-1011.0,-307.5,1.5,6.5,RTL
10:05:33,17345.0,-0.018693145364522934,-0.0005771535215899348,-0.5877965986728668,1.3489378690719604,-0.0009390721097588539,0.0037615778855979443,-35.3632607,149.16524045,116329.0,-13.0,-20.5,97.5,0.0,64.0,-1032.0,1353.5,1.5,7.0,RTL
10:05:35,17345.0,0.011367409955710173,-0.004076903569512069,-0.5881454050540924,0.8010996878147125,-0.00482717645354569,0.003467115107923746,-35.363261050000006,149.16523999999998,114287.0,-14.5,-24.0,99.5,0.0,3.0,-990.0,803.0,-2.0,7.0,RTL
10:05:36,290640.0,0.0017635462863836437,-0.003465792746283114,-0.5873517543077469,0.12740467488765717,-0.0020952404011040926,0.008698098477907479,-35.363261425,149.16523942499998,113022.5,-10.25,-19.0,100.25,-0.25,-34.0,-978.25,129.5,0.0,12.0,RTL
10:05:37,290640.0,-0.014555724803358316,-0.003433821490034461,-0.5877576470375061,-1.228996992111206,0.001811190857551992,-0.002708708168938756,-35.36326165,149.16523905,112256.5,-9.0,-17.5,98.0,-2.0,-65.5,-1006.5,-1226.0,3.0,1.5,RTL
10:05:39,162113.0,-0.016638323664665222,0.00022206808353075758,-0.5870984792709351,-0.3051395118236542,0.0020413388265296817,0.0006455734837800264,-35.36326205,149.16523805,110211.5,-1.5,-6.0,98.0,-0.5,23.5,-993.0,-299.5,4.0,4.0,RTL
10:05:41,162113.0,0.005798123776912689,-0.0009383924189023674,-0.5874285995960236,1.405275583267212,0.0034567936090752482,-0.0008191141532734036,-35.3632617,149.1652386,108172.0,-5.0,-8.0,100.5,0.0,73.0,-1025.0,1409.0,5.0,2.5,RTL
10:05:42,50736.0,0.022095774533227086,-0.0032427909318357706,-0.5875977575778961,1.300622582435608,-0.000792723789345473,0.004272739926818758,-35.363261925,149.1652382,106897.5,-5.5,-8.5,99.5,-2.0,35.25,-1021.25,1302.75,1.5,8.0,RTL
10:05:43,50736.0,0.02583503071218729,-0.00288368237670511,-0.5878596603870392,0.6427454352378845,0.00016276375390589237,-0.004409651271998882,-35.363262250000005,149.16523765,106133.0,-2.0,-4.5,100.0,-0.5,0.5,-992.5,643.5,2.0,-0.5,RTL
10:05:45,294609.0,0.006199257681146264,-0.002000039501581341,-0.5873547494411469,-1.1950390934944153,0.0007486417889595032,-0.003146612783893943,-35.3632628,149.1652366,104075.0,1.5,1.5,97.5,-1.0,-76.0,-960.5,-1193.0,3.0,1.0,RTL
10:05:47,294609.0,-0.018455291632562876,-0.0012064307229593396,-0.5878791809082031,-1.0155813097953796,0.0006909698713570833,0.0012123733758926392,-35.36326285,149.1652366,102022.5,5.5,6.5,100.0,-0.5,-9.5,-988.5,-1010.5,2.5,5.0,RTL
10:05:48,6767.0,-0.011554685654118657,-0.0003216736440663226,-0.587631493806839,-0.4076716899871826,0.0030909046181477606,0.00872665224596858,-35.36326270000001,149.1652368,100745.0,6.5,7.0,95.75,0.5,20.25,-959.25,-402.25,4.75,12.0,RTL
10:05:49,6767.0,-0.005146062874700874,-0.00024490838040946983,-0.58695188164711,0.4819125160574913,-0.002263927017338574,0.0016768996138125658,-35.36326245,149.16523725000002,99982.0,5.0,5.5,96.5,0.5,53.0,-1007.0,487.0,0.0,6.0,RTL
10:05:51,148139.0,0.02101876400411129,-0.0025846026837825775,-0.5875801146030426,1.2646844983100891,0.001535313029307872,-0.0012506667990237474,-35.3632624,149.1652374,97928.0,2.0,1.5,97.0,-1.0,47.0,-1004.0,1267.5,3.0,2.0,RTL
10:05:53,148139.0,-7.340975571423769e-05,-0.0011354368180036545,-0.5876433551311493,-1.2592955231666565,-0.0007540029473602772,-0.003785659675486386,-35.3632628,149.1652366,95906.0,4.5,4.5,98.0,-0.5,-69.0,-1005.5,-1256.5,1.5,0.0,RTL
10:05:54,261932.0,-0.01285516119969543,0.003154931589961052,-0.5868479907512665,-1.366415560245514,-0.0019086255342699587,0.0007844322826713324,-35.363262399999996,149.1652371,94633.0,4.75,4.5,95.25,3.25,-65.5,-994.25,-1363.0,0.25,4.75,RTL
10:05:55,261932.0,-0.043176449835300446,0.005895471200346947,-0.587357759475708,-1.3594070076942444,-0.0018019978888332844,-0.0026030155131593347,-35.3632616,149.16523835,93878.5,2.0,1.0,100.0,5.0,-44.0,-976.0,-1354.5,0.0,1.0,RTL
10:05:57,268256.0,-0.03914676979184151,-0.0018591171829029918,-0.5879939496517181,0.244218148291111,-0.006151142995804548,0.007821381324902177,-35.363260049999994,149.16524145,91841.0,-18.0,-25.5,98.5,0.5,50.5,-981.0,248.5,-3.5,11.0,RTL
10:05:59,268256.0,0.010118233738467097,-0.008128059562295675,-0.5873650014400482,1.0302115678787231,0.0024303572135977447,-0.00022597494535148144,-35.363261699999995,149.1652393,89805.0,-11.5,-20.5,97.5,-4.5,73.5,-1021.5,1034.0,4.0,3.5,RTL
10:06:00,283433.0,0.03234968148171902,-0.005488915950991213,-0.5874312818050385,1.3407853245735168,0.003299292642623186,-0.003036613459698856,-35.363262750000004,149.1652373,88529.75,-0.75,-6.5,99.0,-4.0,64.5,-1024.0,1344.0,4.75,0.75,RTL
10:06:01,283433.0,0.03911930322647095,-0.0035719317384064198,-0.5868469774723053,1.345942735671997,0.0017845586407929659,-0.005281860940158367,-35.3632632,149.16523635,87761.5,5.0,1.0,100.5,-0.5,49.0,-1017.5,1348.0,3.5,-1.0,RTL
10:06:03,165847.0,0.018289338797330856,-0.00021479165297932923,-0.5862656533718109,-0.01967179775238037,-0.001984227099455893,-0.01054722722619772,-35.36326305,149.16523615,85726.5,8.5,9.0,100.0,0.0,-43.0,-970.0,-18.5,0.0,-6.0,RTL
10:06:05,165847.0,-0.011346414219588041,-1.064303705788916e-05,-0.586656004190445,-1.3116915822029114,-0.0003308377927169204,-0.005281751975417137,-35.363262649999996,149.1652367,83681.5,4.0,5.5,98.5,0.5,-65.5,-1001.5,-1308.5,1.0,-1.0,RTL
10:06:06,82125.0,-0.019259346881881356,0.000705828562786337,-0.5871653854846954,-0.7026753607206047,-0.0017420303483959287,0.002245933865197003,-35.36326235,149.16523725000002,82409.75,3.75,4.5,100.5,0.5,-0.25,-999.75,-697.75,-0.25,5.75,RTL
10:06:07,82125.0,-0.009949842700734735,0.00032637399999657646,-0.5875845551490784,0.6899268329143524,0.0023218163987621665,0.0056096401531249285,-35.36326205,149.1652378,81645.0,1.5,2.0,100.0,-0.5,65.0,-975.5,694.5,3.5,9.0,RTL
10:06:09,145892.0,-0.00499983225017786,-0.0016965419054031372,-0.5865116715431213,1.0092541575431824,0.0013487741234712303,0.004765679128468037,-35.3632617,149.1652387,79597.0,-2.5,-5.5,98.5,0.0,72.5,-1004.5,1013.5,2.5,8.5,RTL
10:06:11,145892.0,0.017307762522250414,-0.003496723948046565,-0.5866676270961761,0.40724802017211914,0.000489178579300642,0.00345517008099705,-35.36326215,149.16523815,77557.0,-1.5,-6.5,100.5,-1.0,-23.0,-973.5,408.0,2.0,7.0,RTL
10:06:12,244758.0,0.02318705664947629,-0.004188857856206596,-0.5876026749610901,0.4590190574526787,-0.004137018520850688,0.00195468426682055,-35.363262475,149.165237575,76284.0,0.0,-2.5,99.75,-2.0,-18.75,-984.0,459.75,-2.0,5.75,RTL
10:06:13,244758.0,0.036842724308371544,-0.004815637366846204,-0.5876815617084503,0.508427768945694,-0.0008297184249386191,-0.0029136508237570524,-35.363262950000006,149.16523665,75509.5,1.5,0.0,101.5,-1.5,-16.5,-953.5,509.5,0.5,1.0,RTL
10:06:15,279156.0,0.007108821766451001,0.0003663074071482697,-0.5865610837936401,-1.2721127271652222,-0.0022013772977516055,-0.006142181809991598,-35.3632633,149.16523565,73483.5,10.5,12.5,99.0,1.0,-76.0,-967.0,-1270.0,-0.5,-2.5,RTL
10:06:17,279156.0,-0.013508232776075602,0.0003830277782981284,-0.586858719587326,-0.9161544740200043,-0.003490215865895152,0.00038569746538996696,-35.3632629,149.16523625000002,71427.5,7.5,11.5,97.0,0.0,-12.0,-1050.5,-911.0,-2.0,4.0,RTL
10:06:18,248197.0,-0.008160903467796743,0.0009406763565493748,-0.5863348841667175,0.2000883650034666,0.001967895368579775,0.003239295445382595,-35.363262625000004,149.16523675000002,70156.25,6.75,9.75,99.25,0.0,51.5,-975.25,205.75,3.5,6.75,RTL
10:06:19,248197.0,-0.007216247613541782,0.0020604138844646513,-0.5869369506835938,0.7256800383329391,0.0020490882452577353,0.00456339109223336,-35.363262250000005,149.1652373,69379.0,4.5,6.5,99.5,0.0,61.5,-1005.0,731.0,4.0,8.0,RTL
10:06:21,79343.0,0.005493951495736837,0.0025262609124183655,-0.58613720536232,1.3304077982902527,0.0027802633703686297,0.0007479045307263732,-35.363261550000004,149.1652386,67340.0,-1.0,-3.0,97.0,2.5,48.5,-1001.5,1333.5,4.0,4.0,RTL
10:06:23,79343.0,0.006246366072446108,-0.002079728990793228,-0.5871139466762543,0.6742807328701019,-0.0037506124936044216,0.0001906263642013073,-35.36326095,149.16523995,65306.0,-13.0,-19.0,100.0,0.5,-6.5,-991.5,675.0,-1.5,4.0,RTL
10:06:24,277030.0,0.004570034041535109,-0.003150784003082663,-0.5864198356866837,-0.19772709719836712,0.0016516786126885563,-0.007171475444920361,-35.363261449999996,149.165239275,64035.0,-10.5,-17.5,97.75,0.0,-45.5,-978.0,-196.25,2.75,-3.0,RTL
10:06:25,277030.0,-0.005479978630319238,-0.0026126705342903733,-0.5860396027565002,-0.9697878360748291,0.00262717145960778,-0.0040456781862303615,-35.3632616,149.165239,63273.5,-8.0,-15.0,98.5,1.0,-67.5,-990.5,-968.5,4.0,-0.5,RTL
10:06:27,124919.0,-0.03908244147896767,-0.00032845714304130524,-0.5863084495067596,-1.3723565936088562,-0.0016076835454441607,-0.0015873329248279333,-35.3632612,149.1652397,61220.5,-7.5,-15.5,97.0,1.5,-49.0,-1018.0,-1369.0,0.0,2.0,RTL
10:06:29,124919.0,-0.02207628171890974,-0.002592436387203634,-0.5869781970977783,0.516471803188324,2.1489919163286686e-05,0.0005127298645675182,-35.363261050000006,149.1652401,59177.5,-10.5,-19.5,97.5,-1.0,61.0,-1001.5,520.0,1.0,3.5,RTL
10:06:30,1516.0,0.010537318768911064,-0.003040038689505309,-0.5868625342845917,0.962891548871994,-0.0031329186458606273,-0.004774875589646399,-35.36326137499999,149.16523945,57893.5,-10.0,-18.75,97.5,-1.75,21.75,-1009.0,963.5,-1.5,-1.0,RTL
10:06:31,1516.0,0.016786197666078806,-0.005108260316774249,-0.587643563747406,0.16582830622792244,-0.013005006592720747,-0.004402019665576518,-35.363261800000004,149.1652387,57127.5,-8.5,-16.0,99.0,-1.5,-29.5,-988.5,165.5,-11.0,-0.5,RTL
10:06:33,188874.0,0.016311912331730127,-0.0016754678799770772,-0.5868450999259949,-0.9910951256752014,0.0023253607796505094,-0.0023412342416122556,-35.363262950000006,149.16523654999997,55099.0,3.0,0.0,97.5,0.0,-74.0,-969.5,-990.0,3.5,1.5,RTL
10:06:35,188874.0,-0.003433635167311877,-0.0021458977134898305,-0.5867321193218231,-1.296501100063324,-0.001446018519345671,-0.001880713738501072,-35.363263,149.16523635,53071.5,6.0,6.5,100.5,0.0,-64.0,-994.0,-1295.0,0.0,1.5,RTL
10:06:36,92257.0,0.0009252754134649877,-0.0017851778538897634,-0.5863599181175232,-0.21040344797074795,0.0013952231383882463,0.0037898735608905554,-35.363263175,149.16523602499998,51796.5,9.0,10.5,99.25,-0.25,25.0,-1002.25,-206.5,3.0,7.25,RTL
10:06:37,92257.0,0.006828195648267865,-0.0008180082368198782,-0.5854177474975586,0.7973430454730988,0.00257770880125463,0.008941275533288717,-35.3632631,149.16523615,51033.5,10.5,12.0,101.0,1.0,65.0,-1009.0,801.0,4.0,12.5,RTL
10:06:39,112695.0,0.025745599530637264,-0.0028165304102003574,-0.5872413516044617,1.1747467517852783,0.00374360173009336,0.008202041499316692,-35.3632628,149.16523675000002,48999.5,5.5,6.5,101.0,-1.5,32.5,-1022.0,1176.0,4.5,11.5,RTL
10:06:41,112695.0,0.031248386949300766,-0.0025400426238775253,-0.5864883959293365,-0.2942601814866066,0.0022947072284296155,-0.0021876258542761207,-35.3632635,149.16523545,46949.5,9.5,11.0,100.0,-1.0,-50.0,-1017.0,-293.0,3.5,1.0,RTL
10:06:42,151615.0,0.013934152899309993,0.0016811582172522321,-0.5863015353679657,-0.7068841010332108,-0.0002769404381979257,-0.010300766909494996,-35.36326327500001,149.165235675,45679.75,13.25,15.5,101.5,2.25,-71.5,-978.75,-705.25,0.75,-6.25,RTL
10:06:43,151615.0,-0.011886951047927141,0.0019350683433003724,-0.5863332748413086,-1.2897191643714905,-0.0029474644688889384,-0.004330419702455401,-35.363262750000004,149.16523655,44914.5,9.5,11.0,98.5,2.0,-72.5,-999.5,-1287.5,-1.0,-1.0,RTL
10:06:45,69363.0,-0.026003846898674965,-0.0013655218062922359,-0.5871525406837463,-1.1062763333320618,-0.003656972898170352,0.005133992992341518,-35.363261949999995,149.1652382,42868.0,-0.5,-1.0,99.0,-2.0,-35.5,-1024.0,-1102.0,-2.0,8.5,RTL
10:06:47,69363.0,0.0021137759322300553,-0.0020434772013686597,-0.5862553715705872,0.28809601068496704,0.0032133549684658647,0.0024964374024420977,-35.36326245,149.1652373,40820.0,0.5,0.5,96.5,-1.0,55.5,-979.5,292.5,4.0,5.5,RTL
10:06:48,90374.0,0.013692262349650264,-0.0007582268372061662,-0.5867774486541748,1.232824593782425,0.0020470013259910047,0.0030059381970204413,-35.3632625,149.165237025,39546.5,3.5,4.0,99.25,-0.5,68.5,-1031.25,1236.75,3.0,5.75,RTL
10:06:49,90374.0,0.024758700281381607,-0.0015825926093384624,-0.5862522125244141,1.3592088222503662,-0.002011622069403529,0.0022492273710668087,-35.36326255,149.16523684999999,38783.5,3.0,4.5,96.5,0.0,59.5,-1013.0,1362.5,-1.0,5.5,RTL
10:06:51,44212.0,0.03653673827648163,-0.0018007192993536592,-0.5868107378482819,1.3269156217575073,0.004120758501812816,0.008815973997116089,-35.3632632,149.1652358,36736.0,8.0,11.5,98.0,-1.5,37.5,-1001.0,1329.5,5.0,11.5,RTL
10:06:53,44212.0,0.01327611692249775,-0.0002323952503502369,-0.5858257114887238,-0.9167324602603912,-0.0003294224734418094,-0.014315442647784948,-35.3632633,149.16523565,34692.0,10.0,13.5,102.0,1.5,-79.0,-973.0,-914.5,1.0,-10.5,RTL
10:06:54,145775.0,-0.008191259810701013,0.0012327776348683983,-0.5863660275936127,-1.1695132404565811,-0.0010257603134959936,-0.010550568345934153,-35.363262675,149.16523675,33412.5,8.0,9.25,98.0,2.75,-72.25,-1012.25,-1166.5,0.25,-6.75,RTL
10:06:55,145775.0,-0.025462280958890915,0.0011532936478033662,-0.5856272578239441,-1.3775579333305359,-0.0018169516697525978,-0.0015901306178420782,-35.363262250000005,149.1652376,32638.0,4.0,4.0,97.5,0.0,-48.0,-1010.0,-1373.0,-0.5,2.0,RTL
10:06:57,8665.0,-0.028674302622675896,0.0002884654313675128,-0.5849049687385559,-0.4265184849500656,-0.003845973638817668,0.020684553310275078,-35.36326175,149.16523855,30605.0,-0.5,-2.5,98.0,0.5,15.5,-997.5,-420.5,-2.5,23.5,RTL
10:06:59,8665.0,-0.018923796713352203,0.0007173971243901178,-0.5856794118881226,1.1506860256195068,0.002879451203625649,0.006227518664672971,-35.3632609,149.1652401,28555.0,-9.5,-16.0,99.0,0.5,71.5,-1000.0,1155.0,3.5,9.0,RTL
10:07:00,157206.0,0.0005833588656969368,-0.0017431743035558611,-0.5868798941373825,1.1766970753669739,-0.004640917526558042,-0.0014369578566402197,-35.3632608,149.16524032499998,27288.5,-13.75,-21.25,97.75,-0.75,34.75,-1010.25,1178.75,-3.0,1.5,RTL
10:07:01,157206.0,0.005035913898609579,-0.003497468656860292,-0.5858465731143951,0.9252538979053497,-0.0009635058231651783,0.0008315944578498602,-35.36326095,149.1652401,26529.0,-14.0,-22.0,100.0,-2.5,23.0,-995.5,926.5,0.0,4.0,RTL
10:07:03,222976.0,0.0030412631604122,-0.001891242223791778,-0.5858254432678223,-0.26963044703006744,0.0018331370665691793,-0.008437028154730797,-35.36326165,149.1652388,24509.0,-7.5,-14.5,99.0,0.5,-51.0,-973.5,-268.5,2.5,-4.5,RTL
10:07:05,222976.0,-0.010738031473010778,-0.002019360545091331,-0.5864055752754211,-1.1513051390647888,-0.0015097600407898426,-0.0023561596171930432,-35.3632616,149.1652389,22480.5,-7.0,-13.5,102.0,0.0,-76.0,-958.0,-1150.0,-0.5,0.5,RTL
10:07:06,199019.0,-0.022925300057977438,-0.002904067514464259,-0.5865104645490646,-1.3182660639286041,0.00034501175105106086,-0.0007960786460898817,-35.363261775,149.16523870000003,21207.0,-5.25,-12.25,102.5,-0.25,-50.25,-1011.5,-1315.25,1.25,2.25,RTL
10:07:07,199019.0,-0.022429426200687885,-0.0014591256622225046,-0.5857956409454346,-1.1372389197349548,0.002600876847282052,-0.0019494384760037065,-35.36326185,149.1652386,20438.5,-4.0,-11.0,100.5,2.0,-32.5,-993.5,-1133.5,3.5,0.5,RTL
10:07:09,182475.0,-0.021961253136396408,0.0017028547590598464,-0.5861311256885529,0.9613035321235657,0.0009609356056898832,0.001979669090360403,-35.36326105,149.1652398,18392.5,-6.0,-13.0,102.5,0.0,70.5,-967.0,964.5,1.5,4.5,RTL
10:07:11,182475.0,-0.007093930384144187,-0.000488937092541164,-0.5877418518066406,1.3565124869346619,0.002614000579342246,0.0023177883122116327,-35.3632608,149.16524025,16350.5,-14.5,-23.0,101.5,0.0,71.5,-1040.0,1358.5,3.0,4.5,RTL
10:07:12,75942.0,0.006546742399223149,-0.0024258499906864017,-0.5857882499694824,1.1902094930410385,0.0006993908900767565,0.007080666196998209,-35.363261025,149.16523995,15076.25,-13.5,-21.5,101.0,-0.25,31.5,-1005.0,1189.75,1.25,9.5,RTL
10:07:13,75942.0,0.005163571942830458,-0.0027530271327123046,-0.586033821105957,0.27362655103206635,0.00010368766379542649,-0.0052721473621204495,-35.3632612,149.16523975,14300.5,-12.5,-22.0,100.5,0.0,-28.0,-1005.5,272.0,0.5,-2.0,RTL
10:07:15,19500.0,-0.015078204218298197,-0.00030261783467722125,-0.5858425199985504,-0.5484071969985962,0.000930373091250658,-0.005406198091804981,-35.363261050000006,149.16524005000002,12261.5,-11.0,-21.5,101.0,3.0,-61.0,-970.5,-550.0,2.0,-2.0,RTL
10:07:17,19500.0,-0.02782438788563013,-0.0005862902617082,-0.5857208371162415,0.743812620639801,0.0005800478393211961,-0.0010808154474943876,-35.36326015,149.16524175,11094.5,-18.0,-32.0,21.0,1.0,30.0,-1007.0,743.0,1.5,1.5,RTL
10:07:18,249097.0,-0.022608396713621914,-0.004001808876637369,-0.5858054012060165,0.16237007826566696,-0.00536487577483058,0.0013285434688441455,-35.363260275,149.16524164999998,10773.0,-22.25,-36.25,31.75,-2.0,16.25,-996.25,162.0,-4.0,3.5,RTL
10:07:19,249097.0,-0.014358354266732931,-0.005719319451600313,-0.5863154828548431,-0.48017585277557373,-0.004623730201274157,-0.002151321736164391,-35.3632607,149.16524085,10529.5,-20.5,-34.0,35.5,-2.0,-32.0,-989.0,-482.0,-3.5,1.0,RTL
10:07:21,189326.0,0.011181537061929703,-0.00587177206762135,-0.5865856409072876,-0.8450702428817749,0.003438391024246812,0.0007662024581804872,-35.3632626,149.16523725,9837.5,-4.5,-10.0,35.0,-5.0,-30.5,-1003.0,-846.5,3.5,3.0,RTL
10:07:23,189326.0,0.015213758684694767,-0.0005681526381522417,-0.5856539607048035,-0.8616704344749451,0.003046163939870894,-0.004000874236226082,-35.3632636,149.165235,9152.5,11.0,14.0,35.0,0.0,-48.5,-990.5,-862.5,3.5,-1.0,RTL
10:07:24,81274.0,0.02060778927989304,0.000122004003856091,-0.5855782777070999,0.3888288587331772,0.0008323280344484374,-0.0006028294446878135,-35.3632634,149.165235175,8762.5,12.25,17.25,19.5,0.0,12.0,-1033.25,387.75,1.5,2.0,RTL
10:07:25,81274.0,0.006819041911512613,0.0005026871876907535,-0.5847747325897217,-0.29646239802241325,-0.0014845248078927398,-0.001042356831021607,-35.3632633,149.1652353,8716.5,12.0,18.0,-5.5,-0.5,-2.0,-1004.0,-296.5,-0.5,1.0,RTL
10:07:27,26901.0,0.019656579475849867,-0.00013992490858072415,-0.5854243338108063,-0.13751664757728577,-0.0013907731627114117,5.388807039707899e-05,-35.36326335,149.1652352,8812.0,10.5,18.0,-1.0,-0.5,-15.0,-1001.5,-138.5,-0.5,2.5,RTL
10:07:29,26901.0,0.015970378182828426,0.0021014588419348,-0.584812581539154,0.43264079093933105,0.0008818414062261581,0.0004340556915849447,-35.363263149999995,149.16523535,8708.5,12.0,20.0,3.5,0.5,23.5,-1023.5,432.5,2.0,3.0,RTL
10:07:30,292210.0,0.005846885964274406,0.002345840766793117,-0.5848719477653503,0.13096840679645538,0.0018355346837779507,-0.002418545540422201,-35.363262750000004,149.165236075,8707.25,8.5,15.25,-0.25,0.5,4.25,-999.25,131.25,2.0,0.75,RTL
10:07:31,292210.0,-0.002343821106478572,0.0019519877387210727,-0.5853241682052612,-0.5442056655883789,-0.00332832639105618,-0.0016774832038208842,-35.36326255,149.1652365,8714.0,5.5,11.5,0.0,0.5,-24.5,-994.0,-543.5,-2.0,1.0,RTL
10:07:33,71757.0,0.008135111071169376,3.0697399779455736e-05,-0.5854949355125427,-0.10570235550403595,-0.001223434810526669,-0.0031828194623813033,-35.3632623,149.165237,8719.0,1.5,5.0,0.0,0.0,-18.5,-994.5,-106.0,0.0,0.0,RTL
10:07:35,71757.0,0.011473417980596423,0.0003497248108033091,-0.5854396522045135,0.43332909047603607,0.0020689148223027587,-0.0008092757780104876,-35.3632624,149.1652369,8718.5,3.0,6.0,0.0,0.0,28.5,-996.0,434.5,2.5,1.5,RTL
10:07:36,11962.0,-0.002566955969086848,0.00030848237656755373,-0.5860176533460617,-0.5086319968104362,-0.0009395750530529767,0.0004966805572621524,-35.3632624,149.1652369,8473.25,2.5,5.75,39.25,0.0,-13.5,-979.75,-507.25,0.0,3.0,RTL
10:07:37,11962.0,0.015692306216806173,-3.211209104847512e-05,-0.5858539342880249,0.8765978217124939,0.002871203701943159,0.0005165864713490009,-35.3632624,149.1652369,8167.5,2.5,5.5,39.0,-0.5,37.0,-1010.5,877.5,3.5,3.0,RTL
10:07:39,231297.0,0.01281657675281167,-0.0005005715938750654,-0.5861043632030487,0.20142141729593277,-0.0025915529404301196,-0.0007957203197292984,-35.3632624,149.1652371,7442.5,1.0,3.0,34.0,0.5,-15.0,-997.5,201.0,-2.0,1.0,RTL
10:07:41,231297.0,-0.0014546278398483992,-0.0005882375771761872,-0.5855502784252167,-0.3680388368666172,0.0010806446662172675,-0.005436090752482414,-35.3632623,149.1652376,6757.0,1.5,0.5,33.0,1.0,-37.5,-1006.5,-368.0,1.5,-2.5,RTL
10:07:42,147287.0,-5.661440081894398e-05,-0.00025297725733253174,-0.5856636315584183,0.5834880992770195,0.0002876071521313861,-0.0009062864119186997,-35.363261949999995,149.16523834999998,6336.75,-0.75,-3.5,34.5,0.75,14.5,-998.25,583.75,1.0,1.25,RTL
10:07:43,147287.0,-0.021401936188340187,-0.0004865237860940397,-0.5855168402194977,-0.820115476846695,0.001832629059208557,-0.0057999370619654655,-35.36326175,149.16523875000001,6081.0,-2.5,-7.5,34.0,1.0,-35.0,-1000.0,-819.0,2.5,-3.0,RTL
10:07:45,110394.0,-0.027892084792256355,-0.0013658879324793816,-0.5858842432498932,-0.2702762000262737,-0.0025315876118838787,0.0037003846373409033,-35.3632611,149.1652401,5407.5,-8.5,-17.5,33.5,0.0,5.0,-991.0,-268.5,-1.0,5.5,RTL
10:07:47,110394.0,0.0007555931806564331,-0.0038155735237523913,-0.5860922634601593,0.7173928022384644,-0.005879378644749522,0.0005033441120758653,-35.363261449999996,149.1652396,4727.5,-10.0,-19.5,33.5,-2.0,38.5,-1003.0,717.5,-4.5,2.5,RTL
10:07:48,132390.0,0.0036560945445671678,-0.004640182014554739,-0.5858591049909592,0.012511372566223145,0.0012083222391083837,4.335714038461447e-06,-35.363262125,149.165238325,4296.25,-5.0,-12.25,34.0,-2.75,13.5,-1002.5,13.5,2.25,2.25,RTL
10:07:49,132390.0,0.023130424320697784,-0.0059547689743340015,-0.5862827003002167,0.1207684874534607,-0.003851555986329913,-4.798319423571229e-05,-35.3632626,149.16523745,4037.0,-1.0,-6.5,34.0,-4.0,-11.5,-993.5,120.0,-3.0,2.0,RTL
10:07:51,237491.0,0.04252318665385246,-0.0031194804469123483,-0.5855603516101837,0.3777478113770485,0.001254543283721432,-0.0003835083916783333,-35.36326405,149.16523454999998,3348.0,13.0,15.0,33.0,-1.0,-2.5,-979.5,377.0,1.5,1.5,RTL
10:07:53,237491.0,0.021422818303108215,0.0018545599887147546,-0.5856727659702301,-0.017821654677391052,-0.0016491637798026204,-0.004678014200180769,-35.363263700000005,149.16523460000002,2681.5,17.5,24.5,34.0,0.5,-25.5,-994.0,-18.0,-1.0,-2.0,RTL
10:07:54,256348.0,0.012931843986734748,0.0017360711353830993,-0.5849818885326385,0.5415051290765405,-0.0012339189561316743,-0.0012073687394149601,-35.36326305,149.16523569999998,2258.0,12.75,19.0,33.75,1.5,15.25,-1005.5,542.25,-0.25,1.25,RTL
10:07:55,256348.0,-0.002147297840565443,0.0009569689864292741,-0.5850652158260345,-0.7361283898353577,-0.0027980893792118877,-0.005040663236286491,-35.36326285,149.1652363,1992.0,9.0,13.5,34.0,1.5,-41.5,-988.5,-735.0,-2.5,-2.5,RTL
10:07:57,113729.0,-0.011263692751526833,-0.0014040980604477227,-0.5855179727077484,-0.6938779503107071,-0.004186148609733209,-0.0021591726690530777,-35.3632624,149.1652375,1307.0,3.0,3.0,32.0,0.0,-23.5,-1002.0,-691.5,-3.5,0.0,RTL
10:07:59,113729.0,-0.007620455930009484,-0.0004606049187714234,-0.5850980877876282,0.2741847261786461,-0.0019170010928064585,0.002244994742795825,-35.36326205,149.16523825000002,628.5,1.0,-1.5,32.0,0.5,34.0,-1006.5,277.0,-1.5,4.0,RTL
10:08:00,197938.0,-0.011648417057585903,-0.0016395435959566385,-0.5855748504400253,-0.3811342269182205,-0.00044466403778642416,-0.0016355154803022742,-35.3632618,149.16523865,202.75,-2.5,-6.5,32.5,0.0,-14.0,-1000.25,-379.75,0.0,0.5,RTL
10:08:01,197938.0,0.0005395274347392842,-0.0012504244223237038,-0.5854723453521729,0.0006109474343247712,0.0013082771329209208,-0.0005166672053746879,-35.3632618,149.1652387,0.5,0.0,-5.5,30.0,0.0,-0.5,-1000.0,1.0,1.0,1.0,RTL
10:08:03,185747.0,0.0032358564203605056,0.0020128301111981273,-0.5860582292079926,0.0006677172495983541,0.0012915624538436532,-0.0004608999006450176,-35.3632618,149.1652389,0.0,-1.0,0.0,20.5,0.0,-1.0,-1000.0,1.0,1.0,1.0,RTL
10:08:05,185747.0,0.004833123181015253,0.003942580078728497,-0.5867260694503784,0.0006044665351510048,0.0012405309826135635,-0.0005912467604503036,-35.3632618,149.1652393,0.0,-3.0,4.0,13.5,-0.5,-0.5,-1000.0,1.5,1.0,1.0,RTL
10:08:07,185747.0,0.0050991362271209555,0.004231113009154797,-0.5878237088521322,0.0005863870804508527,0.0011300240876153111,-0.0006088146474212408,-35.3632619,149.1652396,0.0,-3.0,6.0,8.0,0.0,0.0,-1000.0,1.0,1.0,1.3333333333333333,RTL
10:08:09,185747.0,0.004886041550586621,0.0037436147686094046,-0.5894895593325297,0.0005158002798755964,0.0009918463183566928,-0.0006056030979380012,-35.3632619,149.1652396,0.0,-3.0,5.0,4.333333333333333,0.0,-0.6666666666666666,-1000.0,1.0,1.0,1.0,RTL
