time_stamp,RTL_ALT,MODE,roll,pitch,yaw,rollspeed,pitchspeed,yawspeed,lat,lon,relative_alt,vx,vy,vz,xacc,yacc,zacc,xgyro,ygyro,zgyro
01:28:31,22725.0,AUTO,-0.0008184214821085334,0.0010836456203833222,0.021949131041765213,0.00024283863604068756,0.00025054841535165906,0.0014159084530547261,-35.3632621,149.1652375,11.0,0.0,0.0,-1.0,0.0,1.0,-1000.0,0.0,0.5,0.5
01:28:33,22725.0,AUTO,-0.00047788306255824864,0.0015116905560716987,0.021554491482675076,0.00032946967985481024,0.0002699747565202415,0.0013661505072377622,-35.3632621,149.1652375,15.0,0.0,0.0,-1.0,0.0,1.0,-1000.0,0.0,0.5,1.0
01:28:34,10118.0,AUTO,0.0014008847356308252,0.0006099842794355936,0.021383649203926325,0.004260973888449371,-0.001214621981489472,0.001865773941972293,-35.3632621,149.1652375,83.25,0.0,0.0,-30.75,0.0,0.25,-1091.0,5.0,-1.0,0.75
01:28:35,10118.0,AUTO,0.012555526802316308,8.873845217749476e-05,0.02105504274368286,0.0204068417660892,-0.0021419512340798974,0.0016143055399879813,-35.3632621,149.1652375,937.5,0.0,3.0,-124.5,0.0,0.0,-1061.5,21.0,-1.5,0.5
01:28:37,10118.0,AUTO,0.004552142694592476,0.008890568045899272,-0.046153062023222446,-0.08991834428161383,0.03691699914634228,-0.06589404866099358,-35.36326115,149.1652431,3909.0,6.0,45.5,-148.0,4.0,-11.5,-997.0,-88.5,37.5,-65.5
01:28:39,79700.0,AUTO,-0.036708618979901075,0.006645511370152235,-0.11001648753881454,0.06258559599518776,0.006213472574017942,-0.010875468607991934,-35.36326095,149.1652428,6975.0,-9.5,-52.5,-149.5,-4.0,10.0,-1002.0,62.5,6.5,-10.5
01:28:41,149282.0,AUTO,0.05965748615562916,-0.02663259580731392,-0.07388394325971603,0.003912603482604027,-0.06104668043553829,0.08085436373949051,-35.363264349999994,149.1652343,10084.5,-13.5,8.5,-151.5,2.5,2.5,-998.0,4.5,-60.0,80.0
01:28:43,149282.0,AUTO,-0.02885474730283022,0.02014409890398383,-0.1431121714413166,0.024340783362276852,0.03201574366539717,-0.06980442255735397,-35.363260499999996,149.16523765,13161.5,27.5,-8.5,-152.5,-6.5,-3.5,-1003.5,24.5,32.0,-69.5
01:28:44,183554.0,AUTO,0.009997611166909337,0.03207321045920253,-0.18251823633909225,0.03794414969161153,-0.007484822301194072,-0.006916781247127801,-35.363259150000005,149.165235925,14723.75,-3.75,-16.0,-153.25,-3.0,2.5,-999.75,38.25,-7.0,-6.75
01:28:45,183554.0,AUTO,0.016413527075201273,0.01075948344077915,-0.17003784328699112,-0.014172227587550879,-0.021888467948883772,0.014006233075633645,-35.3632601,149.16523519999998,16286.5,-18.0,4.0,-152.0,2.0,2.0,-999.0,-13.0,-21.0,13.5
01:28:47,183554.0,AUTO,-0.0018072141683660448,-0.003886381513439119,-0.19045964628458023,0.0038288620417006314,0.0023849243007134646,-0.026617322117090225,-35.36326215,149.1652364,19399.0,-5.5,4.0,-153.0,1.0,0.0,-1000.0,4.0,2.5,-26.5
01:28:49,115139.0,AUTO,0.004429901484400034,0.003277795622125268,-0.24342935532331467,0.0011597618577070534,0.001588850689586252,-0.021510791964828968,-35.363262250000005,149.1652365,22517.0,0.0,1.0,-153.0,0.0,0.0,-1000.0,1.5,1.5,-21.0
01:28:51,46724.0,AUTO,0.002777931047603488,0.004676242591813207,-0.2744057774543762,0.014214875176548958,0.00044274074025452137,-0.00037614163011312485,-35.3632622,149.16523654999997,25627.5,-2.5,1.5,-153.0,0.0,0.0,-999.5,15.0,0.5,-0.5
01:28:53,46724.0,AUTO,0.005714590777643025,0.0020693677943199873,-0.23596837371587753,-0.005263265687972307,0.0005051764601375908,0.023078187368810177,-35.3632624,149.1652369,28733.0,-1.5,8.5,-152.0,1.0,-0.5,-1000.0,-4.0,1.0,22.5
01:28:54,44343.0,AUTO,-0.00019884866742359009,0.0016275537200272083,-0.21507075056433678,-0.003632929699961096,-0.0010354605183238164,0.01856618281453848,-35.3632624,149.16523765,30286.75,-0.25,7.5,-152.5,0.5,-1.0,-1000.75,-2.0,0.0,17.75
01:28:55,44343.0,AUTO,-0.001120763859944418,0.001038725720718503,-0.19743140786886215,0.0022279274417087436,0.00027334154583513737,0.017168821766972542,-35.3632624,149.16523805,31837.5,0.0,3.5,-153.0,0.0,0.0,-1000.0,2.5,1.0,16.5
01:28:57,44343.0,AUTO,0.0014077664818614721,0.0010649518226273358,-0.16888733953237534,0.003803829662501812,0.001606409321539104,0.012807569932192564,-35.3632623,149.16523805,34941.0,0.0,0.0,-153.0,0.0,0.0,-1000.0,4.5,2.0,12.5
01:28:59,79950.0,AUTO,-0.026725144125521183,0.018570153042674065,0.055821966379880905,-0.007750991731882095,-0.03206402063369751,0.24662081897258759,-35.36326285,149.1652369,37933.5,-18.0,-19.5,-124.0,1.5,4.5,-954.5,-6.5,-31.5,246.0
01:29:01,115557.0,AUTO,0.03182356618344784,-0.025928756222128868,0.18275147676467896,-0.2741380203515291,0.03913922794163227,-0.02816788014024496,-35.36326445,149.16523335,39568.0,15.5,15.5,-45.5,-1.5,-18.5,-971.0,-272.5,40.0,-27.5
01:29:03,115557.0,AUTO,-0.01803847122937441,0.017344786785542965,0.14050709456205368,0.019085615873336792,-0.04604460182599723,-0.00990946008823812,-35.3632612,149.16523795,39985.0,3.5,10.5,2.5,1.0,-8.5,-983.0,20.0,-45.0,-9.0
01:29:04,127083.0,AUTO,-0.0334302531555295,-0.016417323633504566,0.12604513578116894,0.43002983182668686,-0.04279791284352541,-0.009195316932164133,-35.36326125,149.16523752499998,39876.25,-1.25,-23.5,6.5,-1.75,14.25,-1014.0,430.5,-41.5,-8.5
01:29:05,127083.0,AUTO,-0.05305039323866367,-0.04953221417963505,7.389113306999207e-05,-0.6630686521530151,-0.016281810589134693,-0.40409733913838863,-35.36326055,149.165233,39833.5,25.0,-60.0,-1.0,-12.5,-20.5,-1004.0,-661.5,-15.0,-403.5
01:29:07,127083.0,AUTO,0.009858832461759448,-0.16326013952493668,-0.9727351367473602,-0.4638330042362213,-0.0492777144536376,-0.024133114144206047,-35.3632496,149.16520825,39841.5,109.0,-193.0,-2.0,-45.0,-46.0,-1005.0,-462.5,-48.0,-23.5
01:29:09,127998.0,AUTO,0.03758318908512592,-0.18626531958580017,-0.9595158100128174,-0.10138875059783459,0.0014253705739974976,-0.011226732283830643,-35.3632204,149.16514545,39896.0,215.0,-381.0,-6.5,-86.5,-56.0,-997.0,-100.5,2.0,-11.0
01:29:11,128913.0,AUTO,0.06699609756469727,-0.14488578587770462,-0.9729029536247253,0.18212170153856277,0.029801289550960064,-0.011438205372542143,-35.3631765,149.165051,40059.5,273.0,-473.5,-10.0,-108.5,-56.0,-995.5,182.0,30.5,-10.0
01:29:13,128913.0,AUTO,0.06172662973403931,-0.10418186336755753,-0.9821171760559082,-0.07742789387702942,0.02218084130436182,-0.012856564484536648,-35.3631261,149.16494525000002,40237.5,278.5,-482.0,-9.0,-113.5,-60.0,-990.5,-77.0,23.0,-12.5
01:29:14,19955.0,AUTO,0.07091360073536634,-0.06495859939604998,-0.9842320382595062,-0.016702480614185333,0.055706131272017956,-0.006858808919787407,-35.363101625,149.16489322500001,40315.75,263.75,-460.25,-10.75,-109.75,-61.75,-992.75,-16.25,55.75,-6.5
01:29:15,19955.0,AUTO,0.07744059339165688,-0.01642894506221637,-0.9872621297836304,-0.0012007011100649834,0.05815613828599453,-0.015790770761668682,-35.3630795,149.1648451,40398.0,233.5,-399.5,-7.0,-94.5,-58.5,-992.0,0.0,58.5,-15.5
01:29:17,19955.0,AUTO,0.04930718243122101,0.06892350688576698,-0.9946830570697784,0.30107200238853693,0.03373893816024065,-0.010895447805523872,-35.36304605,149.1647761,40448.0,132.0,-208.5,-2.5,-49.5,-23.5,-1004.5,301.0,34.0,-10.5
01:29:19,21514.5,AUTO,0.016670493874698877,0.03992320038378239,-0.9999260306358337,0.3368683084845543,-0.01733114803209901,-0.0019618698861449957,-35.363032149999995,149.16474955,40432.0,32.5,-52.5,-2.5,-11.5,2.0,-1001.5,337.5,-16.0,-1.5
01:29:21,23074.0,AUTO,0.008799260715022683,-0.005027351668104529,-1.0077021718025208,-0.015123635530471802,-0.024577271193265915,-0.0002451981999911368,-35.363031050000004,149.1647454,40439.0,0.0,-2.0,-1.5,-1.5,-0.5,-991.0,-14.5,-23.5,0.0
01:29:23,23074.0,RTL,0.005929379949520808,-0.004229974001646042,-1.0128703117370605,-0.22222493961453438,0.0025870860554277897,-0.0032000424107536674,-35.36303155,149.16474495,40510.0,5.5,-2.0,-16.0,0.0,-11.5,-1017.5,-220.5,2.5,-2.0
01:29:24,256151.0,RTL,0.0018379659304628149,-0.0023114176001399755,-1.0148068368434906,0.0075440481305122375,0.0005429793091025203,-0.0019312196818646044,-35.363031275,149.1647449,40826.0,3.5,-0.5,-53.5,0.0,-1.5,-1046.75,8.5,1.0,-0.75
01:29:25,256151.0,RTL,-0.001039070964907296,-0.0037726768059656024,-1.0163334608078003,0.05081821791827679,-0.0019399795564822853,-0.0024534392869099975,-35.363031050000004,149.16474505000002,41603.0,0.0,-0.5,-97.0,0.0,4.5,-1044.5,52.0,-1.5,-1.0
01:29:27,256151.0,RTL,0.04555824678391218,-0.01175537146627903,-1.0184552073478699,0.04134448245167732,-0.008205443387851119,-8.043186971917748e-05,-35.363030050000006,149.16474555,44277.5,18.5,5.0,-148.0,0.5,-3.0,-1001.0,42.0,-7.0,0.5
01:29:29,223602.0,RTL,-0.0643083043396473,0.0007375465938821435,-1.0994431376457214,0.02037119586020708,-0.0056990880984812975,-0.020154183264821768,-35.36302565,149.1647473,47311.0,-18.0,-5.0,-148.0,-1.0,1.5,-1004.0,21.5,-4.5,-19.0
01:29:31,191053.0,RTL,0.04106378182768822,-0.004150907043367624,-1.0951630473136902,0.02790533658117056,-0.03773839399218559,0.04722123849205673,-35.3630334,149.16474434999998,50409.5,-35.5,5.0,-151.0,-2.5,8.5,-1001.5,29.0,-37.5,47.5
01:29:33,191053.0,RTL,-0.005734237609431148,0.000918662641197443,-1.0891464352607727,-0.014706362038850784,0.04281489737331867,-0.06487478315830231,-35.363033,149.164743,53504.5,20.0,-11.5,-149.5,-3.5,-5.5,-1003.0,-14.0,43.0,-63.5
01:29:34,55802.0,RTL,0.0033068721095332876,0.01959746005013585,-1.1386326551437378,0.022507305722683668,0.0023530531907454133,-0.023400341859087348,-35.363032075,149.16474095,55068.5,-0.25,-3.5,-152.0,-2.5,-0.75,-1000.25,23.0,3.0,-22.0
01:29:35,55802.0,RTL,0.015018306206911802,0.012345089577138424,-1.1483808159828186,0.0038638049736618996,-0.010060410015285015,-0.0018832398345693946,-35.36303235,149.16474069999998,56627.5,-2.5,13.0,-151.5,0.5,1.0,-999.5,5.0,-8.5,-0.5
01:29:37,55802.0,RTL,0.005489014089107513,-0.005300532560795546,-1.1698476672172546,-0.0002720004413276911,-0.002252188976854086,-0.02018205588683486,-35.3630325,149.16474295,59745.0,3.0,15.0,-151.5,1.5,0.0,-1000.0,1.0,-1.5,-18.5
01:29:39,55802.0,RTL,0.007966793142259121,-0.0014988823095336556,-1.2235859036445618,0.0030568791553378105,0.003671798389405012,-0.025565574876964092,-35.36303235,149.1647436,62862.5,3.0,5.5,-152.0,0.0,0.0,-1000.0,4.0,4.5,-24.5
01:29:40,263155.0,RTL,0.00912338774651289,0.00011545941379154101,-1.2483193278312683,0.0007376560097327456,0.002100770885590464,-0.023073562420904636,-35.363032275,149.16474365000002,64421.25,3.5,6.25,-152.0,0.0,0.0,-999.75,1.75,2.75,-21.25
01:29:41,263155.0,RTL,0.0083428961224854,-3.603885124903172e-05,-1.270009160041809,-0.00060396728804335,0.0018621466006152332,-0.019820735789835453,-35.363032149999995,149.16474375,65979.0,4.0,7.0,-152.0,0.0,0.0,-1000.0,0.0,3.0,-18.0
01:29:43,263155.0,RTL,0.0071850724052637815,-0.0005676748805854004,-1.3100751042366028,0.0017386257823091,0.0026941472315229475,-0.008716737269423902,-35.36303185,149.16474415,69095.0,3.5,6.5,-152.0,0.0,0.0,-999.5,2.5,3.5,-8.0
01:29:45,154066.0,RTL,0.006970381364226341,-0.0015223769005388021,-1.2831670045852661,-0.0012121823383495212,-0.0027340821688994765,0.02790661808103323,-35.3630315,149.16474475,72199.0,4.5,7.5,-151.5,0.5,0.0,-1000.5,0.5,-1.5,28.5
01:29:47,44977.0,RTL,0.004942487692460418,-0.003430098295211792,-1.2390460968017578,0.0018055225373245776,0.00022298411931842566,0.021904068998992443,-35.363031250000006,149.1647452,75301.0,2.5,3.0,-152.0,0.0,0.0,-1000.0,3.0,1.0,22.5
01:29:49,44977.0,RTL,0.006079161539673805,-0.0035954336635768414,-1.2063674926757812,0.0007203363347798586,-0.00012161341146565974,0.01393933454528451,-35.3630313,149.16474515,78406.5,0.0,1.0,-152.0,0.0,0.0,-1000.0,2.0,0.5,15.0
01:29:50,109251.0,RTL,0.00666621164418757,-0.003960524860303849,-1.1938859522342682,-0.0007206929149106145,-0.00042465029400773346,0.012863349635154009,-35.3630313,149.16474502500003,79960.25,0.75,1.0,-152.0,0.0,0.0,-999.75,1.25,1.0,14.0
01:29:51,109251.0,RTL,0.006991874426603317,-0.0035005022073164582,-1.1827616095542908,-0.0010883295617531985,0.0003628786071203649,0.011574916075915098,-35.3630314,149.16474495,81514.5,1.0,1.0,-152.0,0.0,0.0,-1000.0,0.0,1.5,12.5
01:29:53,109251.0,RTL,0.006581561407074332,-0.0027129583759233356,-1.1648770570755005,-0.0002709697582758963,-0.00028602717793546617,0.00893854396417737,-35.3630314,149.1647447,84625.0,1.0,1.5,-152.0,0.0,0.0,-1000.0,1.0,1.0,9.5
01:29:55,75225.0,RTL,0.005786530440673232,-0.003093076287768781,-1.151276171207428,0.00039502332219853997,-4.69051010441035e-05,0.0069958537351340055,-35.3630314,149.1647446,87730.5,1.0,2.0,-152.0,0.0,0.0,-1000.5,2.0,1.0,8.0
01:29:57,41199.0,RTL,0.006006577285006642,-0.0033863415010273457,-1.139264464378357,0.0003476725541986525,0.0022442576591856778,0.005825334694236517,-35.3630314,149.1647446,90837.0,0.5,2.0,-152.0,0.0,0.0,-999.5,2.0,3.5,7.0
01:29:59,41199.0,RTL,0.006162331672385335,-0.0034945884253829718,-1.1302081942558289,0.00034863181645050645,0.0003649502177722752,0.0065506671089679,-35.3630314,149.1647446,93558.5,0.0,2.0,-152.0,0.0,0.0,-999.5,1.5,1.5,7.5
01:30:00,29019.0,RTL,0.006184511911123991,-0.0032699634321033955,-1.1244244575500488,-0.0004543945891782641,0.00028507779352366925,0.005318432115018368,-35.3630314,149.1647446,95457.0,1.0,2.0,-152.0,0.0,0.0,-999.8,1.4,1.4,6.4
01:30:01,29019.0,RTL,0.006227116100490093,-0.0030326248379424214,-1.1196397542953491,0.0008340828935615718,-0.0005776045727543533,0.004556667758151889,-35.3630314,149.16474455000002,97203.5,0.5,2.0,-152.0,0.0,0.0,-1000.5,2.0,0.5,5.5
01:30:03,29019.0,RTL,0.005966572789475322,-0.0030975164845585823,-1.1113758087158203,-0.0010865310905501246,-0.0004168458399362862,0.004416540148667991,-35.3630314,149.1647445,100308.5,0.0,2.0,-152.0,0.0,0.0,-1000.0,0.0,1.0,6.0
01:30:05,29019.0,RTL,0.006288932636380196,-0.0033772792667150497,-1.105249047279358,-0.0005567830521613359,-0.0006699279183521867,0.006242753006517887,-35.3630314,149.1647445,102841.0,0.0,2.0,-152.0,0.0,0.0,-1000.0,1.0,1.0,7.0
01:30:06,59847.0,RTL,0.005884323082864284,-0.003627567598596215,-1.1015952587127686,0.0011579066747799515,0.0005042579723522067,0.003861053101718426,-35.3630314,149.1647445,104781.2,0.0,2.0,-152.0,0.0,0.0,-1000.2,2.6,2.0,5.2
01:30:07,59847.0,RTL,0.006106176879256964,-0.003573281690478325,-1.09943425655365,0.002871254924684763,0.0012649165000766516,0.0038833841681480408,-35.3630314,149.1647445,105948.0,0.0,2.0,-152.0,0.0,0.0,-1000.0,4.0,3.0,5.0
01:30:09,59847.0,RTL,0.006181271281093359,-0.0033161272294819355,-1.094175100326538,0.00019702641293406487,-0.0012433311203494668,0.003082077484577894,-35.3630314,149.1647445,109051.0,0.0,2.0,-152.0,0.0,0.0,-1000.0,2.0,0.0,4.0
01:30:11,59847.0,RTL,0.006470765918493271,-0.003249455476179719,-1.0894378423690796,0.003282833145931363,0.004200956784188747,0.00241640442982316,-35.3630314,149.1647445,111963.0,1.0,2.0,-152.0,0.0,0.0,-1000.0,3.0,4.0,4.5
01:30:12,121040.0,RTL,0.006336489971727133,-0.003084184043109417,-1.087029767036438,0.001227850280702114,0.001442915853112936,0.0024939124938100576,-35.3630314,149.1647445,114101.0,1.0,2.0,-152.0,0.0,0.0,-1000.0,3.0,3.0,4.0
01:30:13,121040.0,RTL,0.006032006815075874,-0.0029512897599488497,-1.0855176448822021,0.00294537958689034,0.001962647307664156,0.0050653135403990746,-35.3630314,149.1647445,115266.0,1.0,2.0,-152.0,0.0,0.0,-1000.0,5.0,3.0,6.0
01:30:15,121040.0,RTL,0.006068162154406309,-0.0033996037673205137,-1.0820705890655518,0.0014577098190784454,-0.0002685021609067917,0.002558500738814473,-35.3630314,149.1647445,118374.0,0.0,2.0,-152.0,0.0,0.0,-1000.0,3.0,1.0,4.0
01:30:17,76006.5,RTL,0.005695760250091553,-0.0037602228112518787,-1.0789884328842163,0.0023193485103547573,-0.0011202836176380515,0.0026556742377579212,-35.3630314,149.1647445,121476.0,0.0,2.0,-152.0,0.0,0.0,-1001.0,4.0,0.0,4.0
01:30:19,30973.0,RTL,0.005136040970683098,-0.003156237304210663,-1.076476812362671,0.000779345165938139,-0.0006314899073913693,0.0030431097839027643,-35.3630314,149.1647445,124593.0,0.0,2.0,-152.0,0.0,0.0,-999.0,2.0,1.0,4.0
01:30:21,30973.0,RTL,0.006732526235282421,-0.004067319678142667,-1.0735448002815247,-0.001220554462634027,-0.00018447462935000658,0.0005652871914207935,-35.3630314,149.1647445,127498.5,0.0,2.0,-152.0,0.0,0.0,-1000.0,1.0,1.5,2.5
01:30:22,54267.0,RTL,0.006326426006853581,-0.0035528506152331827,-1.0721328735351563,0.0001560898730531335,0.0006474909372627735,0.0014703877503052353,-35.3630315,149.1647445,129635.0,1.0,1.8,-152.0,0.0,0.0,-999.8,2.0,2.4,3.0
01:30:23,54267.0,RTL,0.005999243818223476,-0.0034937902819365263,-1.0716753005981445,-0.00048118585254997015,-0.0011269734241068363,0.0038636974059045315,-35.3630315,149.1647445,130799.0,1.0,2.0,-152.0,0.0,0.0,-1000.0,1.0,1.0,6.0
01:30:25,54267.0,RTL,0.005848137428984046,-0.003248400753363967,-1.0696161389350891,-0.0012338419910520315,-4.5149936340749264e-05,0.002022314933128655,-35.3630315,149.1647445,133719.5,1.0,2.0,-152.0,0.0,0.0,-1000.0,0.5,1.5,3.5
01:30:27,32172.5,RTL,0.005818723235279322,-0.0034288548631593585,-1.068343997001648,-0.0020163084845989943,-0.0001706081093288958,-0.00044097291538491845,-35.3630315,149.1647445,136829.5,0.0,2.0,-152.0,0.0,0.0,-1000.0,0.5,1.5,1.0
01:30:29,10078.0,RTL,0.0058221835643053055,-0.0034536129096522927,-1.0670225024223328,0.001385907526127994,0.0005008070729672909,0.001256743329577148,-35.3630315,149.1647445,139934.0,0.0,2.0,-152.0,0.0,0.0,-1000.5,3.5,2.5,3.0
01:30:31,10078.0,RTL,0.005964085692539811,-0.0034990706481039524,-1.0657716393470764,-0.000365850399248302,-0.0003599226474761963,0.00045906275045126677,-35.3630315,149.1647445,143041.0,0.0,2.0,-152.0,0.0,0.0,-1000.5,2.0,1.5,2.5
01:30:32,84914.0,RTL,0.0059736458584666256,-0.003414171654731035,-1.0653526067733765,0.0007245287764817476,-0.00024103913456201552,0.0013316592900082468,-35.3630315,149.1647445,145178.6,0.0,2.0,-152.0,0.0,0.0,-1000.0,3.0,1.5,2.5
01:30:33,84914.0,RTL,0.005927872844040394,-0.0034836591221392155,-1.0647553205490112,-0.0028339906129986048,-0.000659094424918294,-0.0005120898131281137,-35.3630315,149.1647445,146345.0,0.0,2.0,-152.0,0.0,0.0,-1000.0,0.0,1.0,2.5
01:30:35,84914.0,RTL,0.005814285716041923,-0.0029879648936912417,-1.0638257265090942,-0.0006080849561840296,0.007933605345897377,0.002557908766902983,-35.3630315,149.16474455000002,149254.5,0.0,2.0,-152.0,0.0,0.0,-998.5,1.5,10.0,4.0
01:30:37,84914.0,RTL,-0.0018725774692332682,0.07795644551515579,-1.0617678960164387,-0.006479036062955856,0.03337240839997927,0.001009537683178981,-35.363033900000005,149.16475023333334,152502.0,-37.0,70.33333333333333,-145.0,13.333333333333334,7.0,-994.6666666666666,-3.6666666666666665,35.333333333333336,3.0
01:30:38,58843.0,RTL,-0.029875265434384346,0.17404154688119888,-0.8773942440748215,-0.055323753505945206,0.06402693316340446,0.393600907176733,-35.363040999999996,149.16476515,154164.5,-106.0,158.0,-107.25,34.0,16.25,-945.5,-52.5,66.25,395.25
01:30:39,58843.0,RTL,0.039340538904070854,0.14099307358264923,-0.5996290743350983,0.09690524637699127,-0.11230237409472466,0.20913328975439072,-35.3630502,149.16478055,154827.5,-172.0,221.5,-57.5,58.5,17.5,-940.5,99.0,-109.5,211.0
01:30:41,58843.0,RTL,0.060783589258790016,0.16592278331518173,-0.5080651640892029,0.267302043735981,0.012112371157854795,-0.03352839732542634,-35.36308165,149.16484935,154952.0,-189.0,399.0,25.0,98.0,5.5,-996.0,269.5,14.0,-30.5
01:30:43,62198.0,RTL,-0.0058877915143966675,0.15817712247371674,-0.5954922139644623,0.06152234971523285,-0.019114799797534943,-0.04253289196640253,-35.36312355,149.16494914999998,154706.0,-270.0,481.5,0.0,126.0,8.5,-998.5,63.5,-17.0,-39.5
01:30:45,65553.0,RTL,-0.027255590073764324,0.10662286728620529,-0.6759397983551025,-0.18530649389140308,-0.03604732360690832,-0.058861926198005676,-35.363175,149.1650566,154763.5,-282.5,479.0,-1.5,128.0,17.5,-992.0,-183.0,-33.5,-56.0
01:30:47,65553.0,RTL,-0.04665735363960266,0.008090611663646996,-0.7344333827495575,0.17620766907930374,-0.04471185244619846,-0.05835510604083538,-35.36322235,149.165154,154806.0,-222.5,380.0,1.5,99.5,20.0,-977.0,178.0,-42.0,-55.5
01:30:48,210922.0,RTL,-0.06650769338011742,-0.05028828885406256,-0.7591073215007782,-0.6766567192971706,-0.022983513365034014,-0.043075449648313224,-35.3632436,149.16519797499998,154781.25,-155.25,260.75,1.75,73.0,-2.0,-1009.25,-673.75,-20.5,-40.5
01:30:49,210922.0,RTL,-0.052678029984235764,-0.061189692467451096,-0.7709999978542328,0.6439756155014038,-0.014014001935720444,-0.007133144652470946,-35.3632523,149.16521735,154770.0,-112.0,182.0,2.5,53.5,35.5,-1003.0,646.5,-11.5,-5.0
01:30:51,210922.0,RTL,-0.028718546964228153,-0.04834990203380585,-0.8070218861103058,0.679523378610611,0.0069630867801606655,-0.019604230765253305,-35.363262199999994,149.16524155000002,154747.0,-41.5,21.5,2.0,10.5,23.0,-1001.5,681.0,8.5,-17.0
01:30:53,129552.0,RTL,0.013880102429538965,-0.009617003845050931,-0.8332015872001648,0.6202125251293182,0.029046296142041683,-0.006488723214715719,-35.3632643,149.16524325,154751.0,-9.0,-20.5,1.0,-3.0,20.0,-995.5,621.0,31.0,-4.0
01:30:55,48182.0,RTL,-0.003081505925365491,-0.015174542088061571,-0.8506097197532654,-0.5218519419431686,0.0038665980100631714,-0.0034068021923303604,-35.36326425,149.16524175,154745.5,1.5,-17.0,0.5,-2.0,-27.0,-995.0,-520.0,5.5,-1.5
01:30:57,48182.0,RTL,0.014785032253712416,-0.00959404930472374,-0.863345205783844,0.18961862474679947,0.0011296652955934405,-0.008003078866750002,-35.363264,149.1652391,154741.5,8.0,-9.0,0.5,-3.5,24.0,-993.5,192.0,3.0,-5.0
01:30:58,57154.0,RTL,0.015591509290970862,-0.0075110080651938915,-0.8705209940671921,-0.5658941492438316,0.001783203799277544,-0.006971903028897941,-35.363264025,149.16523775,154728.75,11.5,-1.5,4.75,-1.0,-27.5,-980.0,-564.5,3.5,-4.25
01:30:59,57154.0,RTL,0.003740656888112426,-0.006014577345922589,-0.8750572800636292,-0.2992332661524415,0.00028946553356945515,-0.0014290428953245282,-35.36326375,149.1652375,154597.5,13.5,1.5,40.5,0.5,12.5,-940.0,-296.5,1.5,1.0
01:31:01,57154.0,RTL,-0.016334985848516226,-0.004986974410712719,-0.885251522064209,-0.7179597020149231,-0.005135942017659545,-0.0061139208264648914,-35.36326245,149.1652378,152710.0,6.0,1.0,111.5,0.0,7.5,-994.0,-714.0,-2.5,-3.0
01:31:03,77761.5,RTL,0.007601887220516801,-0.0064265483524650335,-0.8954536318778992,0.00540575385093689,0.005617913324385881,-0.0072144512087106705,-35.363261800000004,149.1652386,150593.5,-2.0,-7.0,102.5,5.0,-50.5,-975.0,5.5,7.0,-5.0
01:31:05,98369.0,RTL,-0.03081490285694599,-0.007256178883835673,-0.9017163515090942,0.8631789982318878,-0.009827692760154605,0.0006622844375669956,-35.363258650000006,149.16524175,148578.5,-26.5,-26.0,99.0,2.0,-2.0,-980.5,862.0,-8.0,3.0
01:31:07,98369.0,RTL,0.0031520427801297046,-0.01566894445568323,-0.9076563715934753,1.5587499141693115,0.0022901452612131834,-0.0008470972534269094,-35.3632595,149.1652416,146523.0,-31.5,-34.0,103.5,-2.5,71.0,-949.0,1559.5,4.0,1.5
01:31:08,110877.0,RTL,-0.02692604809999466,-0.013865136075764894,-0.9130938500165939,-1.3367758691310883,-0.001943682407727465,0.0012927502975799143,-35.363260600000004,149.165240325,145263.5,-24.5,-28.75,97.5,-4.75,-31.0,-1027.0,-1336.25,-0.5,3.25
01:31:09,110877.0,RTL,-0.009044703445397317,-0.013647431507706642,-0.9147868752479553,-1.5948886275291443,0.004978346871212125,0.002857916639186442,-35.3632616,149.16523915,144500.5,-19.0,-23.0,102.0,-6.5,-55.0,-970.0,-1594.5,6.5,5.0
01:31:11,110877.0,RTL,0.017036608885973692,0.000581612839596346,-0.9186289310455322,0.7435945719480515,0.010006658267229795,-0.004783802316524088,-35.36326195,149.16523775000002,142453.0,0.5,-6.0,101.5,5.0,-17.0,-920.5,740.5,11.0,-2.5
01:31:13,60262.5,RTL,-0.07349075749516487,0.0040288271848112345,-0.9231949150562286,0.9879964590072632,-0.01000295183621347,0.004721601842902601,-35.36325655,149.16524220000002,140436.5,-33.5,-24.5,102.5,6.5,59.5,-1032.0,987.5,-8.0,6.5
01:31:15,9648.0,RTL,-0.04230177029967308,-0.02302152756601572,-0.9260461032390594,-0.09030821919441223,-0.008116191951557994,0.00037476932629942894,-35.36325755,149.1652429,138421.5,-60.5,-44.5,107.5,-8.5,55.0,-949.5,-90.5,-6.0,2.0
01:31:17,9648.0,RTL,0.05542338080704212,-0.01563746202737093,-0.9307638108730316,0.14379842579364777,0.0031926408992148936,0.0008859671652317047,-35.36326385,149.16523725000002,136342.5,-8.5,-15.5,105.0,-7.0,-28.0,-988.0,139.0,4.5,4.0
01:31:18,48889.0,RTL,0.06039839331060648,-0.0075743976049125195,-0.9294073730707169,1.2991172075271606,0.0029668257338926196,-0.002494148095138371,-35.363265549999994,149.1652349,135086.5,23.5,9.25,102.5,-0.75,57.75,-1032.25,1296.75,4.25,0.5
01:31:19,48889.0,RTL,0.032765163108706474,-0.004186198581010103,-0.9303498268127441,1.1225144863128662,0.008231851737946272,0.004479468683712184,-35.3632653,149.16523475000002,134334.5,31.5,17.0,103.5,1.0,78.5,-971.5,1121.0,9.5,7.0
01:31:21,48889.0,RTL,-0.020594035275280476,-0.004712835419923067,-0.932428628206253,-0.5595654845237732,0.0014727064408361912,-0.006764970370568335,-35.3632632,149.16523660000001,132279.0,17.0,10.5,102.5,2.5,5.5,-951.5,-559.0,2.5,-3.0
01:31:23,48889.0,RTL,0.025578820146620274,-0.011485693510621786,-0.9356952011585236,0.002037636935710907,-0.004813203238882124,0.007507962174713612,-35.36326285,149.16523745,130213.0,3.5,0.0,104.0,-1.5,-50.5,-944.5,-2.0,-3.5,10.0
01:31:24,95641.0,RTL,0.01621983596123755,-0.007295521441847086,-0.9366708546876907,0.6564522609114647,0.009780541993677616,0.0048602885799482465,-35.3632634,149.165236875,128935.0,10.25,3.25,98.0,0.25,67.0,-968.0,656.5,10.25,7.75
01:31:25,95641.0,RTL,-0.0016603782423771918,-0.003696488798595965,-0.9370895326137543,-0.0006371885538101196,0.006240350427106023,0.0018393851350992918,-35.36326315,149.1652369,128178.0,12.0,4.5,101.5,1.5,38.0,-988.0,-0.5,7.0,4.5
01:31:27,95641.0,RTL,-0.045458680018782616,-0.0004131702517042868,-0.9395405352115631,-1.4337815046310425,-0.003159540006890893,0.004128083121031523,-35.363260249999996,149.16523899999999,126126.0,-8.5,-6.0,98.0,3.5,-56.5,-984.0,-1435.5,-1.5,6.5
01:31:29,74155.5,RTL,0.002022476983256638,-0.009264057036489248,-0.9407265484333038,-0.0004323362372815609,-0.005740463733673096,0.004339079838246107,-35.36325975,149.1652397,124090.0,-29.0,-17.0,103.0,-3.0,-36.0,-962.5,-4.5,-4.0,7.0
01:31:31,52670.0,RTL,0.05461202375590801,-0.011851085349917412,-0.9418221712112427,1.0449407696723938,0.008018155815079808,0.006732282228767872,-35.363263450000005,149.16523665,122037.5,-1.5,-1.0,99.0,-4.0,20.5,-971.5,1040.5,9.0,10.0
01:31:33,52670.0,RTL,0.05968036688864231,-0.005541730439290404,-0.9429779350757599,1.2661564946174622,-0.00046340376138687134,-0.005114851053804159,-35.3632654,149.1652343,120007.5,27.5,20.5,97.5,-1.0,44.0,-986.5,1263.5,1.0,-1.5
01:31:34,18696.0,RTL,0.01987348194234073,-0.00328661419916898,-0.9427145719528198,-0.590618971735239,-0.001311248866841197,0.001978969667106867,-35.3632655,149.16523404999998,118730.5,34.5,26.0,102.0,1.25,11.5,-999.5,-590.0,0.25,5.0
01:31:35,18696.0,RTL,0.008310862351208925,-0.0028216912178322673,-0.9427466988563538,-0.25503943860530853,0.0016902766656130552,0.012775975279510021,-35.363265,149.1652345,117992.5,35.5,27.0,99.5,0.5,24.5,-978.0,-254.0,3.0,15.5
01:31:37,18696.0,RTL,0.03327738493680954,-0.005114112049341202,-0.9440318644046783,1.2589752972126007,0.0039260725025087595,0.00822682399302721,-35.363264150000006,149.16523545,115828.0,22.0,18.5,102.5,1.0,61.0,-1053.5,1259.0,5.0,11.0
01:31:39,143790.0,RTL,0.008727473905310035,0.0018666638061404228,-0.9463173151016235,0.7016342207789421,-0.005019413772970438,0.006111519178375602,-35.36326185,149.16523745,113872.0,7.0,6.0,108.5,4.5,-34.5,-948.0,699.5,-3.5,8.5
01:31:41,268884.0,RTL,-0.04224858246743679,-0.0010232090280624107,-0.945108950138092,0.2563175670802593,-0.008348999312147498,-0.0013734304811805487,-35.3632576,149.1652413,111727.0,-31.0,-19.0,99.5,3.0,-33.0,-1054.0,252.5,-6.0,2.0
01:31:43,268884.0,RTL,-0.002491657854989171,-0.016219928860664368,-0.9473195374011993,1.4377198219299316,0.0007454973529092968,-0.0027997997822239995,-35.3632587,149.16524125,109686.0,-48.0,-32.5,98.0,-6.0,83.5,-1006.5,1436.5,2.0,0.0
01:31:44,37730.0,RTL,-0.014958192827180028,-0.009478902909904718,-0.9463170319795609,-1.262566715478897,0.01202521298546344,0.00031206978019326925,-35.36326075,149.16523934999998,108420.25,-25.75,-21.75,97.75,-2.5,-37.75,-979.75,-1263.5,13.0,3.0
01:31:45,37730.0,RTL,-0.014896730426698923,-0.0031890029786154628,-0.9461521208286285,-1.4964081645011902,0.006358531070873141,0.002463922370225191,-35.363261,149.16523875000001,107655.0,-18.5,-16.0,100.5,-0.5,-63.0,-982.0,-1498.5,7.5,5.5
01:31:47,37730.0,RTL,-0.04556076601147652,-0.001616253808606416,-0.9460636675357819,-1.3472310900688171,-0.00195190473459661,-0.007943361066281796,-35.3632593,149.16523955000002,105618.5,-24.5,-15.0,99.5,0.0,-33.0,-1003.0,-1349.5,-0.5,-4.5
01:31:49,50853.0,RTL,-0.008491655113175511,-0.014691995456814766,-0.9464100003242493,-1.3746443688869476,-0.004862483416218311,-0.0025013084523379803,-35.3632609,149.16523885,103581.5,-25.0,-14.5,103.5,-7.0,-20.5,-945.0,-1377.0,-3.0,1.0
01:31:51,50853.0,RTL,0.06885848939418793,-0.012264363933354616,-0.9463890194892883,-0.5039477273821831,0.008523377124220133,-0.0076286690309643745,-35.36326615,149.16523445,101532.0,18.5,10.0,100.5,-4.0,-54.5,-1021.0,-508.0,9.5,-4.0
01:31:53,50853.0,RTL,0.021094726398587227,0.006892332807183266,-0.9455013275146484,1.2683361768722534,0.004531670419964939,0.008662167005240917,-35.3632643,149.16523465,99517.0,34.0,24.0,105.0,8.0,56.0,-970.0,1266.0,6.0,11.5
01:31:54,83581.0,RTL,-0.04815245047211647,0.0066586112370714545,-0.9451638609170914,-0.8309843614697456,-0.0027596644940786064,0.006998353928793222,-35.36326095,149.165237475,98246.25,8.25,9.75,103.25,6.75,-12.75,-1009.75,-831.75,-0.75,9.75
01:31:55,83581.0,RTL,-0.06893394142389297,0.0015942226455081254,-0.9446026682853699,-1.3229756951332092,-0.0044674602104350924,-0.00704173231497407,-35.363259,149.1652393,97494.0,-12.5,-2.0,101.5,1.5,-53.0,-1019.5,-1325.5,-3.0,-3.5
01:31:57,83581.0,RTL,-0.041968267410993576,-0.008934651967138052,-0.9445548057556152,-1.4197365641593933,-0.0016234334907494485,0.0026449363213032484,-35.363258650000006,149.1652408,95475.5,-35.5,-22.5,104.5,-0.5,-45.5,-1039.0,-1422.5,0.0,6.0
01:31:59,83581.0,RTL,0.010713129071518779,-0.009937891736626625,-0.9459829032421112,1.0937899053096771,0.0021912252414040267,0.00539364549331367,-35.36325985,149.16523990000002,93397.0,-31.0,-22.0,108.0,-3.0,28.0,-1052.5,1088.5,3.5,8.5
01:32:00,9932.0,RTL,0.009898177784634754,-0.00776293920353055,-0.9460326284170151,1.1279209703207016,0.006407582783140242,0.003326963575091213,-35.363260925000006,149.165238725,92114.0,-17.0,-12.5,99.0,-2.25,77.25,-984.75,1124.75,7.75,6.5
01:32:01,9932.0,RTL,0.00856796745210886,-0.006848641904070973,-0.9461619853973389,1.2281134724617004,-0.0005318309995345771,0.006377859273925424,-35.36326135,149.1652382,91343.5,-12.5,-8.0,101.0,-2.5,77.0,-1013.5,1224.5,0.5,9.5
01:32:03,9932.0,RTL,0.05616210028529167,-0.013617496006190777,-0.9454789459705353,1.1111628711223602,0.0028832319658249617,0.005092692677862942,-35.363264900000004,149.16523515,89279.0,10.5,9.5,96.5,-6.5,78.5,-1006.0,1109.0,4.0,8.5
01:32:05,97419.5,RTL,0.03955276186267535,-0.006107423144082229,-0.9460222721099854,-1.3241138060887654,0.0006167540171494087,-0.001032557028035323,-35.363266900000006,149.16523306666667,87369.66666666667,41.0,29.666666666666668,96.33333333333333,-1.6666666666666667,-49.333333333333336,-1029.6666666666667,-1326.6666666666667,2.3333333333333335,2.0
01:32:07,184907.0,RTL,0.04280143417418003,-0.003943975083529949,-0.9447687864303589,-0.5783256739377975,0.0006935428828001022,-0.004364341963082552,-35.36326645,149.16523325,85207.0,45.0,34.5,99.0,0.5,-58.5,-1018.0,-582.0,3.0,-1.0
01:32:09,184907.0,RTL,0.0610013622790575,-0.004966905573382974,-0.9455157816410065,1.0163583755493164,0.003216453827917576,0.013451737351715565,-35.363266249999995,149.16523375,83140.0,42.0,32.0,102.0,2.0,9.5,-995.0,1013.5,4.5,16.5
01:32:10,219532.0,RTL,0.028360198717564344,-0.004317395971156657,-0.946099579334259,0.7201211452484131,0.0007359099690802395,0.006906657188665122,-35.36326555,149.165234425,81874.0,40.0,29.5,96.5,0.75,55.75,-1021.0,721.0,2.25,10.25
01:32:11,219532.0,RTL,0.018965359777212143,-0.0030458541586995125,-0.9451098740100861,0.318027064204216,0.007834091666154563,0.010231374064460397,-35.3632651,149.1652348,81126.5,36.5,26.0,95.5,2.0,51.5,-951.5,319.5,9.5,13.5
01:32:13,219532.0,RTL,-0.009984791278839111,-0.0033211717382073402,-0.9457137882709503,-0.9896144270896912,-0.0025443415506742895,0.0048128856578841805,-35.3632635,149.16523619999998,79069.5,22.0,15.5,97.5,2.5,-7.5,-1014.5,-987.5,-0.5,8.0
01:32:15,172513.5,RTL,-0.005127680643151204,-0.004285041708499193,-0.9453897476196289,-1.27151354153951,0.0015104049428676565,-0.003825809108093381,-35.36326236666667,149.16523736666667,77173.33333333333,5.666666666666667,4.0,98.33333333333333,1.3333333333333333,-81.0,-980.0,-1271.6666666666667,2.6666666666666665,-0.3333333333333333
01:32:17,125495.0,RTL,0.0016140319930855185,-0.0027479162090457976,-0.9451425671577454,-0.010936591774225235,-0.000518853310495615,0.007598454132676125,-35.36326095,149.16523855,75007.0,-5.0,-3.5,104.5,0.0,-49.0,-983.0,-12.5,1.5,11.0
01:32:19,125495.0,RTL,0.03857815886537234,-0.013070102781057358,-0.9459828734397888,1.0140237212181091,0.0010819831707825263,0.007676515495404601,-35.363261933333334,149.1652381,73070.33333333333,-9.666666666666666,-5.666666666666667,99.0,-3.3333333333333335,19.333333333333332,-1028.0,1013.0,2.6666666666666665,10.666666666666666
01:32:20,132584.0,RTL,0.02392371161840856,-0.009315635543316603,-0.9448917210102081,0.35480358451604843,0.002707052044570446,0.0019362947787158191,-35.36326365,149.16523652499998,71667.0,6.25,3.0,99.25,-2.75,50.5,-997.75,357.0,4.25,5.5
01:32:21,132584.0,RTL,0.014710352290421724,-0.006537990411743522,-0.945541501045227,-0.4446592479944229,0.00554210168775171,0.003999123000539839,-35.3632641,149.1652359,70907.5,14.5,8.5,94.5,-1.0,18.5,-1029.0,-442.0,6.5,7.5
01:32:23,132584.0,RTL,-0.002599525013162444,-0.0023873557026187577,-0.9453335801760355,-0.7833125789960226,0.003624357166700065,-0.0028382649179548025,-35.36326366666667,149.16523586666665,69008.0,16.666666666666668,12.666666666666666,103.66666666666667,0.3333333333333333,0.3333333333333333,-976.0,-780.0,5.0,1.0
01:32:25,71922.0,RTL,-0.034891086320082344,0.0016456121811643243,-0.9459032813707987,-1.4455644289652507,0.0019523634497697155,-0.015924980863928795,-35.36326123333333,149.16523773333333,66966.66666666667,0.6666666666666666,2.6666666666666665,100.33333333333333,4.333333333333333,-63.0,-969.0,-1444.6666666666667,3.6666666666666665,-11.666666666666666
01:32:27,11260.0,RTL,-0.03080270563562711,-0.007556777913123369,-0.9456913868586222,-1.0962427655855815,-0.006951712537556887,-0.0005002331454306841,-35.3632593,149.16523983333332,64846.333333333336,-28.0,-14.666666666666666,101.0,-1.0,-64.66666666666667,-1036.3333333333333,-1096.3333333333333,-4.666666666666667,3.0
01:32:29,11260.0,RTL,0.014287312825520834,-0.010395279775063196,-0.9453949133555094,-0.9081814289093018,0.0028777228435501456,-0.00018614903092384338,-35.3632615,149.1652384,62819.333333333336,-18.0,-12.333333333333334,101.0,-2.6666666666666665,-71.0,-961.6666666666666,-909.3333333333334,4.666666666666667,3.3333333333333335
01:32:30,18965.0,RTL,0.03916782761613528,-0.007256734029700358,-0.9463404417037964,0.6696657637755076,0.0004085038478175799,0.005636698566377163,-35.363262666666664,149.16523716666669,61539.666666666664,-3.0,-2.3333333333333335,106.0,-2.3333333333333335,-2.0,-1016.0,668.6666666666666,2.6666666666666665,9.0
01:32:31,18965.0,RTL,0.0407868263622125,-0.00519376527518034,-0.9446524779001871,1.322584827740987,0.0005322264817853769,-0.0024535980386038623,-35.363263,149.1652366,60773.333333333336,2.6666666666666665,2.3333333333333335,103.33333333333333,-1.0,39.666666666666664,-1037.0,1322.0,2.3333333333333335,1.3333333333333333
01:32:33,18965.0,RTL,0.03408933306733767,-0.0058874090512593584,-0.9448640942573547,1.5214717785517375,-0.0038296755713721118,0.0034119540359824896,-35.36326326666667,149.16523616666666,58732.333333333336,9.0,9.666666666666666,103.33333333333333,-1.0,66.66666666666667,-1024.0,1522.0,-2.0,7.0
01:32:35,18965.0,RTL,0.029207281147440273,-0.012586894755562147,-0.9445481101671854,-1.2970656951268513,-0.0010762931390975912,0.0012295893393456936,-35.363265399999996,149.1652348,56692.666666666664,23.333333333333332,18.666666666666668,102.0,-4.0,-35.666666666666664,-959.0,-1295.0,0.6666666666666666,5.0
01:32:36,140807.0,RTL,0.06060396507382393,-0.01174949761480093,-0.9452051719029745,-1.286325176556905,0.001213997524852554,-0.004169550491496921,-35.36326736666667,149.16523323333334,55435.333333333336,40.666666666666664,28.0,104.0,-1.6666666666666667,-71.33333333333333,-977.6666666666666,-1285.3333333333333,3.0,-0.3333333333333333
01:32:37,140807.0,RTL,0.054702576249837875,-0.006292866698155801,-0.945479691028595,-1.1946267286936443,0.008987715002149343,-0.006822162074968219,-35.36326776666667,149.16523270000002,54672.0,51.666666666666664,34.333333333333336,102.66666666666667,0.3333333333333333,-70.0,-1012.0,-1193.0,10.666666666666666,-2.6666666666666665
01:32:39,140807.0,RTL,0.019462053043146927,0.002679413572574655,-0.9430929819742838,-1.0242414474487305,-0.0005057752132415771,-0.017336533094445866,-35.36326556666666,149.16523386666668,52633.333333333336,46.0,33.666666666666664,104.33333333333333,5.666666666666667,-81.33333333333333,-967.3333333333334,-1022.3333333333334,1.3333333333333333,-12.666666666666666
01:32:41,96982.0,RTL,-0.022699059608081978,-0.003292879594179491,-0.944609264532725,0.2722281254827976,-0.00763969961553812,0.004726005485281348,-35.3632622,149.16523726666668,50563.333333333336,15.666666666666666,14.333333333333334,104.33333333333333,1.3333333333333333,46.666666666666664,-1031.6666666666667,277.6666666666667,-5.0,8.0
01:32:43,96982.0,RTL,0.036860150595506035,-0.015877212087313335,-0.9440479079882304,-1.2628941138585408,0.006938369867081444,-0.0007376067029933134,-35.3632644,149.16523646666667,48549.333333333336,12.333333333333334,6.333333333333333,102.0,-3.0,-63.0,-1023.3333333333334,-1259.6666666666667,8.666666666666666,3.0
01:32:45,96982.0,RTL,0.0496963399151961,-0.0027682404033839703,-0.9432943860689799,1.1338329513867695,0.007649931125342846,0.0003741877929617961,-35.36326516666667,149.16523513333334,46499.333333333336,33.0,17.666666666666668,105.66666666666667,2.6666666666666665,22.333333333333332,-1014.3333333333334,1137.0,9.0,4.0
01:32:46,38416.0,RTL,-0.001660741399973631,0.001866279208722214,-0.9430445035298666,0.9665333231290182,0.0008656022837385535,0.022036710443596046,-35.363263366666665,149.16523613333334,45210.333333333336,26.0,16.0,106.0,5.333333333333333,75.33333333333333,-940.3333333333334,972.6666666666666,2.6666666666666665,25.666666666666668
01:32:47,38416.0,RTL,-0.021338506291309994,0.002511392463929951,-0.9428176283836365,0.7892185648282369,0.003295059665106237,0.006561901963626345,-35.3632618,149.16523746666664,44444.0,14.0,8.666666666666666,99.0,5.333333333333333,60.333333333333336,-1002.0,795.3333333333334,5.0,10.0
01:32:49,38416.0,RTL,-0.030514192457000416,-0.007188756018877029,-0.9432162841161092,1.0468607346216838,-0.0077890618704259396,0.004813043245424827,-35.363259,149.1652404,42405.333333333336,-23.0,-14.666666666666666,98.66666666666667,-0.3333333333333333,72.0,-1012.3333333333334,1052.3333333333333,-5.333333333333333,8.333333333333334
01:32:51,241451.0,RTL,-0.005405349191278219,-0.011718113285799822,-0.9436705708503723,-1.2330434521039326,0.002799116773530841,-0.004479598952457309,-35.36326106666667,149.16523930000002,40361.666666666664,-20.333333333333332,-18.666666666666668,103.33333333333333,-1.0,-66.66666666666667,-982.6666666666666,-1229.3333333333333,4.333333333333333,0.0
01:32:53,241451.0,RTL,-0.003194360062479973,0.00014824637582933065,-0.9425461292266846,0.7798738479614258,-0.00035584454114238423,-0.002815780695527792,-35.36326006666666,149.16523933333335,38317.333333333336,-15.666666666666666,-14.333333333333334,104.0,2.6666666666666665,-1.3333333333333333,-997.3333333333334,781.3333333333334,1.0,1.3333333333333333
01:32:55,241451.0,RTL,0.01661506698777278,-0.013052123909195265,-0.9431504209836324,1.1614060004552205,-0.006365906912833452,0.001196507519731919,-35.36326,149.16523956666666,36265.333333333336,-29.0,-18.0,102.66666666666667,-3.6666666666666665,33.0,-1008.0,1162.6666666666667,-4.0,4.666666666666667
01:32:56,84095.0,RTL,0.020766181871294975,-0.018478086839119594,-0.9432442585627238,0.42281344532966614,0.0004313027796645959,0.00046516691024104756,-35.3632628,149.16523766666668,34980.666666666664,-10.333333333333334,-7.666666666666667,100.33333333333333,-8.0,70.66666666666667,-996.3333333333334,428.0,2.3333333333333335,4.333333333333333
01:32:57,84095.0,RTL,0.04499559476971626,-0.01508796556542317,-0.9421842694282532,0.4784051676591237,0.007648087805137038,-0.002435683272778988,-35.3632646,149.16523606666667,34229.333333333336,6.666666666666667,1.6666666666666667,97.66666666666667,-5.333333333333333,65.0,-977.0,483.0,9.333333333333334,1.3333333333333333
01:32:59,84095.0,RTL,0.03298135722676913,-0.0057877968065440655,-0.9411462148030599,0.4035087699691455,-0.003317548039679726,0.0072207146634658175,-35.36326596666667,149.16523403333332,32187.666666666668,35.666666666666664,23.333333333333332,101.66666666666667,-1.3333333333333333,56.666666666666664,-1003.3333333333334,409.3333333333333,-1.3333333333333333,11.0
01:33:01,67308.0,RTL,0.0524321844180425,-0.007813854763905207,-0.9415473143259684,-0.6587640742460886,-0.005325829765448968,0.0007162199666102728,-35.363266333333335,149.16523373333334,30144.666666666668,38.0,27.666666666666668,102.0,-1.0,-75.66666666666667,-997.6666666666666,-655.3333333333334,-3.3333333333333335,4.666666666666667
01:33:03,50521.0,RTL,0.05551000436147054,-0.0038686119951307774,-0.9412477413813273,0.04848188906908035,0.005101966205984354,-0.006885046449800332,-35.363266366666664,149.16523370000002,28118.666666666668,42.666666666666664,29.333333333333332,104.33333333333333,4.0,-44.666666666666664,-968.0,52.0,6.666666666666667,-2.3333333333333335
01:33:05,50521.0,RTL,-0.0015742343409025732,0.002558387874159962,-0.9405999183654785,1.031297172109286,-0.004529364329452316,-0.0023634498938918114,-35.36326236666667,149.16523683333335,26050.0,19.666666666666668,15.0,103.33333333333333,5.333333333333333,17.0,-982.0,1036.0,-2.3333333333333335,1.3333333333333333
01:33:06,175658.0,RTL,-0.028041188915570576,-0.007539610688885053,-0.9415258963902792,-1.1277288794517517,-0.00793061793471376,-0.004431757998342316,-35.3632612,149.16523836666667,24758.0,-2.6666666666666665,1.0,94.33333333333333,-0.3333333333333333,-41.333333333333336,-1035.6666666666667,-1121.0,-5.333333333333333,-0.3333333333333333
01:33:07,175658.0,RTL,-0.011773869084815184,-0.01044986117631197,-0.9411214788754781,-0.631840835014979,-0.0030660779060175023,0.005481396801769733,-35.363261533333336,149.16523843333334,24013.333333333332,-4.666666666666667,-2.0,100.33333333333333,0.3333333333333333,-5.666666666666667,-1001.6666666666666,-624.0,-1.3333333333333333,9.333333333333334
01:33:09,175658.0,RTL,-0.016767374550302822,-0.004757059117158254,-0.9412280519803365,-0.9514039158821106,0.004225317854434252,0.005658752750605345,-35.363261800000004,149.16523823333333,21947.333333333332,-2.0,-5.0,98.66666666666667,2.0,-12.333333333333334,-978.0,-944.0,6.0,9.0
01:33:11,206357.5,RTL,-0.033174447094400726,-0.004393264728908737,-0.9411840637524923,-1.0382530093193054,-0.0078100998265047865,-0.0039058867841959,-35.36325956666666,149.1652399,19920.0,-20.666666666666668,-15.666666666666666,97.66666666666667,1.3333333333333333,-77.0,-1016.6666666666666,-1034.0,-5.666666666666667,-0.3333333333333333
01:33:13,237057.0,RTL,0.0070516740282376604,-0.010595686733722687,-0.9411459167798361,-0.13639397422472635,0.00021146703511476517,-0.0008198206778615713,-35.36326036666667,149.16523966666668,17882.0,-24.333333333333332,-19.333333333333332,100.0,-1.0,-37.0,-983.3333333333334,-133.66666666666666,2.0,3.0
01:33:15,237057.0,RTL,0.021186478435993195,-0.007504954778899749,-0.9406604965527853,0.876788487037023,0.0021187750001748404,-0.0030223569677521787,-35.3632612,149.16523866666668,15818.333333333334,-12.0,-11.666666666666666,97.66666666666667,-1.3333333333333333,5.333333333333333,-997.6666666666666,879.3333333333334,3.6666666666666665,0.6666666666666666
01:33:16,186260.0,RTL,-0.013460781735678514,-0.0061152853692571325,-0.9405577977498373,-0.5098232825597128,-0.00175908828775088,0.006532280861089627,-35.363261533333336,149.16523813333333,14521.666666666666,-9.666666666666666,-8.666666666666666,94.66666666666667,0.0,1.0,-1090.6666666666667,-503.0,0.3333333333333333,10.333333333333334
01:33:17,186260.0,RTL,-0.015770211350172758,-0.002338182006496936,-0.9406874477863312,-0.5387735292315483,0.004248977696988732,0.0020531732006929815,-35.363261475,149.165238,13637.5,-4.75,-4.75,94.0,1.5,7.25,-1002.0,-532.5,5.5,5.25
01:33:19,186260.0,RTL,-0.016299139087398846,-0.003644262828553716,-0.9408976236979166,0.5393949846426646,-0.007842679508030415,-0.0026574147244294486,-35.36325946666667,149.16523963333336,11713.0,-22.666666666666668,-14.0,68.66666666666667,2.3333333333333335,1.3333333333333333,-1049.6666666666667,542.0,-5.0,1.0
01:33:21,111735.0,RTL,-3.572423399115602e-05,-0.00970112190892299,-0.9404651125272115,0.8016501863797506,0.0003907085629180074,0.0005592425974706808,-35.363260025,149.165239675,11064.5,-25.5,-17.75,23.75,-1.0,40.0,-1012.75,785.25,1.5,5.75
01:33:23,111735.0,RTL,0.00644142289335529,-0.010395978887875875,-0.9416220585505167,0.17301300168037415,-1.712139540662368e-05,-0.00045035841564337414,-35.36326146666667,149.16523846666666,10407.666666666666,-14.666666666666666,-11.333333333333334,32.666666666666664,-4.333333333333333,26.0,-1002.6666666666666,176.66666666666666,1.6666666666666667,3.3333333333333335
01:33:25,111735.0,RTL,0.009913541531811157,-0.0070671130282183485,-0.9409542481104533,-0.8405303955078125,0.0025049770871798196,0.0008363072605182728,-35.36326326666667,149.1652366,9707.666666666666,4.333333333333333,2.0,33.666666666666664,-2.0,-24.666666666666668,-993.3333333333334,-836.6666666666666,3.6666666666666665,4.333333333333333
01:33:26,93838.0,RTL,0.01179945453380545,-0.007558727792153756,-0.9406666954358419,0.14813807606697083,-0.002923719041670362,0.0023118771302203336,-35.3632637,149.16523606666667,9285.333333333334,12.333333333333334,9.333333333333334,32.666666666666664,-1.3333333333333333,32.333333333333336,-1016.0,152.33333333333334,-0.6666666666666666,6.0
01:33:27,93838.0,RTL,0.038466946532328926,-0.00943468293795983,-0.941077709197998,0.8021132349967957,-0.004772001877427101,0.0011660048427681129,-35.36326413333333,149.1652358,9041.0,14.0,10.333333333333334,31.666666666666668,-2.0,33.333333333333336,-1016.6666666666666,805.3333333333334,-2.0,4.333333333333333
01:33:29,93838.0,RTL,0.037410699451963104,-0.00615374060968558,-0.9409699440002441,0.1311131715774536,0.0013248568090299766,-0.0030888899539907775,-35.3632653,149.1652348,8854.666666666666,29.0,18.666666666666668,-6.333333333333333,0.6666666666666666,-1.6666666666666667,-993.6666666666666,134.66666666666666,2.3333333333333335,1.0
01:33:31,61074.0,RTL,0.003460072291394075,-0.003584642040853699,-0.9407393137613932,0.13249164943893751,-0.004449306443954508,0.0013704019753883283,-35.3632639,149.1652358,8780.333333333334,23.333333333333332,17.333333333333332,12.333333333333334,0.0,29.333333333333332,-1019.0,137.66666666666666,-2.0,4.666666666666667
01:33:33,61074.0,RTL,0.02913392148911953,-0.007423582952469587,-0.9404821793238322,0.41952015335361165,0.0036936153192073107,0.004229442759727438,-35.363264466666664,149.16523556666664,8772.0,21.666666666666668,15.333333333333334,-1.3333333333333333,0.3333333333333333,23.333333333333332,-1016.0,425.3333333333333,5.0,7.666666666666667
01:33:35,61074.0,RTL,0.005569569766521454,-0.0017313725547865033,-0.9404107133547465,0.22072995205720267,0.0011262361658737063,-0.0033625534269958735,-35.36326283333333,149.1652367,8772.666666666666,14.0,9.666666666666666,-0.3333333333333333,3.0,-5.0,-994.0,225.33333333333334,2.3333333333333335,0.3333333333333333
01:33:36,155473.0,RTL,-0.021466504782438278,-0.0015646354683364432,-0.9401353597640991,-0.29129216571648914,0.00024323336159189543,8.44288927813371e-05,-35.36326136666667,149.16523803333334,8766.0,1.3333333333333333,1.3333333333333333,-0.3333333333333333,3.3333333333333335,-0.6666666666666666,-996.3333333333334,-285.3333333333333,1.6666666666666667,3.6666666666666665
01:33:37,155473.0,RTL,-0.01672377685705821,-0.003791733101631204,-0.9400168458620707,0.08917904893557231,-0.0047324274977048235,-0.001074773259460926,-35.3632606,149.1652388,8773.0,-7.666666666666667,-3.6666666666666665,-1.6666666666666667,1.6666666666666667,-8.666666666666666,-1000.6666666666666,93.66666666666667,-2.6666666666666665,2.3333333333333335
01:33:39,155473.0,RTL,0.011969788620869318,-0.009444359689950943,-0.9403261542320251,0.5490750943621,-0.0020048630346233645,0.0010326167879005272,-35.3632608,149.165239,8326.333333333334,-17.0,-11.666666666666666,39.666666666666664,-2.3333333333333335,11.333333333333334,-1008.0,553.0,-0.3333333333333333,4.333333333333333
01:33:41,13997.0,RTL,0.021043024336298306,-0.010128423882027468,-0.9404528141021729,-0.3457737863063812,-0.002034250608024498,-0.000849313490713636,-35.363262633333335,149.16523733333335,7581.666666666667,-2.3333333333333335,-1.6666666666666667,32.666666666666664,-3.6666666666666665,-30.333333333333332,-995.3333333333334,-341.6666666666667,0.0,2.6666666666666665
01:33:43,13997.0,RTL,0.04104994237422943,-0.006338168246050675,-0.9393833875656128,0.17951002965370813,0.004951613411928217,-0.000601848199342688,-35.36326466666667,149.1652354,6918.666666666667,20.0,12.0,34.666666666666664,0.3333333333333333,-11.666666666666666,-1000.6666666666666,183.66666666666666,6.333333333333333,3.3333333333333335
01:33:45,13997.0,RTL,0.009438273962587118,-0.0037462859569738307,-0.9398805697758993,0.7199544211228689,0.0013426249303544562,0.0059649279185881214,-35.3632632,149.1652365,6223.333333333333,16.333333333333332,10.0,33.0,3.0,34.666666666666664,-1009.3333333333334,726.0,2.6666666666666665,9.333333333333334
01:33:46,13289.0,RTL,-0.0009071764070540667,-0.00496303786834081,-0.9396514296531677,0.5563948955386877,-0.0015134560332323115,-0.00548943745282789,-35.36326183333333,149.1652379,5787.666666666667,5.0,2.0,32.0,2.6666666666666665,3.0,-1016.3333333333334,561.0,0.3333333333333333,-2.0
01:33:47,13289.0,RTL,-0.02164815490444501,-0.007603756928195556,-0.9403223991394043,-0.7408844431241354,-0.0022535783937200904,5.9875698449711e-05,-35.3632614,149.16523850000002,5541.666666666667,-2.6666666666666665,-3.0,32.333333333333336,0.3333333333333333,-28.333333333333332,-1004.0,-735.0,-0.6666666666666666,3.6666666666666665
01:33:49,13289.0,RTL,-0.0052626373556753,-0.005909778798619906,-0.9395915269851685,-0.12586644291877747,0.004588008780653278,-0.00567363443163534,-35.36326116666666,149.1652389,4864.666666666667,-7.666666666666667,-10.0,31.333333333333332,2.3333333333333335,-24.333333333333332,-997.6666666666666,-121.66666666666667,5.666666666666667,-2.0
01:33:51,193842.0,RTL,-0.043721930434306465,-0.00240915035828948,-0.9394112626711527,0.2652293841044108,-0.002886301876666645,0.003924311992401878,-35.36325883333333,149.1652406333333,4172.333333333333,-25.0,-20.666666666666668,32.333333333333336,2.6666666666666665,31.333333333333332,-1009.0,270.6666666666667,-1.6666666666666667,7.0
01:33:53,193842.0,RTL,-0.04849486177166303,-0.009625662739078203,-0.9397105773289999,-0.7799953718980154,-0.004039079726984103,-6.117780382434528e-05,-35.3632576,149.16524203333336,3505.3333333333335,-46.0,-34.333333333333336,33.0,-0.3333333333333333,-23.666666666666668,-1004.3333333333334,-776.0,-2.0,3.0
01:33:55,193842.0,RTL,-0.010672621739407381,-0.011145597323775291,-0.9396186272303263,0.410913847386837,-0.0015196419165780146,-0.0008295334409922361,-35.36325873333334,149.16524130000002,2828.6666666666665,-41.0,-34.0,32.0,-0.6666666666666666,2.6666666666666665,-1024.0,411.6666666666667,0.0,2.0
01:33:56,27076.0,RTL,-0.017897010159989197,-0.011135247846444448,-0.9402112166086832,-0.23661943276723227,-0.0019705566810443997,0.000551256195952495,-35.36325973333333,149.16524030000002,2411.0,-33.666666666666664,-28.333333333333332,35.666666666666664,-3.3333333333333335,6.333333333333333,-981.0,-233.33333333333334,-0.3333333333333333,3.3333333333333335
01:33:57,27076.0,RTL,0.013381264172494411,-0.011664344308276972,-0.9396494626998901,0.4802388499180476,-0.001981973609266182,-0.0004617571442698439,-35.36326063333333,149.1652394,2156.0,-26.666666666666668,-23.0,34.0,-3.3333333333333335,12.666666666666666,-996.6666666666666,481.3333333333333,-0.6666666666666666,2.6666666666666665
01:33:59,27076.0,RTL,0.019029780601461727,-0.0076417952465514345,-0.9389715194702148,0.7463090618451437,0.002038650408697625,-0.002494248483950893,-35.36326236666667,149.1652375,1458.0,-4.0,-6.0,32.0,-0.6666666666666666,38.333333333333336,-1006.6666666666666,748.0,3.3333333333333335,1.0
01:34:01,27076.0,RTL,-0.005193492436471085,-0.0065604754102726775,-0.9392528732617696,-0.8894856770833334,-0.001632457443823417,-0.001263820449821651,-35.36326256666666,149.16523716666666,775.0,2.6666666666666665,0.3333333333333333,31.666666666666668,-0.3333333333333333,-39.333333333333336,-998.6666666666666,-888.0,-0.3333333333333333,2.0
01:34:02,18457.0,RTL,0.018609812172750633,-0.00957226442794005,-0.9389897982279459,0.47527698427438736,-0.0006365890149027109,0.0007141959698249897,-35.36326296666667,149.16523693333332,362.3333333333333,3.6666666666666665,1.6666666666666667,33.0,-1.3333333333333333,38.666666666666664,-996.6666666666666,478.0,0.6666666666666666,3.6666666666666665
01:34:04,18457.0,RTL,0.022387557663023472,-0.005398749373853207,-0.937310665845871,0.0007528280839323997,0.0015884548192843795,-0.0005839072400704026,-35.3632632,149.16523635,69.5,23.5,9.5,3.5,-1.0,0.0,-1000.0,2.5,2.0,2.5
01:34:06,30882.5,RTL,0.015716084744781256,-0.0015847824979573488,-0.9380633533000946,0.0003911369713023305,0.0015285801491700113,-0.0006633977172896266,-35.363263450000005,149.1652369,35.5,13.5,16.0,2.0,-1.0,0.0,-1000.0,2.5,2.0,2.5
01:34:08,43308.0,RTL,0.009386972989886999,-0.0008322311623487622,-0.9382842481136322,-4.14322130382061e-05,0.0013597781653515995,-0.0005385938566178083,-35.363263950000004,149.165237,8.0,2.0,13.5,1.0,-1.0,0.0,-1000.0,2.5,2.0,2.5
01:34:10,43308.0,RTL,0.005652269581332803,-0.0016317710978910327,-0.9392560720443726,-0.00016587343998253345,0.0013151985476724803,-0.0005890559405088425,-35.36326455,149.1652367,0.0,-4.0,7.0,0.0,-1.0,0.0,-1000.0,2.0,2.0,2.0
01:34:12,43308.0,RTL,0.004550929879769683,-0.0022655235370621085,-0.9405937194824219,-0.00012522435281425714,0.0011873678886331618,-0.0005239754682406783,-35.36326485,149.1652364,0.0,-5.5,4.5,0.0,-1.0,0.0,-1000.0,2.0,2.0,2.0
