time_stamp,roll,pitch,yaw,rollspeed,pitchspeed,yawspeed,lat,lon,relative_alt,vx,vy,vz,xacc,yacc,zacc,xgyro,ygyro,zgyro,MODE,RTL_ALT
17:11:47,-0.0008134529343806207,0.0009378287359140813,0.02516972552984953,0.00020317267626523972,0.00019541484653018415,0.0019492409192025661,-35.3632622,149.1652375,0.0,-1.0,1.0,0.0,0.0,1.5,-1000.0,0.0,0.0,0.5,STABILIZE,1500.0
17:11:49,-0.0009194532758556306,0.0009449542461273571,0.024564025302728016,0.0002415408380329609,0.00025640748208388686,0.0018667407566681504,-35.3632622,149.1652375,0.0,-1.0,1.0,0.0,0.0,1.6666666666666667,-1000.0,0.0,0.3333333333333333,0.3333333333333333,STABILIZE,1500.0
17:11:55,-0.001007442711852491,0.0010078827617689967,0.022868497297167778,0.000290784053504467,0.0002411310706520453,0.0016497582837473601,-35.3632622,149.1652375,0.0,-1.0,1.0,0.0,0.0,1.3333333333333333,-1000.0,0.3333333333333333,0.3333333333333333,0.3333333333333333,STABILIZE,1500.0
17:11:57,-0.0008263578056357801,0.0009894495791134734,0.02240268172075351,0.000327885946414123,0.0002887639566324651,0.0015664935926906765,-35.3632622,149.1652375,0.6666666666666666,-1.0,1.0,0.0,0.0,1.3333333333333333,-1000.0,0.6666666666666666,0.0,0.16666666666666666,AUTO,1500.0
17:11:59,-0.0005939874972682446,0.0010943479525546234,0.021945239355166752,0.000314507371513173,0.0002847042439195017,0.0014920779697907467,-35.3632622,149.1652375,3.0,-0.16666666666666666,0.16666666666666666,0.0,0.0,1.1666666666666667,-1000.0,0.3333333333333333,0.16666666666666666,0.5,AUTO,1500.0
17:12:07,0.014222792266601962,-0.00037318485712083723,0.02107225065784795,0.020432186179927418,-0.002381779852190188,0.002156637658897255,-35.363262057142855,149.1652376142857,996.0,0.42857142857142855,5.285714285714286,-120.71428571428571,0.0,-0.5714285714285714,-1065.0,20.571428571428573,-1.5714285714285714,1.2857142857142858,AUTO,1500.0
17:12:09,-0.010347588320395775,0.014184955307947738,-0.06193437547023807,-0.07244973629713058,0.010859171726873942,-0.06264136891279902,-35.363261185714286,149.1652436,4086.4285714285716,0.42857142857142855,37.0,-148.42857142857142,3.4285714285714284,-7.714285714285714,-999.5714285714286,-71.14285714285714,11.571428571428571,-62.285714285714285,AUTO,1500.0
17:12:11,-0.007317838390008546,-0.006956451650088032,-0.08925047640999158,0.06197237471739451,0.005198121070861816,0.004069835684883098,-35.3632622,149.16524129999996,7430.666666666667,-5.5,-46.5,-150.83333333333334,-4.0,8.5,-1002.1666666666666,62.333333333333336,5.5,3.3333333333333335,AUTO,1500.0
17:12:12,0.01899609772954136,-0.012936946804984473,-0.0664855232462287,-0.04120748024433851,0.020599912852048874,-0.00901692034676671,-35.363262375,149.16523595,9995.0,9.0,-3.75,-150.0,-2.0,0.25,-998.5,-40.0,21.0,-9.25,AUTO,1500.0
17:12:14,0.0021929934882791713,0.01078132470138371,-0.10823355801403522,0.008785266894847155,0.0015991950349416584,-0.01626990456134081,-35.363261075,149.16523547500003,12320.25,3.75,-2.5,-151.0,-1.5,0.0,-1000.5,8.75,2.0,-16.0,AUTO,1500.0
17:12:16,0.004411968868225813,0.0033865319564938545,-0.13822467625141144,-0.0005575328832492232,-0.0022719723638147116,-0.015632549300789833,-35.3632614,149.1652353,16019.0,-6.0,6.0,-151.0,1.0,0.0,-1000.0,0.0,-1.0,-16.0,AUTO,1500.0
17:12:18,0.0025075178709812462,0.002128537162207067,-0.17123248428106308,0.0010645664006005973,0.001308881772274617,-0.021923432126641273,-35.363261775,149.165235925,18564.5,-2.5,4.75,-152.0,0.0,0.0,-1000.0,1.25,1.5,-21.75,AUTO,1500.0
17:12:20,0.0028782074029246965,0.0034258572850376368,-0.2181693216164907,0.00013917560378710428,0.00022617240513985357,-0.02145315334200859,-35.36326183333333,149.16523636666668,21886.666666666668,-2.0,4.0,-152.0,0.0,0.0,-999.5,0.25,0.75,-21.0,AUTO,1500.0
17:12:22,-0.011502123437821865,0.005634273402392864,-0.2548221945762634,-0.010836680419743061,0.011134869419038296,0.011680963449180126,-35.363262,149.1652368,25399.0,-2.0,1.0,-151.0,0.0,0.0,-1003.0,-9.0,12.0,11.0,AUTO,1500.0
17:12:24,0.008750251261517406,0.0014685375499539077,-0.21418948099017143,-0.005480939231347293,-0.00032298010773956776,0.023206429556012154,-35.363262375,149.16523675,27937.0,-2.5,5.75,-152.0,0.0,0.0,-999.5,-4.0,0.5,22.5,AUTO,1500.0
17:12:26,-0.0006648309754382353,0.0014978184772189707,-0.1749209314584732,0.0002562455920269713,0.0001686307368800044,0.018551462795585394,-35.3632624,149.165237875,31049.5,0.0,4.5,-152.0,0.0,-0.8,-1000.0,0.8,0.4,18.0,AUTO,1500.0
17:12:28,0.0011828232381958514,0.0013019198959227651,-0.14533023163676262,3.4154392778873444e-05,0.0005191709205973893,0.013282287400215864,-35.3632623,149.165238,33972.0,0.0,0.2,-152.0,0.0,0.0,-999.8,1.2,0.8,12.4,AUTO,1500.0
17:12:30,0.0020254181581549346,0.0015476667904295027,-0.12182069569826126,0.0017104842700064182,-0.00021196907619014382,0.009895026683807373,-35.3632622,149.16523775000002,37523.0,0.0,0.0,-152.0,0.0,0.0,-1000.0,2.0,0.5,9.5,AUTO,1500.0
17:12:32,0.0020666585303843023,0.001478067971765995,-0.10838072448968887,-0.0004674397176131606,-0.00020522142294794322,0.00848383903503418,-35.3632621,149.16523752,40053.8,-0.2,0.0,-152.0,0.0,0.0,-1000.0,0.4,0.4,7.8,AUTO,1500.0
17:12:34,0.0018502353535344203,0.0014547496102750301,-0.09572320183118184,0.000287996275195231,0.00039010146671595675,0.007601122294242184,-35.363262,149.1652374,42983.833333333336,-1.0,1.0,-152.0,0.0,0.0,-999.8333333333334,1.1666666666666667,0.8333333333333334,7.5,AUTO,1500.0
17:12:36,-0.0017700684489682316,0.004625291004776955,-0.07525457516312599,-0.022309335041791202,0.02248120226431638,0.060722123365849257,-35.363262,149.16523738,46446.8,-1.4,0.8,-150.8,0.0,0.0,-993.2,-21.2,23.0,60.6,AUTO,1500.0
17:12:41,-0.0019517035223543644,-0.020407937932759523,0.2910833477973938,0.08142405226826668,-0.10039897598326206,0.09591507762670518,-35.36326388,149.16523435999997,48639.2,-20.8,-29.2,-95.8,2.4,8.0,-954.4,82.2,-98.8,96.0,AUTO,1500.0
17:12:43,0.017801162786781788,-0.0034356387720132866,0.26214122275511426,-0.1408288287736165,0.02838384996478756,-0.031437600341935955,-35.363263016666664,149.1652345,49869.166666666664,17.166666666666668,27.0,-36.666666666666664,-2.1666666666666665,-16.333333333333332,-979.3333333333334,-140.5,28.833333333333332,-30.666666666666668,AUTO,1500.0
17:12:45,-0.00010497735014983586,0.0032963062237415996,0.2061495610645839,0.14423192079578126,-0.012647912371903658,-0.03794111258217266,-35.36326114285714,149.16523831428572,50108.857142857145,-0.7142857142857143,9.571428571428571,7.285714285714286,0.5714285714285714,18.142857142857142,-994.2857142857143,148.71428571428572,-11.428571428571429,-37.0,AUTO,1500.0
17:12:47,0.06381598338484765,-0.08487524539232254,0.4210533231496811,0.2377343937754631,-0.024777762219309808,0.5582029461860657,-35.36325899999999,149.16524262000001,49982.4,43.8,71.8,0.2,-8.2,-7.6,-1007.4,239.8,-23.2,558.4,AUTO,1500.0
17:12:49,0.0011822415399365127,-0.17242284615834555,1.203332285086314,-0.07744703783343236,0.022651953777919214,-0.023593807069119066,-35.36324343333333,149.16527084999998,49953.833333333336,148.5,234.16666666666666,0.8333333333333334,-59.666666666666664,-25.5,-1007.1666666666666,-76.0,24.0,-22.833333333333332,AUTO,1500.0
17:12:51,0.033915194869041446,-0.15450056344270707,1.1242061376571655,-0.0663047967478633,0.10675744302570819,-0.005557245016098023,-35.36320844,149.16533805999998,49945.2,249.2,390.6,-3.8,-91.2,-50.0,-1008.4,-65.4,107.8,-4.8,AUTO,1500.0
17:12:53,0.04390148508052031,-0.16591351944953203,1.1144985159238179,0.005281431910892327,0.17111887612069646,0.0026485512159221494,-35.363163033333336,149.16542633333333,49902.0,323.6666666666667,497.6666666666667,-5.666666666666667,-125.5,-61.666666666666664,-1042.6666666666667,6.833333333333333,171.83333333333334,3.1666666666666665,AUTO,1500.0
17:12:55,0.051912330623183935,0.07178184017539024,1.0973124163491386,-0.029065334371158054,0.06354998770569052,-0.010173030995896884,-35.36311048571429,149.16552945714287,50134.57142857143,205.14285714285714,327.2857142857143,7.0,-82.42857142857143,-36.142857142857146,-998.4285714285714,-24.428571428571427,64.57142857142857,-9.428571428571429,BRAKE,1500.0
17:12:57,0.0007607756415382028,0.04976587385560075,1.087354044119517,-0.41100013256073,-0.09256808925420046,0.011348237758890415,-35.36308931666667,149.16557458333332,49996.833333333336,54.166666666666664,86.0,4.333333333333333,-22.166666666666668,-27.333333333333332,-1004.0,-408.5,-91.0,11.833333333333334,BRAKE,1500.0
17:12:59,-0.008628897555172443,0.007502111792564392,1.0794917106628419,0.06541344225406646,-0.007749190460890532,-0.005660166824236512,-35.36308376,149.16558904000001,49990.2,40.2,34.2,1.8,-11.2,-8.2,-980.8,66.6,-6.8,-4.6,ALT_HOLD,1500.0
17:13:01,0.011448405683040619,0.008630587137304246,1.0703160166740417,1.1014505783095956,0.029787208593916148,-0.01106505491770804,-35.363080725,149.16560059999998,48107.0,23.0,32.0,167.75,-6.25,31.25,-1043.75,1102.0,31.0,-10.0,AUTO,1500.0
17:13:03,-0.015572538754592339,-0.017121900493899982,1.0650389989217122,0.4555910974740982,-0.004379866644740105,-0.012671931025882563,-35.36307886666666,149.16560836666665,46402.0,34.666666666666664,19.0,16.0,-9.0,29.0,-1039.3333333333333,459.6666666666667,-2.3333333333333335,-11.333333333333334,AUTO,1500.0
17:13:16,0.07874677702784538,0.04911195176343123,1.0291933417320251,-0.3869544866805275,-0.02274431815991799,0.01794327632524073,-35.36288751666667,149.16596353333333,47563.0,263.8333333333333,435.0,-14.833333333333334,-102.33333333333333,-83.83333333333333,-962.1666666666666,-387.5,-20.666666666666668,18.333333333333332,AUTO,1500.0
17:13:18,0.03496273296574751,-0.02686207772543033,1.0234456062316895,0.0907508557041486,-0.13465575377146402,0.020326629591484863,-35.36285085,149.16603803333336,47546.833333333336,157.0,263.6666666666667,0.16666666666666666,-58.5,-47.0,-999.1666666666666,90.0,-132.5,20.833333333333332,AUTO,1500.0
17:13:27,-0.008246807538671418,0.001174634788185358,1.0275997638702392,-1.1294877976179123,-0.0015894724521785975,0.00931895785033703,-35.36276766,149.16619612,45956.4,18.4,16.6,168.0,-6.0,-54.4,-1017.4,-1130.4,0.4,10.2,AUTO,1500.0
17:13:29,0.015677422285079956,-0.022197182290256023,1.0235143899917603,-0.5580001026391983,-0.004509334452450275,-0.009598218370229006,-35.362762599999996,149.1662021,44015.5,18.5,33.5,6.5,-10.333333333333334,-30.333333333333332,-1020.3333333333334,-332.6666666666667,2.3333333333333335,-3.0,AUTO,1500.0
17:13:30,0.02285281606018543,-0.09437536522746086,1.0061741590499877,0.13987288773059844,-0.07900721579790115,0.004710557963699102,-35.36275804,149.16620882,44024.8,37.0,79.6,-5.0,-18.4,-5.6,-1010.6,141.0,-76.4,5.8,AUTO,1500.0
17:13:32,0.04148212820291519,-0.1918193226059278,1.0016847550868988,0.12489488969246547,-0.007455342332832515,0.0016368052456527948,-35.3627419,149.16623816666666,44220.666666666664,146.0,252.66666666666666,-17.333333333333332,-56.833333333333336,-31.5,-1018.0,125.5,-5.333333333333333,3.3333333333333335,AUTO,1500.0
17:13:34,0.04863736964762211,-0.1971466193596522,0.9913347264130911,0.00703086886399736,0.0180020605524381,-0.03042655447886015,-35.362702350000006,149.16631511666668,44818.5,273.5,439.6666666666667,-37.833333333333336,-100.66666666666667,-59.333333333333336,-1011.1666666666666,7.833333333333333,20.333333333333332,-28.833333333333332,BRAKE,1500.0
17:13:36,0.05341194663196802,0.20972988878687224,1.0340160528818767,-0.7798464323083559,-0.002143687258164088,0.01884934410918504,-35.362653916666666,149.16640828333334,45910.666666666664,176.66666666666666,284.3333333333333,-32.166666666666664,-66.5,-74.83333333333333,-957.6666666666666,-778.6666666666666,0.3333333333333333,20.0,BRAKE,1500.0
17:13:38,-0.008941503008827567,0.018442717536042135,1.0316997567812602,-0.008806318044662476,-0.02770819728417943,0.003831982845440507,-35.36264008333333,149.16643996666667,45948.333333333336,46.5,69.16666666666667,0.8333333333333334,-17.5,-15.5,-1005.5,-8.166666666666666,-24.833333333333332,5.5,ALT_HOLD,1500.0
17:13:40,-0.002624628754953543,-0.006495647753278415,1.0306725700696309,-0.9836575835943222,0.005624578179170688,0.0028285764468212924,-35.3626339,149.16645245,45226.833333333336,34.0,39.0,124.33333333333333,-11.166666666666666,-47.0,-883.5,-983.3333333333334,7.666666666666667,4.5,AUTO,1500.0
17:13:42,0.0013805576406108837,-0.008090785529930145,1.031223972638448,0.9861620763937632,-0.020199182676151395,-0.006187459647965928,-35.362630149999994,149.16646128333335,42448.5,17.833333333333332,25.666666666666668,71.0,-9.0,52.0,-1108.1666666666667,990.6666666666666,-17.5,-3.5,AUTO,1500.0
17:13:44,0.0019494886679846484,-0.058880808763206005,1.0045126875241597,-0.05362102389335632,-0.0647381196419398,-0.023538426922944684,-35.3626255,149.16646931666665,42072.333333333336,36.5,49.833333333333336,-7.666666666666667,-12.833333333333334,-8.333333333333334,-1016.5,-53.333333333333336,-61.666666666666664,-21.166666666666668,AUTO,1500.0
17:13:46,0.02553640305995941,-0.18604006121555963,0.9965238273143768,0.06591279804706573,-0.01857661335573842,-0.005509448625768225,-35.36261018333333,149.16649685,42481.166666666664,149.16666666666666,217.83333333333334,-36.333333333333336,-50.833333333333336,-25.5,-1027.6666666666667,66.5,-16.0,-3.3333333333333335,AUTO,1500.0
17:13:52,0.05388028733432293,-0.016523672190184396,0.997147669394811,0.00824847056840857,0.08626211388036609,0.001107998735581835,-35.36257413333333,149.16656205,43724.166666666664,199.33333333333334,313.3333333333333,-77.0,-78.0,-42.166666666666664,-992.1666666666666,8.666666666666666,89.0,2.8333333333333335,AUTO,1500.0
17:13:54,0.04160315729677677,0.02231817793411513,1.0001597106456757,0.0224992831548055,0.027944064388672512,-0.0043556661112234,-35.36254458333333,149.16661786666666,44861.666666666664,112.5,204.5,-33.5,-46.333333333333336,-32.5,-984.5,22.5,30.333333333333332,-2.5,AUTO,1500.0
17:13:56,0.010030984412878752,0.06792164718111356,1.0000020265579224,-0.18905508518218994,-0.029031211820741493,-0.009967509075067937,-35.362530533333334,149.16664681666666,45268.0,21.833333333333332,66.5,-5.333333333333333,-12.333333333333334,-22.166666666666668,-992.1666666666666,-189.0,-26.666666666666668,-7.666666666666667,AUTO,1500.0
17:13:58,0.004938169372811292,-0.1463201902806759,0.9973623355229696,0.03317732270807028,-0.038120546688636146,0.011277056609590849,-35.36252645,149.1666568,45302.333333333336,59.5,95.16666666666667,-9.0,-22.5,-18.5,-1025.1666666666667,32.5,-35.333333333333336,12.833333333333334,AUTO,1500.0
17:14:00,0.04241091199219227,-0.03983624869336685,0.9943709373474121,0.08399698262413342,0.1382850012741983,-0.004640145033287506,-35.36250463333333,149.16669443333333,45914.5,138.83333333333334,218.0,-47.333333333333336,-54.166666666666664,-24.666666666666668,-1011.5,86.0,140.83333333333334,-2.3333333333333335,AUTO,1500.0
17:14:02,0.02006429232036074,0.07762565525869529,0.9983244041601816,0.16238609359910092,-0.05614800821058452,0.00016733701340854168,-35.362488033333335,149.16672585,46648.666666666664,15.833333333333334,57.166666666666664,-10.166666666666666,-11.0,1.8333333333333333,-978.1666666666666,164.83333333333334,-53.5,2.3333333333333335,BRAKE,1500.0
17:14:04,5.046204508592685e-05,-0.001947116417189439,0.9978233079115549,0.20238425644735494,-0.005172828522821267,0.0002699164518465598,-35.36248786666667,149.1667289333333,46691.5,-13.5,0.0,0.3333333333333333,1.6666666666666667,8.0,-1006.8333333333334,204.16666666666666,-2.5,1.8333333333333333,BRAKE,1500.0
17:14:06,0.0009398537292781839,-0.004473069178250928,0.9974152048428854,-0.08816325028116505,0.0014083263619492452,0.0001269095422079166,-35.36248858333334,149.16672891666667,46722.166666666664,-7.0,2.8333333333333335,-0.3333333333333333,-0.16666666666666666,-4.5,-996.8333333333334,-86.66666666666667,3.6666666666666665,1.8333333333333333,ALT_HOLD,1500.0
17:14:08,-0.005910502436260383,0.0003287106622641052,0.9956279397010803,-0.9212456233799458,0.0020515828703840575,-0.003902565765505036,-35.362488533333334,149.1667290166667,45858.166666666664,-8.0,2.0,134.0,0.3333333333333333,-31.333333333333332,-878.0,-918.1666666666666,4.666666666666667,-2.0,AUTO,1500.0
17:14:10,0.0010965356403695686,-0.01572304405272007,0.9971714615821838,0.7482723338263375,-0.0023918357079050372,0.00011520353811127799,-35.36248958571428,149.1667308,42933.142857142855,0.5714285714285714,13.428571428571429,61.857142857142854,0.0,14.142857142857142,-1089.2857142857142,747.7142857142857,0.2857142857142857,1.8571428571428572,AUTO,1500.0
17:14:16,0.008802328957244754,0.018278697691857814,0.9825269699096679,0.010504510998725892,0.007334001129493117,0.0006221114657819271,-35.362466,149.16677432,44259.6,42.0,60.8,-31.0,-14.0,-16.4,-989.8,10.6,9.6,2.8,AUTO,1500.0
17:14:18,-0.016068677883595228,0.017277980456128716,0.9815537830193838,0.2487304595609506,-0.02920516657953461,0.0027528365220253668,-35.36246321666666,149.1667828,44568.0,10.833333333333334,4.0,-0.6666666666666666,-1.0,6.833333333333333,-993.0,250.33333333333334,-26.166666666666668,4.833333333333333,AUTO,1500.0
17:14:20,-0.01945092948153615,-0.0739025038977464,0.9834797978401184,0.004419952126530309,0.010254189682503542,-0.001363024969274799,-35.36246145,149.1667884833333,44638.333333333336,58.5,44.166666666666664,-16.0,-13.833333333333334,-7.0,-1021.5,5.833333333333333,13.0,0.5,AUTO,1500.0
17:14:22,-0.0077088357478108565,0.06365711304048698,0.9820955495039622,-0.09962466607491176,0.018211076656977337,-0.007218225141211103,-35.362452600000005,149.16680373333332,45228.666666666664,46.333333333333336,22.0,-23.0,-11.166666666666666,-6.5,-983.5,-99.0,21.166666666666668,-4.833333333333333,AUTO,1500.0
17:14:28,-0.005757316589421991,-0.06157173056687627,0.9816526685442243,-0.14751151629856654,-0.04776657545672996,0.002680640567892364,-35.36245101428571,149.1668040857143,45365.42857142857,18.714285714285715,4.571428571428571,-0.8571428571428571,-4.571428571428571,-7.857142857142857,-1007.8571428571429,-148.0,-44.285714285714285,4.714285714285714,BRAKE,1500.0
17:14:30,0.006690646424734344,0.02894706589480241,0.9829969108104706,-0.09598724792400996,-0.023833089818557102,0.0024845196361032626,-35.36244406666666,149.16681353333334,45625.666666666664,23.833333333333332,31.833333333333332,-10.0,-9.166666666666666,-9.5,-989.5,-96.16666666666667,-20.0,4.333333333333333,BRAKE,1500.0
17:14:32,-0.0025629788481940827,0.003578941570594907,0.9829513231913248,-0.23282623291015625,-0.006614937757452329,-6.097372776518265e-05,-35.36244191666666,149.16681666666668,45738.0,2.0,3.1666666666666665,-1.8333333333333333,-1.1666666666666667,-14.333333333333334,-994.3333333333334,-234.5,-3.0,2.1666666666666665,ALT_HOLD,1500.0
17:14:34,-0.0012983601385106642,-0.0007123884376293669,0.981732020775477,0.503311038017273,0.005616745057826241,0.004086040387240549,-35.36244163333333,149.16681743333334,45120.166666666664,-3.5,1.1666666666666667,113.33333333333333,0.0,40.0,-880.8333333333334,509.1666666666667,8.333333333333334,6.666666666666667,AUTO,1500.0
17:14:36,0.0049216180729369325,-0.01770792358244459,0.9814373950163523,0.5291873514652252,-0.004590278530182938,0.0021323855035007,-35.36244191666667,149.16681889999998,42702.0,2.1666666666666665,9.333333333333334,58.333333333333336,-5.166666666666667,29.333333333333332,-1103.3333333333333,530.5,-1.6666666666666667,4.0,AUTO,1500.0
17:14:38,0.03885261155664921,-0.007006983699587484,0.9826567868391672,0.015546325594186783,0.009022039594128728,0.0024781694907384613,-35.36243728333333,149.16682015,42520.833333333336,-7.833333333333333,28.166666666666668,-12.5,-6.333333333333333,2.3333333333333335,-1006.1666666666666,16.833333333333332,11.666666666666666,4.333333333333333,AUTO,1500.0
17:14:42,-0.0015970456546970776,-0.030022442074758664,0.9832509926387242,0.12091766351035663,-0.01311300678311714,-0.0023325839678623845,-35.36243645714286,149.1668257142857,42866.857142857145,-8.285714285714286,31.142857142857142,-10.714285714285714,-2.2857142857142856,0.0,-1010.8571428571429,122.85714285714286,-9.714285714285714,0.14285714285714285,AUTO,1500.0
17:14:44,0.008499526443691658,0.01765362116774278,0.9780160699571881,0.01269634161144495,0.022658962523564696,0.0020368837285786867,-35.362432885714284,149.16683431428572,43416.0,11.142857142857142,31.285714285714285,-25.428571428571427,-6.714285714285714,-8.428571428571429,-985.8571428571429,13.285714285714286,25.857142857142858,4.142857142857143,AUTO,1500.0
17:14:46,-0.0037489873939193785,-0.02257324696984142,0.9783551891644796,-0.24927630027135214,-0.04259083482126395,-0.0013904809020459652,-35.36243191666667,149.16683645,43642.833333333336,-5.5,6.0,0.16666666666666666,0.16666666666666666,-12.5,-998.3333333333334,-247.83333333333334,-38.833333333333336,1.3333333333333333,AUTO,1500.0
17:14:48,0.002364866901189089,-0.000993823166936636,0.9785638196127755,0.11310212527002607,0.05589343500988824,-0.0017229854461870023,-35.3624291,149.1668428,43971.142857142855,25.714285714285715,40.142857142857146,-28.571428571428573,-9.142857142857142,-6.857142857142857,-1004.1428571428571,114.28571428571429,58.857142857142854,1.1428571428571428,AUTO,1500.0
17:14:50,-0.01610691996756941,0.0009807883761823177,0.9779848953088125,-0.21005464096864065,-0.0470755819696933,0.004869977128691971,-35.362427733333334,149.1668471,44331.166666666664,-0.8333333333333334,-9.5,0.8333333333333334,1.6666666666666667,-6.333333333333333,-989.3333333333334,-207.83333333333334,-43.5,7.166666666666667,BRAKE,1500.0
17:14:52,-0.00913865763383607,0.00030643147086569417,0.9783186316490173,0.3617372140288353,0.003883931514186164,-0.00042127276537939906,-35.36242813333333,149.16684746666667,44310.5,8.666666666666666,-3.8333333333333335,-0.3333333333333333,-1.0,18.166666666666668,-997.3333333333334,363.5,7.0,1.8333333333333333,BRAKE,1500.0
17:14:54,0.0003602680517360568,-0.002448628996110832,0.9779574374357859,-0.006671140591303508,-0.002026461918527881,0.001586725004017353,-35.3624273,149.166847,44325.0,3.0,-6.5,-0.3333333333333333,-1.3333333333333333,5.5,-1002.3333333333334,-4.333333333333333,1.3333333333333333,4.0,ALT_HOLD,1500.0
17:14:58,-0.005829630081279902,-0.012047240044921637,0.9784341081976891,-0.11267614737153053,0.00650557188782841,-0.0001463113003410399,-35.3624260625,149.16684626249997,41720.75,3.75,11.75,19.25,-0.75,-12.375,-1058.75,-111.75,9.625,2.25,AUTO,1500.0
17:15:04,-0.006886647825012915,0.00048580797260910913,0.9783280044794083,-0.06978472787886858,0.0030771888268645853,0.0007851372211007401,-35.362425025,149.1668501,41911.875,13.25,3.25,-16.25,-3.375,-7.5,-994.0,-68.75,6.25,3.25,AUTO,1500.0
17:15:06,0.006952369910626051,-0.016674563298389938,0.9777489503224691,0.047668213645617165,-0.022438067477196455,0.00023131571166838208,-35.36242313333333,149.16685028333333,42107.166666666664,0.0,4.5,-3.0,-1.3333333333333333,-0.8333333333333334,-1006.1666666666666,49.0,-18.5,2.6666666666666665,AUTO,1500.0
17:15:08,0.0024292813260607155,-0.00674242024043841,0.9779666832515171,0.09599773253181151,0.030783425750476972,0.00017596112697252205,-35.362420914285714,149.1668546142857,42469.0,12.571428571428571,30.0,-30.0,-6.285714285714286,1.4285714285714286,-1008.1428571428571,98.71428571428571,34.0,2.4285714285714284,AUTO,1500.0
17:15:10,-0.0028085042256861927,0.011352346464991569,0.978041660785675,0.10464780032634735,-0.026065880060195924,0.002212402783334255,-35.3624194,149.1668587,42937.8,-2.8,-1.2,-5.6,0.4,-1.0,-977.0,105.2,-21.8,4.4,AUTO,1500.0
17:15:12,-0.0033442769548855723,-0.02936651837080717,0.9782051920890809,0.3365351542830467,-0.022980890795588495,-0.0003074222942814231,-35.36241966,149.16685916,42959.8,6.4,6.8,-4.8,-1.0,9.0,-1021.6,337.2,-19.0,1.8,AUTO,1500.0
17:15:24,-0.004232832812704146,8.986560533230659e-05,0.9888124664624532,-1.5023858944574993,-0.0017834765215714772,-0.003083593832949797,-35.36241103333333,149.16687679999998,43077.0,-8.0,7.666666666666667,176.33333333333334,0.75,-78.25,-930.75,-1541.25,3.75,-3.5,AUTO,1500.0
17:15:26,-0.0005802214474594317,-0.007094689644873142,0.9900609453519186,0.4444764082630475,0.0014106043769667547,0.0008885035058483481,-35.36241215,149.16687913333334,40518.5,0.0,7.833333333333333,34.666666666666664,0.16666666666666666,7.5,-1085.8333333333333,444.6666666666667,5.166666666666667,3.5,AUTO,1500.0
17:15:28,-0.015590540443857511,0.0001249924534931779,0.9905591011047363,-0.03443998843431473,0.00401457278834035,-0.0010535262214640777,-35.36241215,149.16688166666668,40555.666666666664,10.333333333333334,1.8333333333333333,-20.5,-0.8333333333333334,-4.5,-1000.8333333333334,-32.666666666666664,7.5,1.8333333333333333,AUTO,1500.0
17:15:30,-0.005634167156780937,-0.0005329100864141115,0.9900188531194415,0.12098029588482209,-0.003615704797474401,0.00014396505762955973,-35.36241165714286,149.16688262857141,40870.142857142855,10.0,-8.142857142857142,-5.428571428571429,-1.1428571428571428,4.857142857142857,-989.0,122.28571428571429,0.14285714285714285,2.857142857142857,BRAKE,1500.0
17:15:32,-0.004560721882929404,-0.003757945649946729,0.9904055794080099,-0.038550905883312225,-0.0007672782133643826,0.0005651198055905601,-35.36241075,149.16688171666667,40916.166666666664,3.0,-4.333333333333333,-1.0,-0.3333333333333333,2.5,-1002.6666666666666,-36.333333333333336,3.0,3.3333333333333335,BRAKE,1500.0
17:15:34,0.0027043507928153432,-0.0011598506742822273,0.9897215706961495,0.39043961997543064,0.0037255306794707265,0.0007271213190896171,-35.36240995714285,149.16688087142856,40819.857142857145,-1.2857142857142858,-2.0,38.714285714285715,-0.14285714285714285,28.857142857142858,-918.5714285714286,394.85714285714283,7.285714285714286,3.5714285714285716,AUTO,1500.0
17:15:40,0.008344672150087717,-0.010580966648246561,0.9898234350340707,0.3489024702991758,0.0008557865928326334,0.001025481947830745,-35.36240927142857,149.16688015714286,39024.0,-1.4285714285714286,3.857142857142857,39.0,-1.4285714285714286,5.571428571428571,-1079.4285714285713,349.14285714285717,4.857142857142857,3.7142857142857144,AUTO,1500.0
17:15:42,3.9691812292273555e-05,-0.0006350265949939578,0.990622844014849,0.025415541870253428,0.0035246036547635284,0.00029035740798073154,-35.362408357142854,149.16688164285713,39120.0,-0.14285714285714285,7.571428571428571,-19.428571428571427,-0.8571428571428571,-0.2857142857142857,-1002.5714285714286,27.857142857142858,7.142857142857143,3.0,AUTO,1500.0
17:15:45,0.009370150044560432,-0.008971096249297261,0.9905287027359009,0.6164311170578003,-0.007295760326087475,0.0036763929529115558,-35.3624079,149.16688245,39423.5,-3.0,1.5,0.5,-0.3333333333333333,23.333333333333332,-1016.6666666666666,590.0,-3.0,6.333333333333333,BRAKE,1500.0
17:15:47,-0.012251383624970913,0.0009158622706308961,0.9893993139266968,-0.8533933758735657,-5.581323057413101e-05,0.0025168948341161013,-35.3624077,149.1668831,39458.0,-2.0,1.0,-1.0,-0.5,-37.0,-999.0,-800.0,4.5,2.5,BRAKE,1500.0
17:15:49,0.0008232277551931995,-0.001593694244677733,0.9903429406029838,0.15153572176183974,0.002110249928331801,-0.0007827016192355327,-35.36240755714285,149.16688312857144,39476.57142857143,-3.5714285714285716,0.5714285714285714,4.428571428571429,-0.125,-0.75,-976.125,42.125,5.625,2.5,ALT_HOLD,1500.0
17:15:51,0.007616947482650478,-0.0004201637069248439,0.9900817606184218,0.07767848173777263,0.0016084736368308465,0.0017842033671008216,-35.36240974444444,149.16688508888888,37306.11111111111,-13.11111111111111,9.333333333333334,172.11111111111111,4.888888888888889,-6.0,-965.7777777777778,79.33333333333333,5.222222222222222,5.0,AUTO,1500.0
17:15:53,-0.05656420812010765,0.011344002094119787,0.9900110065937042,1.0413598418235779,-0.007705310825258493,-0.00500356376869604,-35.36241535,149.16689105,34240.0,-6.0,12.0,125.5,9.5,63.5,-1129.0,1051.0,-3.5,-1.5,AUTO,1500.0
17:15:55,-0.06228303164243698,-0.000515274608915206,0.9901124611496925,-0.03264301596209407,-0.00413756538182497,0.0026436408516019583,-35.3624186125,149.16689484999998,33605.75,37.75,-21.375,0.25,-0.375,2.75,-1036.125,-30.25,0.0,5.5,AUTO,1500.0
17:15:57,0.00559725000251395,-0.006835779304512673,0.9898208909564548,-0.015333993981281916,0.0024828463534100186,0.0020674747259666524,-35.36241493333333,149.16689278888887,33970.77777777778,29.333333333333332,-18.666666666666668,-10.666666666666666,-4.444444444444445,0.4444444444444444,-988.6666666666666,-16.555555555555557,6.444444444444445,5.111111111111111,AUTO,1500.0
17:15:59,-0.0012834894878324121,-0.00690717319957912,0.9904625415802002,-0.48740920424461365,-0.00487685389816761,-0.00029289256781339645,-35.3624128,149.16689165000003,34049.0,4.0,-1.0,-0.5,-1.0,-33.5,-1009.5,-490.5,0.0,2.5,AUTO,1500.0
17:16:01,0.002232125648085705,-0.0022932917715727604,0.9902019663290544,0.04013608463785865,0.006237467581575567,0.001428893089971759,-35.362411654545454,149.16689290000002,34519.72727272727,3.090909090909091,4.636363636363637,-29.727272727272727,-2.1818181818181817,1.6363636363636365,-1001.9090909090909,40.45454545454545,10.090909090909092,4.363636363636363,BRAKE,1500.0
17:16:03,0.007964151678606868,-0.0016449724110619475,0.9897371828556061,0.4948201850056648,-0.0009411492695411047,0.0011241353349760175,-35.362410749999995,149.16689365,35099.5,-6.5,0.8333333333333334,-5.833333333333333,0.0,17.2,-999.6,482.8,2.6,4.0,BRAKE,1500.0
17:16:08,-0.00037533557042479515,0.00046902983740437776,0.9884766936302185,-0.7476346433162689,0.0010880121029913426,-0.011718082427978515,-35.36241162,149.16689438000003,33985.6,-8.6,2.6,161.8,1.4,-36.0,-911.2,-749.2,5.2,-7.8,AUTO,1500.0
17:16:10,0.0011783617082983255,-0.006445194128900766,0.9898879826068878,0.267936784774065,0.003671721671707928,0.0021665478125214577,-35.3624126,149.16689535,31266.0,-1.5,3.0,6.0,-3.0,32.0,-1041.0,272.5,8.0,5.0,AUTO,1500.0
17:16:15,0.02151857651770115,-0.004401173209771514,0.9903436660766601,0.05075599253177643,0.0029201345518231393,0.0005313715897500515,-35.36241082,149.16689477999998,31446.6,-10.0,8.8,-19.6,-2.6,6.8,-1006.4,52.4,7.0,3.8,AUTO,1500.0
17:16:17,0.01961093721911311,-0.0006612734481071433,0.9904410342375437,0.07303391396999359,0.0013605991067985694,0.0018379060784354806,-35.36240986666667,149.16689468333334,31741.333333333332,-22.0,13.5,-6.166666666666667,-0.6666666666666666,5.833333333333333,-992.3333333333334,74.5,5.5,5.333333333333333,AUTO,1500.0
17:16:19,0.015719261752175435,-0.007350385521671602,0.9904083865029472,0.025623864893402373,-0.003272958565503359,0.0006466509574758155,-35.362409771428574,149.16689494285714,31814.428571428572,-22.285714285714285,16.285714285714285,-8.571428571428571,-0.5714285714285714,0.2857142857142857,-1017.1428571428571,27.0,1.4285714285714286,3.857142857142857,AUTO,1500.0
17:16:21,0.01598890610039234,0.0014978491279180161,0.9902496695518493,-0.10258752405643463,0.007162564620375633,-0.00029039985965937374,-35.36240918,149.16689602,32308.0,-17.6,17.0,-29.0,-0.8,-9.8,-984.6,-101.2,11.4,3.0,AUTO,1500.0
17:16:23,0.009092858643271029,-0.0027342520304955544,0.9897843837738037,0.14408096969127654,-0.007856299169361591,-0.0010857350658625363,-35.36240954,149.16689678,32585.4,-18.8,9.6,1.8,0.8,0.4,-993.2,145.6,-2.8,2.2,AUTO,1500.0
17:16:25,0.009412721071081856,-0.010629367859413227,0.9901640514532725,0.07161904390280445,0.004632844589650631,0.0012615224113687873,-35.36240925,149.16689713333335,32778.666666666664,-8.166666666666666,13.833333333333334,-30.333333333333332,-1.6666666666666667,6.5,-1026.0,75.33333333333333,8.666666666666666,4.666666666666667,AUTO,1500.0
17:16:27,0.011453554111843308,0.003309550491394475,0.990086168050766,-0.1437042219719539,-0.0015202858485281467,-0.0005331284288937846,-35.36240806666667,149.1668981833333,33543.166666666664,-13.166666666666666,11.833333333333334,-22.5,-0.16666666666666666,-9.666666666666666,-969.8333333333334,-141.16666666666666,3.3333333333333335,2.6666666666666665,AUTO,1500.0
17:16:29,0.002933643634605687,-0.007869858605166277,0.99040620525678,0.02010198123753071,-0.005979198807229598,0.001191939925774932,-35.3624083,149.16689868333333,33660.5,-11.5,9.666666666666666,-3.5,0.3333333333333333,-1.5,-1016.1666666666666,23.166666666666668,-1.3333333333333333,4.5,AUTO,1500.0
17:16:31,-0.00825651913570861,-0.0002317471468510727,0.9899772504965464,-0.04625343531370163,0.00968051616412898,-0.0008336825218672553,-35.3624084,149.1669008,34265.333333333336,4.666666666666667,8.0,-48.333333333333336,0.0,-7.666666666666667,-1001.0,-43.666666666666664,14.0,2.5,BRAKE,1500.0
17:16:33,-0.005805695380937929,-0.004467543272767216,0.9901927808920542,0.06128137744963169,-0.0021952863316982985,0.0010112751624546945,-35.36240821666667,149.16690193333332,34956.0,5.0,-1.8333333333333333,-15.5,-0.8333333333333334,4.666666666666667,-986.3333333333334,65.0,2.1666666666666665,4.666666666666667,BRAKE,1500.0
17:16:35,-0.0032112884800881147,-0.004331977106630802,0.9904480675856272,-0.024108005066712696,-0.000435334009428819,0.00039503331451366347,-35.36240771666667,149.1669019,35144.833333333336,3.0,0.0,-4.0,-0.8333333333333334,2.6666666666666665,-994.6666666666666,-20.166666666666668,3.8333333333333335,4.0,ALT_HOLD,1500.0
17:16:37,0.0026888904560889515,0.0004454966214585251,0.9895350592476981,-0.1515181532927922,-0.0061822208975042614,-0.0017859495377966336,-35.36240718571429,149.16690144285715,34153.0,-2.142857142857143,-2.2857142857142856,137.71428571428572,0.14285714285714285,-11.285714285714286,-889.5714285714286,-151.0,-1.2857142857142858,2.142857142857143,AUTO,1500.0
17:16:39,0.0054011555621400476,-0.01325326490526398,0.9886830051740011,-0.6430206124981245,-0.002972016033406059,0.0024942167413731418,-35.36240668333334,149.16690001666666,31485.833333333332,-7.333333333333333,3.5,51.0,-5.833333333333333,-20.166666666666668,-1097.5,-640.0,1.5,6.0,AUTO,1500.0
17:16:41,0.06066190513471762,-0.009524858789518476,0.9900301794211069,-0.013857739046216011,0.005282893932114045,0.0009898368346815307,-35.36240243333334,149.16689706666668,31493.0,-33.5,28.666666666666668,-20.333333333333332,-4.0,-1.3333333333333333,-1000.5,-10.0,9.5,4.5,AUTO,1500.0
17:16:43,0.03293775829176108,-0.00034942668086538714,0.9912751217683157,0.07723954257865746,0.0020022254902869463,-0.0012806195688123505,-35.3624019,149.1668975,31813.0,-51.5,38.166666666666664,-4.666666666666667,1.3333333333333333,0.3333333333333333,-993.0,82.83333333333333,6.166666666666667,2.5,AUTO,1500.0
17:16:45,0.0001814574934542179,-0.0025063494807303264,0.991127590338389,0.06919826815525691,-0.0006141248159110546,-0.0025480802093322077,-35.3624045,149.1669,31848.666666666668,-32.166666666666664,24.666666666666668,-5.0,2.8333333333333335,-6.166666666666667,-1018.8333333333334,75.33333333333333,3.6666666666666665,1.3333333333333333,AUTO,1500.0
17:16:51,-0.022761598362454345,-0.001167307437364278,0.9904431104660034,-0.04904956370592117,0.004791011102497578,-0.0003471789615494864,-35.36240682857142,149.16690295714287,32348.14285714286,0.14285714285714285,7.428571428571429,-34.714285714285715,1.0,-6.428571428571429,-999.2857142857143,-42.57142857142857,8.857142857142858,3.4285714285714284,AUTO,1500.0
17:16:53,-0.017549428390339017,-0.0047582865809090436,0.9895732551813126,0.539170304313302,-0.004823826951906085,0.0015865282039158046,-35.3624079,149.1669044,32809.25,16.75,-10.0,1.5,0.0,31.25,-997.75,547.75,0.0,4.75,AUTO,1500.0
17:16:57,-0.017969682812690735,-0.001080417656339705,0.9903210997581482,-0.457101970911026,-0.01321241445839405,-2.7676578611135483e-06,-35.3624064,149.1669055,33750.0,21.0,-13.0,-8.0,0.0,-31.0,-971.0,-456.0,-8.0,3.0,AUTO,1500.0
17:16:59,-0.018015186942648143,-0.00920665543526411,0.9902125746011734,-0.011543698608875275,-0.007979157497175038,0.000975093396846205,-35.362406275000005,149.16690542499998,33758.75,20.25,-10.0,-1.5,-0.25,-11.75,-1016.0,-8.75,-3.0,4.5,BRAKE,1500.0
17:17:01,-0.026234569028019905,-0.0023748602640504637,0.9903679291407267,-0.378939136552314,-0.0019730188262959323,-4.642398562282324e-05,-35.36240573333333,149.1669059166667,34028.333333333336,22.5,-8.833333333333334,-12.333333333333334,-0.6666666666666666,-14.666666666666666,-985.3333333333334,-374.5,2.5,3.5,BRAKE,1500.0
17:17:03,-0.0037536723539233208,-0.0013579947408288717,0.9900241494178772,0.23500493168830872,0.012290368787944317,0.00647227605804801,-35.3624042,149.1669051,34209.0,16.0,-11.0,5.0,-1.0,29.0,-937.0,245.0,16.0,10.0,ALT_HOLD,1500.0
17:17:05,-0.005200381058135203,0.00043458808837775517,0.9887162702424186,-0.6232313939503261,-0.0033076743462256025,-0.008165746927261353,-35.36240372857144,149.1669036,32541.14285714286,-1.2857142857142858,-7.857142857142857,169.0,0.2857142857142857,-18.142857142857142,-935.2857142857143,-619.4285714285714,1.0,-4.0,AUTO,1500.0
17:17:07,-0.002006083920908471,-0.011469368822872639,0.9905238846937815,-0.3669314918418725,1.0692048817873001e-05,-0.005783762355955939,-35.362404149999996,149.16690136666668,29391.0,-3.8333333333333335,0.6666666666666666,65.66666666666667,1.8333333333333333,-35.5,-1108.5,-368.1666666666667,4.0,-1.8333333333333333,AUTO,1500.0
17:17:09,-0.005205686766809474,-0.005754776687050859,0.9908885657787323,0.008591060837109884,0.00289463484659791,-0.0014251482983430226,-35.362404350000006,149.16690156666667,29239.5,4.166666666666667,3.5,-19.333333333333332,0.0,-3.8333333333333335,-999.5,12.166666666666666,6.833333333333333,2.1666666666666665,AUTO,1500.0
17:17:11,-0.013448702171444893,-0.0021736444905400276,0.9906370639801025,0.06929203867912292,0.0007218589307740331,0.00036703539080917835,-35.3624044,149.1669023,29603.0,5.0,-0.5,-1.5,0.0,13.0,-983.0,77.5,4.5,4.0,AUTO,1500.0
17:17:13,-0.018915887689217925,-0.00712455902248621,0.9905925691127777,-0.37402124237269163,-0.0024532860843464732,-0.0001522806123830378,-35.362404675,149.166902775,29628.0,10.25,-2.25,-8.25,0.0,-11.8,-1011.6,-179.4,1.6,3.8,AUTO,1500.0
17:17:15,-0.01604654807597399,-0.0026711471378803252,0.9902436137199402,-0.03452804535627365,0.003994926530867815,-0.000524623366072774,-35.362404479999995,149.16690377999998,30135.2,16.2,-3.8,-34.2,-0.6,-3.4,-995.4,-31.0,7.8,3.0,AUTO,1500.0
17:17:17,-0.018248073446253937,-0.004213492851704359,0.9905266761779785,-0.18692129850387573,-0.0003775850248833497,-0.003103086802487572,-35.36240443333333,149.16690423333333,30513.666666666668,15.0,-9.0,2.3333333333333335,0.5,-13.75,-988.75,30.0,1.75,1.5,AUTO,1500.0
17:17:19,-0.033478301018476486,-0.006349625531584024,0.9906118427004132,0.06133889939103808,0.0019425416498311929,-0.00042380266157644134,-35.3624052,149.16690547142858,30698.85714285714,26.714285714285715,-10.428571428571429,-27.428571428571427,-0.42857142857142855,3.7142857142857144,-1023.5714285714286,64.85714285714286,6.0,3.142857142857143,AUTO,1500.0
17:17:21,-0.014307839640726646,-0.00452832803906252,0.9903230965137482,-0.06665861109892528,-0.00346233455153803,0.0018880295101553202,-35.36240396666667,149.16690573333335,31460.666666666668,26.333333333333332,-14.333333333333334,-25.0,-2.8333333333333335,4.0,-983.0,-63.666666666666664,0.6666666666666666,5.333333333333333,BRAKE,1500.0
17:17:27,0.002046101241527746,-0.007338839738319318,0.9903681675593058,-0.2371670405069987,-0.0013265682694812615,0.002536213956773281,-35.36240083333334,149.16690350000002,31767.0,10.666666666666666,-5.0,-4.666666666666667,-3.0,3.0,-1007.0,-231.66666666666666,2.3333333333333335,6.0,BRAKE,1500.0
17:17:29,-0.007691393800390263,0.0004141909642688309,0.9898581306139628,0.3899631202220917,0.0017232733468214672,0.011837896425276995,-35.36239916666667,149.16690223333333,31533.0,-2.6666666666666665,0.0,91.0,-1.0,59.666666666666664,-821.3333333333334,402.0,5.333333333333333,15.333333333333334,AUTO,1500.0
17:17:31,-0.006938956648809835,-0.007162587746279314,0.9904140010476112,-0.4068944677710533,0.0017112515633925796,0.001200974191306159,-35.362398975000005,149.1669016,29958.625,-3.375,3.625,32.75,-0.25,-13.625,-1093.5,-404.375,5.875,4.75,AUTO,1500.0
17:17:33,-0.010671626310795546,-0.0014167043762946768,0.9908527902194432,0.12497360315839094,0.001513841761542218,-0.0020632195519283414,-35.36239938571428,149.1669027,30135.571428571428,2.4285714285714284,1.2857142857142858,-20.714285714285715,-0.14285714285714285,2.4285714285714284,-996.8571428571429,126.57142857142857,5.285714285714286,1.2857142857142858,AUTO,1500.0
17:17:35,-0.007918707948798934,-0.0039591912645846605,0.9905591905117035,-0.10054060025140643,-0.00286491164782395,-0.00033543852623552084,-35.36239953333334,149.16690313333334,30414.666666666668,6.666666666666667,-4.666666666666667,-1.8333333333333333,-0.5,-8.333333333333334,-988.0,-98.66666666666667,1.5,3.0,BRAKE,1500.0
17:17:37,-0.013104247162118554,-0.005009598331525922,0.9905656725168228,-0.46176224015653133,-0.0028940735501237214,0.002491435094270855,-35.362399100000005,149.166902725,30424.0,3.0,-0.5,-0.25,-0.75,-6.25,-997.25,-457.5,1.5,6.0,BRAKE,1500.0
17:17:47,-0.010078885592520237,-0.0032156948000192642,0.9910069108009338,-0.5227957367897034,-0.004865068942308426,-0.003381905145943165,-35.3624007,149.1669033,26584.0,2.0,1.0,-14.0,0.0,-24.5,-985.5,-224.5,3.0,0.0,AUTO,1500.0
17:18:04,-0.0030489483498968182,-0.005466481857001782,0.9904554009437561,-0.0292246013879776,-0.0004394478164613247,-0.0039538830053061245,-35.362398940000006,149.1669052,29018.4,4.4,0.0,0.2,0.2,-8.6,-999.4,-30.0,3.2,-0.6,BRAKE,1500.0
17:18:06,-0.014932742342352867,-0.005201008403673768,0.9906933804353079,-0.05895384276906649,0.00016733243440588316,-0.0012937107433875401,-35.362399,149.1669052666667,29028.666666666668,6.0,-0.6666666666666666,-0.5,0.0,4.833333333333333,-999.6666666666666,-56.333333333333336,3.6666666666666665,2.1666666666666665,ALT_HOLD,1500.0
17:18:07,0.018356547690927982,0.0007754910329822451,0.9897112399339676,1.5254157185554504,-0.0023371829884126782,-0.004723490448668599,-35.3623991,149.16690505,28692.75,2.5,-3.0,90.75,0.5,50.5,-856.25,1525.25,1.0,-1.0,ALT_HOLD,1500.0
17:18:09,-0.002071248677869638,-0.003189103213927069,0.9905668298403422,0.42045987645785016,0.0012263598230977852,0.002188592062642177,-35.362400799999996,149.1669051833333,26109.0,-5.833333333333333,1.5,139.16666666666666,5.833333333333333,-1.3333333333333333,-1071.3333333333333,419.1666666666667,4.666666666666667,5.666666666666667,AUTO,1500.0
17:18:11,-0.03146954858675599,-0.007443553418852389,0.9907300174236298,-0.11399315670132637,-0.0029041855596005917,-0.00033067649928852916,-35.362403224999994,149.166906775,25130.5,26.25,-11.25,-20.5,-0.8,-4.4,-1014.8,-147.2,0.8,2.6,AUTO,1500.0
17:18:13,0.0018503436197837193,-0.008400313789024949,0.9905341863632202,-0.15751531378676495,-0.00032753947501381236,-0.0006405018696871897,-35.36240125,149.1669055,25472.0,17.666666666666668,-6.5,-17.0,-3.3333333333333335,-3.8333333333333335,-988.6666666666666,-158.0,3.0,2.3333333333333335,AUTO,1500.0
17:18:15,0.0024194783265037195,-0.0067090726058397976,0.9910553864070347,-0.0923145083444459,-0.00046540557273796627,-0.0012230847496539354,-35.36239952857144,149.1669045857143,25616.85714285714,-1.8571428571428572,5.857142857142857,-7.0,-0.2857142857142857,-0.8571428571428571,-1013.2857142857143,-91.85714285714286,2.5714285714285716,2.0,AUTO,1500.0
17:18:17,-0.003825513762421906,-0.00525975370934854,0.9905386169751486,-0.08056644722819328,0.0011753263728072245,-0.0016574582162623603,-35.36239953333334,149.16690553333333,26082.5,0.5,6.666666666666667,-42.166666666666664,-0.6666666666666666,-4.666666666666667,-1012.6666666666666,-80.83333333333333,4.333333333333333,1.0,AUTO,1500.0
17:18:19,-0.0012162292093437696,-0.0030090196191200186,0.9905758840697152,0.026018658386809484,-0.001803628385200032,0.0017379960710448878,-35.3623993,149.1669060714286,26811.571428571428,-0.8571428571428571,3.142857142857143,-18.571428571428573,-0.5714285714285714,6.571428571428571,-972.4285714285714,26.857142857142858,1.5714285714285714,4.714285714285714,BRAKE,1500.0
17:18:28,0.010453346185386181,-0.01023455336689949,0.9911545515060425,-0.662653386592865,0.0019044226501137018,-0.00039497786201536655,-35.3623981,149.1669025,23266.0,-9.0,11.0,-8.0,-1.0,-29.5,-1029.0,-484.0,3.0,2.5,AUTO,1500.0
17:18:39,-0.010703540220856667,-0.0011929641346796415,0.9907487273216248,0.00722893476486206,0.0023028161376714706,-0.001977061992511153,-35.36239888,149.16690508000002,24410.0,-1.8,6.4,-33.8,0.6,-2.2,-990.2,9.6,5.2,0.6,AUTO,1500.0
17:18:41,-0.010491903405636549,-0.004497517695805679,0.990451455116272,0.1716013103723526,-0.004135608343252291,-0.0024199768085964024,-35.3623997,149.16690595000003,24723.5,5.833333333333333,-2.6666666666666665,1.0,0.3333333333333333,2.6666666666666665,-991.1666666666666,172.0,-0.8333333333333334,0.5,AUTO,1500.0
17:18:43,-0.00418024632090237,-0.005255711451172829,0.9908219456672669,-0.004566809535026551,0.003245914075523615,-0.00025484762154519557,-35.36239918,149.1669059,24947.8,8.4,-0.4,-22.8,-1.6666666666666667,7.666666666666667,-1007.6666666666666,73.33333333333333,7.0,2.5,BRAKE,1500.0
17:18:45,0.01020629401318729,-0.006743666095038255,0.9901731908321381,-0.02493906021118164,-0.0008222833081769446,0.0014052982442080975,-35.36239758333333,149.16690506666666,25228.666666666668,-0.5,1.8333333333333333,-6.333333333333333,-2.5,1.0,-997.0,-23.5,2.3333333333333335,4.166666666666667,BRAKE,1500.0
17:18:47,-0.018228429835289717,0.0006512472809845349,0.9901703000068665,-1.4980577230453491,0.0006943944026716053,-0.004060535982716829,-35.3623956,149.1669033,24936.75,-7.25,2.25,95.75,-1.0,-58.0,-849.0,-1498.25,3.5,-1.0,ALT_HOLD,1500.0
17:18:49,-0.0004711487175275882,-0.00485287643277843,0.9898161987463633,0.11637261509895325,-0.004062054096721113,0.0015812588778013985,-35.36239475,149.166901,22104.833333333332,-10.166666666666666,-0.5,151.0,1.8333333333333333,26.833333333333332,-1087.0,122.16666666666667,-0.8333333333333334,4.333333333333333,AUTO,1500.0
17:18:51,-0.004367085459913748,-0.00671135657466948,0.9910598397254944,0.23496500899394354,0.002066075180967649,-0.00022643016806493202,-35.36239561666667,149.16690086666665,20901.166666666668,-1.0,4.0,-9.333333333333334,0.0,7.666666666666667,-1032.6666666666667,236.83333333333334,5.0,2.3333333333333335,AUTO,1500.0
17:18:53,-0.003954191304122408,-0.0047210359480232,0.9911450843016306,-0.05581266277780136,-0.0017655729704226057,0.0002725990101074179,-35.362395633333335,149.16690116666666,21252.166666666668,2.6666666666666665,1.8333333333333333,-17.333333333333332,-0.16666666666666666,-1.8333333333333333,-991.8333333333334,-53.666666666666664,1.5,2.5,AUTO,1500.0
17:18:55,-0.0037983555739629082,-0.005525257166785498,0.9903497397899628,-0.38104435553153354,-0.00397170172072947,0.0013128958720092971,-35.36239535000001,149.16690123333333,21389.833333333332,1.5,0.5,-1.3333333333333333,-1.6666666666666667,-19.666666666666668,-1003.6666666666666,-380.6666666666667,-1.0,3.6666666666666665,AUTO,1500.0
17:18:57,0.011321195494383573,-0.008218035474419594,0.9905680060386658,-0.046756424754858014,0.001131695182994008,-0.0002401276957243681,-35.36239408,149.16690063999997,21739.0,-4.8,9.6,-36.6,-0.6,-3.4,-1014.2,-44.6,4.2,2.4,AUTO,1500.0
17:18:59,-0.003848292026668787,-0.0017938459990546108,0.9910637855529785,-0.08847151100635528,-0.0004458497744053602,-0.00015772874467074872,-35.36239412,149.1669014,22427.6,-8.4,10.2,-16.0,0.4,-6.0,-972.8,-85.0,2.0,2.2,AUTO,1500.0
17:19:01,-0.013425816044521829,-0.005224547892188032,0.9907988707224528,-0.23235319058100382,-0.0038829609596480927,-0.0003741693217307329,-35.36239523333333,149.16690251666668,22504.5,0.8333333333333334,2.5,-5.333333333333333,1.0,-16.833333333333332,-1012.6666666666666,-231.33333333333334,-0.8333333333333334,2.0,AUTO,1500.0
17:19:03,-0.006276631689009567,-0.004302695102524012,0.9904145499070486,-0.11258536701401074,0.0026988542328278222,-0.00022191447593892613,-35.362395150000005,149.16690309999998,23107.166666666668,6.666666666666667,0.6666666666666666,-44.0,-0.8333333333333334,-4.0,-995.5,-109.5,5.0,1.8333333333333333,AUTO,1500.0
17:19:05,-0.0037777970428578556,-0.005455155042000115,0.9905378818511963,-0.2501881644129753,-0.0021045816829428077,0.003022610442712903,-35.36239445,149.16690305,23594.25,0.75,0.5,1.75,-0.2,-10.4,-989.4,-186.8,0.8,4.8,BRAKE,1500.0
17:19:07,-0.0014850397322637339,-0.005242298822849989,0.9905791381994883,-0.13374442234635353,-0.0008790073334239423,-0.0006627327917764584,-35.362394233333326,149.16690276666668,23576.666666666668,-0.6666666666666666,2.3333333333333335,0.3333333333333333,0.0,-6.166666666666667,-1001.0,-131.16666666666666,1.5,2.0,BRAKE,1500.0
17:19:09,-0.009495366204646416,-0.003082344754754255,0.99095219373703,-0.06905478052794933,0.0035092780211319527,-0.0020188118408744535,-35.36239471666667,149.16690308333332,23590.666666666668,0.6666666666666666,2.0,0.3333333333333333,0.8333333333333334,-3.3333333333333335,-999.1666666666666,-65.33333333333333,6.0,0.6666666666666666,ALT_HOLD,1500.0
17:19:15,0.009816920767965106,0.0003451475752929885,0.9900715152422587,0.5940980513890585,-0.0029396201328684888,-0.004929882939904928,-35.36239824999999,149.16690573333332,22272.833333333332,-11.5,9.166666666666666,160.5,5.833333333333333,16.166666666666668,-919.8333333333334,596.6666666666666,-0.16666666666666666,-2.3333333333333335,AUTO,1500.0
17:19:17,-0.04713876359164715,-0.0024534179712645708,0.9899655938148498,-0.442126439511776,-0.0054433543235063555,0.0003431983292102814,-35.36240344,149.16691,19639.2,10.0,-3.6,39.4,2.0,-12.833333333333334,-1110.3333333333333,-549.6666666666666,-2.6666666666666665,2.1666666666666665,AUTO,1500.0
17:19:19,-0.013189584390992033,-0.007318899700684207,0.990544251033238,-0.11535758312259402,-0.0021835879223155124,0.001004951390703874,-35.36240311428572,149.1669099142857,19696.0,22.857142857142858,-12.285714285714286,-20.285714285714285,-2.142857142857143,-2.7142857142857144,-999.5714285714286,-114.14285714285714,0.42857142857142855,3.0,AUTO,1500.0
17:19:21,0.006753756012767553,-0.005566295050084591,0.9906988382339478,0.29515405297279357,0.0005902183009311556,0.000296329241245985,-35.362401160000005,149.16690867999998,19995.4,7.2,-2.2,-4.6,-1.6,17.8,-990.6,298.0,2.8,2.4,AUTO,1500.0
17:19:23,0.006328088480846158,-0.006335266932312932,0.9908135192734855,0.15024697354861669,0.0020222751357193503,-0.0011764642715986287,-35.362400171428575,149.1669082,20113.571428571428,-1.7142857142857142,5.285714285714286,-16.857142857142858,-0.7142857142857143,7.571428571428571,-1020.0,151.85714285714286,4.571428571428571,1.2857142857142858,AUTO,1500.0
17:19:25,0.00019131909357383847,-0.0025825167540460825,0.9907234162092209,-0.09001635946333408,0.001009636151138693,0.0001748108770698309,-35.362399749999994,149.16690865,20797.5,-5.25,7.0,-31.75,0.0,1.8,-982.6,6.8,4.0,2.6,AUTO,1500.0
17:19:27,0.002072933809055636,-0.003378571360372007,0.9907173613707224,0.401667945086956,-0.00253161423218747,-0.0001263481487209598,-35.36240014999999,149.1669090833333,21043.833333333332,-4.166666666666667,3.8333333333333335,1.0,0.16666666666666666,14.333333333333334,-986.0,403.0,0.16666666666666666,2.0,BRAKE,1500.0
17:19:29,-0.003421085181928772,-0.004458525484161717,0.9905079688344683,0.07887678061212812,0.0005610170774161816,-0.0007324400856824857,-35.36240061428571,149.16690941428573,21052.85714285714,0.2857142857142857,1.0,-0.42857142857142855,0.2857142857142857,3.142857142857143,-1002.7142857142857,80.85714285714286,2.857142857142857,1.5714285714285714,BRAKE,1500.0
17:19:31,-0.011269230705996355,-0.002717651252169162,0.9908255438009897,0.01572197675704956,0.002356112003326416,-0.0010887760824213426,-35.362401483333336,149.16691018333333,21073.666666666668,2.1666666666666665,0.0,0.5,1.0,0.0,-988.1666666666666,17.5,4.333333333333333,0.8333333333333334,ALT_HOLD,1500.0
17:19:33,0.007447296171449125,0.0005100325506646186,0.9898222237825394,0.3665591925382614,-0.0017351440619677305,-0.007007520704064518,-35.3624033,149.16691129999998,20300.5,-8.25,4.0,129.75,3.0,8.0,-890.3333333333334,-132.0,1.0,-5.333333333333333,AUTO,1500.0
17:19:35,-0.023765953443944453,-0.004938624519854784,0.990230131149292,0.3295094110071659,-0.0037058374844491484,0.0011684913421049713,-35.36240754,149.16691426,17554.2,6.2,-2.2,22.8,1.6,20.6,-1066.6,332.4,-1.0,3.0,AUTO,1500.0
17:19:37,-0.0075840281788259745,-0.006473831133916974,0.9909668266773224,-0.13689271733164787,-0.001059421745594591,-0.0005567541811615229,-35.3624072,149.166914125,17733.0,15.25,-6.75,-19.75,-1.75,-7.0,-992.75,-137.5,1.25,1.25,AUTO,1500.0
17:19:39,-0.0011676976324192115,-0.005460770601140601,0.9907849686486381,0.1178478045122964,0.0002157449655766998,-0.0002740188501775265,-35.36240628571429,149.16691357142855,17977.428571428572,6.428571428571429,-0.8571428571428571,-4.142857142857143,-0.42857142857142855,6.571428571428571,-985.7142857142857,119.57142857142857,2.2857142857142856,1.5714285714285714,AUTO,1500.0
17:19:41,-0.004473230801522732,-0.006745094122985999,0.9906964004039764,0.08934898612399896,0.00047011958668008447,-0.000936179809893171,-35.362406033333336,149.1669135,18065.0,4.333333333333333,1.1666666666666667,-13.5,-0.5,3.5,-1016.0,90.16666666666667,2.3333333333333335,1.1666666666666667,AUTO,1500.0
17:19:43,-0.005133430706337094,-0.0035494135227054358,0.9907411336898804,-0.17221137881278992,0.0005894768207023541,-0.0011334163524831335,-35.3624055,149.1669137,18720.0,3.0,2.0,-26.333333333333332,-0.5,-2.0,-980.25,-57.0,3.5,0.75,AUTO,1500.0
17:19:45,-0.012075352668762206,-0.0047771880403161045,0.9905416131019592,-0.2825294002890587,-0.003497138828970492,-0.0007009257096797228,-35.3624056,149.16691394,18881.6,2.0,0.0,2.2,0.0,-4.4,-1006.0,-280.0,-1.0,1.2,AUTO,1500.0
17:19:50,-0.00341413845308125,-0.006813247222453356,0.9904417792956034,-0.10111975359419982,0.00229748662483568,-0.0007211382423217098,-35.36240526666667,149.166914,19127.333333333332,5.666666666666667,0.6666666666666666,-32.833333333333336,-1.6666666666666667,-5.666666666666667,-1019.8333333333334,-101.5,4.166666666666667,1.0,AUTO,1500.0
17:19:52,-0.00020338157385898134,-0.003398056219642361,0.9907980561256409,-0.03368544609596332,-0.0013672483619302511,-0.000797842318813006,-35.362404383333335,149.16691390000003,19807.166666666668,-0.8333333333333334,2.5,-16.833333333333332,-0.5,4.666666666666667,-972.3333333333334,-31.666666666666668,1.0,1.3333333333333333,AUTO,1500.0
17:19:54,0.001985680528118142,-0.007911162317863532,0.9905075771468026,0.024745564375604902,-0.0019025772011705808,-0.0010010797996073961,-35.362404157142855,149.1669138142857,19929.0,-1.0,4.142857142857143,-12.0,-0.8571428571428571,-1.4285714285714286,-1022.0,24.285714285714285,0.14285714285714285,0.5714285714285714,BRAKE,1500.0
17:19:56,0.013676646941651901,-0.005943549796938896,0.9904499451319376,0.06348726929475863,-0.0011185955372639,0.0012720493056500952,-35.36240283333334,149.16691320000004,20504.166666666668,-6.166666666666667,8.5,-24.333333333333332,-1.0,9.5,-980.1666666666666,65.66666666666667,1.1666666666666667,2.8333333333333335,BRAKE,1500.0
17:20:01,0.02027010452002287,0.0008804873796179891,0.9889706571896871,0.953893760840098,0.0043482903856784105,0.02474910703798135,-35.36240343333333,149.1669138,19748.0,-10.333333333333334,3.3333333333333335,164.0,1.3333333333333333,6.666666666666667,-928.3333333333334,949.3333333333334,6.333333333333333,26.0,AUTO,1500.0
17:20:04,0.046075145900249484,-0.008352621830999852,0.9903217315673828,-0.05494205951690674,0.0033616297878324986,0.0010100360726937653,-35.36240022,149.16691006000002,17279.0,-35.2,27.8,-17.6,-1.8,2.4,-1005.4,-51.6,5.2,2.4,AUTO,1500.0
17:20:06,0.023654077822963398,-0.0014681231987196952,0.9913250207901001,-0.07899358247717221,0.0010708247233803074,-0.0014861783711239696,-35.36240046666667,149.16691081666667,17625.0,-43.166666666666664,32.166666666666664,-6.833333333333333,1.6666666666666667,-11.166666666666666,-983.3333333333334,-76.33333333333333,2.8333333333333335,0.5,AUTO,1500.0
17:20:08,-0.004979174564747761,-0.0018021339007342856,0.9912436008453369,0.07727128267288208,-0.0001102862103531758,-0.0018949506532711287,-35.362402833333334,149.16691285000002,17664.166666666668,-25.5,19.166666666666668,-1.0,2.5,1.0,-1010.5,82.0,1.6666666666666667,-0.16666666666666666,AUTO,1500.0
17:20:10,-0.01867499528452754,-0.0020139473296391466,0.9908911387125651,-0.016125875369956095,0.0008054620314699908,-0.00015655732325588664,-35.36240488333333,149.1669148,18053.0,0.5,3.3333333333333335,-31.666666666666668,1.3333333333333333,-5.166666666666667,-1002.0,-12.666666666666666,2.5,1.5,AUTO,1500.0
17:20:12,-0.02040337740133206,-0.003622194519266486,0.9908070166905721,0.22802351911862692,-0.0037963809057449303,-6.116284445549051e-05,-35.36240593333333,149.16691583333335,18490.0,14.333333333333334,-8.166666666666666,-3.1666666666666665,0.8333333333333334,8.5,-989.3333333333334,231.66666666666666,-1.5,1.6666666666666667,AUTO,1500.0
17:20:14,-0.02034008347739776,-0.007793787323559324,0.9906964600086212,0.09817325021140277,0.000560150850409021,-0.0007861978374421597,-35.36240595,149.166916,18669.5,23.666666666666668,-10.666666666666666,-27.833333333333332,-0.5,2.8333333333333335,-1035.1666666666667,101.16666666666667,2.3333333333333335,0.8333333333333334,AUTO,1500.0
17:20:16,-0.022391284195085365,-0.003938612955001493,0.9895551105340322,-0.00935270388921102,0.0009437844079608718,-0.00030500872526317835,-35.36240536666667,149.1669163,19708.0,24.5,-10.0,-48.166666666666664,-0.16666666666666666,0.0,-971.6666666666666,-6.0,3.0,1.1666666666666667,AUTO,1500.0
17:20:18,-0.02386079030111432,-0.006850907113403082,0.9909525414307913,-0.2212580538665255,-0.003043873254985859,0.001271088238960753,-35.36240513333333,149.16691633333335,20079.333333333332,23.0,-11.333333333333334,2.3333333333333335,-0.5,-10.166666666666666,-996.1666666666666,-218.83333333333334,-0.8333333333333334,2.6666666666666665,AUTO,1500.0
17:20:20,-0.021368547963599365,-0.00970391851539413,0.9904829760392507,0.008744776248931885,0.0013941363625538845,-0.0026212749362457544,-35.36240471666667,149.1669162166667,20427.5,26.0,-7.666666666666667,-49.5,-0.5,-1.8333333333333333,-1036.3333333333333,10.0,2.8333333333333335,-0.6666666666666666,BRAKE,1500.0
